{
  "yahoofinance_api": {
    "state": "OPEN",
    "failure_count": 5,
    "success_count": 0,
    "last_state_change": 1742437096.590768,
    "last_failure_time": 1742437096.590768,
    "last_success_time": 0,
    "total_failures": 5,
    "total_successes": 0,
    "total_requests": 5,
    "failure_timestamps": [
      1742437088.0537028,
      1742437089.462527,
      1742437091.776683,
      1742437096.589198,
      1742437096.590768
    ],
    "consecutive_failures": 5
  }
}