TKR,NAME,CAP,PRC,TGT,UP%,#T,%B,%BA,#A,#TA,AM,A,EXR,B,52W,2H,PET,PEF,P/S,PEG,DV,SI,EG,PP,ROE,DE,FCF,ERN,SZ,BS,SIGNAL_TRACK,SIGNAL_HORIZON
9984.T,SOFTBANK GROUP,37.8T,6640.00,7749.71,16.7%,19,78%,78%,19,19,+1,A,13.0%,1.0,73,Y,7.1,22.5,1.5,1244.8,0.17%,--,--,45.97,32.0,130.2,-5.8%,12/31,12k,H,value,90
7203.T,TOYOTA MOTOR C,34.5T,2909.50,3698.63,27.1%,19.0,73%,73%,19.0,19.0,0,A,19.8%,0.3,73,N,8.3,9.0,0.4,--,3.42%,--,58.5,6.44,12.4,115.0,-10.4%,06/30,13.5k,H,value,90
TM,TOYOTA MOTOR C,34.4T,2907.00,3698.63,27.2%,19,73%,73%,19,19,0,A,19.9%,0.3,73,N,8.2,9.0,0.4,--,3.42%,--,58.5,--,12.4,115.0,-10.5%,06/30,13.5k,H,value,90
6857.T,ADVANTEST CORP,26.6T,36890.00,42685.71,15.7%,21.0,90%,90%,21.0,21.0,+3,A,14.1%,1.2,95,Y,71.3,155.2,4.5,1.5,0.18%,--,--,151.79,56.9,10.4,1.3%,07/29,12.5k,H,value,90
9983.T,FAST RETAILING,22.3T,72640.00,85717.65,18.0%,17.0,76%,76%,17.0,17.0,+2,A,13.7%,0.5,82,Y,46.6,53.1,2.2,2.5,0.90%,--,--,61.87,22.5,28.4,1.6%,11/30,12.5k,H,--,30
8411.T,MIZUHO FINANCI,21.0T,8683.00,9348.18,7.7%,11.0,72%,72%,11.0,11.0,0,A,5.5%,0.4,98,Y,15.5,25.8,1.7,1.6,1.69%,--,5.9,84.69,12.5,--,--,06/30,11k,H,value,90
8766.T,TOKIO MARINE H,14.7T,516.90,582.93,12.8%,12.0,75%,75%,12.0,12.0,-1,A,9.6%,--,92,Y,1.9,1.0,0.1,1.8,24.31%,--,--,65.94,--,9.3,--,06/30,11.5k,H,value,90
8031.T,"MITSUI & CO., ",13.9T,4900.00,6209.17,26.7%,13.0,53%,53%,13.0,13.0,-1,A,14.2%,0.4,73,N,16.8,16.7,0.6,2.2,2.84%,--,--,37.9,11.4,63.7,-5.3%,06/30,12.5k,H,value,90
2914.T,JAPAN TOBACCO ,12.1T,6818.00,7285.92,6.9%,13.0,69%,69%,13.0,13.0,+2,A,4.7%,0.1,94,Y,20.3,22.6,0.9,1.1,3.89%,--,--,47.79,14.3,37.9,2.1%,03/31,11k,H,value,90
OTP.BD,OTP BANK NYRT.,10.8T,42700.00,48514.23,13.6%,13.0,61%,61%,13.0,13.0,0,A,8.3%,0.7,90,Y,9.9,12.3,0.8,--,2.58%,--,-7.5,--,20.7,--,--,06/30,11.5k,H,value,90
6503.T,MITSUBISHI ELE,10.7T,5244.00,6813.33,29.9%,15.0,66%,66%,15.0,15.0,0,A,19.8%,0.8,78,N,26.4,31.8,1.2,2.6,1.15%,--,--,42.75,10.3,7.2,1.6%,06/30,13.5k,H,value,90
4519.T,CHUGAI PHARMAC,10.0T,6088.00,8870.00,45.7%,15.0,66%,66%,15.0,15.0,0,A,30.2%,0.5,57,N,21.3,25.8,0.9,1.7,2.12%,--,--,-6.65,23.5,--,3.3%,03/31,15k,H,value,90
7974.T,"NINTENDO CO., ",9.12T,7912.00,10248.85,29.5%,27.0,62%,62%,27.0,27.0,0,A,18.3%,--,54,N,21.7,23.2,1.5,2.1,2.76%,--,--,-37.95,--,--,--,06/30,13k,H,value,90
4502.T,TAKEDA PHARMAC,9.10T,5699.00,6622.06,16.2%,16.0,68%,68%,16.0,16.0,0,A,11.0%,0.1,94,Y,--,40.6,1.4,0.4,3.53%,--,1059.1,38.52,-2.3,73.2,6.0%,06/30,12k,H,value,90
5803.T,FUJIKURA LTD.,8.72T,5268.00,7351.67,39.6%,12.0,75%,75%,12.0,12.0,0,A,29.7%,0.8,66,Y,55.6,17.4,0.6,3.1,0.73%,--,--,122.97,39.0,18.1,--,06/30,15k,H,value,90
8053.T,SUMITOMO CORPO,8.26T,1747.50,2007.05,14.9%,10.0,60%,60%,10.0,10.0,-3,A,8.9%,0.6,90,Y,14.0,3.9,0.1,2.9,2.26%,--,--,69.54,13.6,102.0,4.6%,06/30,11.5k,H,value,90
5802.T,SUMITOMO ELECT,7.25T,2324.50,3447.27,48.3%,11.0,90%,90%,11.0,11.0,+1,A,43.5%,0.9,63,N,19.6,10.5,0.4,4.2,1.68%,--,--,129.67,15.8,25.2,--,06/30,15k,H,value,90
6178.T,JAPAN POST HOL,6.83T,2499.00,2681.25,7.3%,8.0,62%,62%,8.0,8.0,+1,A,4.5%,0.2,96,Y,19.3,20.1,1.3,--,2.36%,--,--,76.99,5.1,--,--,06/30,11k,H,value,90
8015.T,TOYOTA TSUSHO ,6.73T,7172.00,8578.75,19.6%,8,75%,75%,8,8,-1,A,14.7%,0.9,92,Y,20.4,20.4,0.8,--,1.73%,--,--,75.12,16.1,93.2,0.7%,06/30,12.5k,H,value,90
4062.T,"IBIDEN CO.,LTD",6.65T,11830.00,11911.76,0.7%,18.0,88%,88%,18.0,18.0,+3,A,0.6%,1.7,86,Y,55.1,38.3,1.1,--,0.18%,--,--,430.92,12.7,31.9,1.0%,06/30,10k,H,--,30
6723.T,RENESAS ELECTR,6.51T,3565.00,5188.46,45.5%,13.0,76%,76%,13.0,13.0,+1,A,34.6%,1.3,67,Y,19.2,12.7,0.4,--,0.81%,--,--,113.97,14.0,40.6,-1.1%,06/30,15k,H,value,90
6146.T,DISCO CORPORAT,6.45T,59480.00,81730.00,37.4%,21.0,76%,76%,21.0,21.0,+4,A,28.4%,1.0,65,N,47.7,43.7,1.3,1.6,0.95%,--,--,30.67,27.4,--,--,06/30,14.5k,H,value,90
8309.T,SUMITOMO MITSU,4.88T,1773.00,1781.08,0.5%,12.0,58%,58%,12.0,12.0,0,A,0.3%,0.3,97,Y,13.4,4.8,0.3,3.0,2.66%,--,76.7,75.48,10.8,--,--,06/30,10k,H,value,90
6273.T,SMC CORPORATIO,4.53T,72500.00,88153.84,21.6%,13.0,69%,69%,13.0,13.0,+1,A,14.9%,0.8,84,Y,27.5,22.1,0.8,--,1.39%,--,--,62.1,9.8,0.2,--,06/30,12.5k,H,value,90
8604.T,NOMURA HOLDING,4.51T,1544.50,1727.14,11.8%,7.0,57%,57%,7.0,7.0,-1,A,6.7%,0.6,91,Y,11.6,17.0,1.1,--,3.29%,--,58.1,50.03,11.2,945.6,--,06/30,11k,H,value,90
4901.T,FUJIFILM HOLDI,4.05T,3389.00,4004.62,18.2%,14.0,71%,71%,14.0,14.0,+1,A,12.9%,0.4,87,Y,14.8,11.3,0.4,--,2.24%,--,--,-4.26,7.1,28.4,-6.6%,06/30,12k,H,value,90
6920.T,LASERTEC CORPO,3.97T,44250.00,48650.00,9.9%,17,52%,52%,17,17,+2,A,5.2%,1.7,76,Y,51.2,40.5,1.2,2.3,1.03%,--,--,125.13,33.9,--,0.9%,09/30,11k,H,value,90
8801.T,MITSUI FUDOSAN,3.95T,1467.50,2061.67,40.5%,12.0,100%,100%,12.0,12.0,+1,A,40.5%,0.4,68,N,14.5,15.4,0.5,2.6,2.51%,--,--,-4.65,6.7,152.1,--,06/30,15k,H,value,90
MOL.BD,MOL MAGYAR OLA,3.93T,4974.00,4961.30,-0.3%,10,70%,70%,10,10,+5,A,-0.2%,0.1,91,Y,9.5,8.7,0.5,--,3.77%,--,158.0,--,9.9,24.0,11.7%,06/30,10k,H,value,90
9020.T,EAST JAPAN RAI,3.75T,3322.00,4020.83,21.0%,12,50%,50%,12,12,+1,A,10.5%,0.0,79,N,15.1,16.1,0.6,2.9,2.51%,--,--,-5.58,7.9,162.6,--,06/30,12k,H,value,90
5020.T,ENEOS HOLDINGS,3.62T,1362.50,1648.33,21.0%,7.0,85%,85%,7.0,7.0,-1,A,17.8%,0.3,88,Y,14.2,13.7,0.8,--,2.45%,--,--,51.17,19.5,57.8,-5.6%,06/30,13k,H,value,90
5401.T,NIPPON STEEL C,3.41T,652.30,732.22,12.3%,9.0,66%,66%,9.0,9.0,+1,A,8.1%,0.7,91,Y,198.9,1.2,0.1,--,3.66%,--,--,12.84,5.5,90.1,--,06/30,11.5k,H,value,90
6326.T,KUBOTA CORPORA,3.03T,2690.00,3277.27,21.8%,11.0,63%,63%,11.0,11.0,+1,A,13.8%,0.8,82,Y,11.4,13.7,0.5,1.2,1.88%,--,--,50.95,10.0,74.2,-0.5%,03/31,12.5k,H,value,90
9503.T,THE KANSAI ELE,2.97T,2665.00,2892.00,8.5%,5.0,60%,60%,5.0,5.0,+2,A,5.1%,0.2,87,Y,7.8,8.1,0.5,--,2.96%,--,--,28.75,12.5,121.1,--,06/30,11k,H,value,90
8830.T,SUMITOMO REALT,2.92T,3164.00,4662.31,47.4%,13,69%,69%,13,13,+1,A,32.7%,--,59,N,13.8,7.6,0.3,2.6,1.63%,--,--,0.46,9.4,156.0,--,06/30,15k,H,value,90
4004.T,RESONAC HOLDIN,2.91T,15330.00,20703.33,35.1%,12.0,83%,83%,12.0,12.0,0,A,29.1%,1.1,75,Y,52.5,61.5,2.7,--,0.43%,--,--,203.89,8.1,118.8,0.7%,03/31,15k,H,value,90
7735.T,SCREEN HOLDING,2.88T,15215.00,17537.50,15.3%,16,50%,50%,16,16,0,A,7.6%,1.5,77,Y,31.2,17.4,0.5,1.3,1.69%,--,--,129.52,18.9,1.2,1.6%,06/30,11.5k,H,value,90
7013.T,IHI CORPORATIO,2.82T,2660.00,3546.36,33.3%,11.0,72%,72%,11.0,11.0,+1,A,24.0%,0.9,57,N,17.5,4.6,0.2,1.4,0.85%,--,--,4.43,33.4,67.3,-0.0%,06/30,14k,H,value,90
4307.T,NOMURA RESEARC,2.80T,5002.00,6024.29,20.4%,14.0,92%,92%,14.0,14.0,+1,A,18.8%,0.3,77,Y,187.1,28.6,0.8,0.4,1.70%,--,--,-9.96,4.6,62.3,1.5%,06/30,13k,H,value,90
1398.HK,INDUSTRIAL AND,2.75T,7.71,8.38,8.7%,15,86%,86%,15,15,-2,A,7.5%,0.1,99,Y,6.5,6.1,0.4,1.1,4.81%,--,3.3,41.63,8.9,--,--,06/30,11k,H,value,90
9104.T,MITSUI O.S.K. ,2.43T,7059.00,7710.91,9.2%,11.0,63%,63%,11.0,11.0,0,A,5.8%,0.7,94,Y,11.4,12.5,0.5,--,2.89%,--,--,65.39,7.9,85.6,--,06/30,11k,H,value,90
2502.T,ASAHI GROUP HO,2.33T,1590.00,2055.80,29.3%,15.0,66%,66%,15.0,15.0,-1,A,19.3%,0.2,87,N,14.5,11.1,0.5,0.8,3.90%,--,--,-7.65,5.6,52.9,4.1%,03/31,13k,H,value,90
1812.T,KAJIMA CORPORA,2.25T,4872.00,7007.14,43.8%,7.0,100%,100%,7.0,7.0,0,A,43.8%,0.4,61,N,12.8,18.3,0.7,--,2.95%,--,--,18.62,--,58.9,--,06/30,15k,H,value,90
8795.T,"T&D HOLDINGS, ",2.24T,4727.00,5261.00,11.3%,10,50%,50%,10,10,0,A,5.6%,0.0,91,Y,16.9,19.1,1.3,--,3.36%,--,--,38.6,9.3,13.9,--,06/30,11k,H,value,90
1928.T,"SEKISUI HOUSE,",2.18T,3357.00,3844.44,14.5%,9.0,55%,55%,9.0,9.0,0,A,8.0%,0.3,88,N,8.5,8.9,0.4,--,4.34%,--,46.4,6.27,12.3,81.7,-9.0%,07/31,11.5k,H,value,90
9532.T,"OSAKA GAS CO.,",2.16T,5713.00,6558.33,14.8%,6.0,83%,83%,6.0,6.0,0,A,12.3%,-0.2,84,N,14.6,19.5,1.1,--,2.26%,--,--,39.01,7.9,42.4,--,06/30,12k,H,value,90
6361.T,EBARA CORPORAT,2.15T,4716.00,6256.67,32.7%,12.0,75%,75%,12.0,12.0,0,A,24.5%,1.2,68,N,27.4,30.8,1.1,--,1.40%,--,--,42.77,15.7,42.0,-3.6%,03/31,14k,H,value,90
BABA,ALIBABA GROUP ,2.12T,106.60,172.88,62.2%,29,93%,93%,29,29,0,A,57.8%,0.5,57,N,24.6,11.6,0.5,0.5,0.97%,--,-49.5,--,6.4,23.9,-3.9%,06/30,15k,H,value,90
7186.T,YOKOHAMA FINAN,2.12T,1906.50,2227.78,16.9%,9,66%,66%,9,9,0,A,11.1%,0.2,96,Y,20.3,25.7,1.7,--,2.50%,--,--,76.17,--,--,--,06/30,12k,H,value,90
9988.HK,ALIBABA GROUP ,2.12T,106.60,172.88,62.2%,29.0,93%,93%,29.0,29.0,0,A,57.8%,0.5,57,N,24.6,11.6,0.5,0.5,0.97%,--,-49.5,-39.71,6.4,23.9,-3.9%,06/30,15k,H,value,90
6504.T,FUJI ELECTRIC ,2.10T,14390.00,16555.56,15.0%,9,77%,77%,9,9,-1,A,11.6%,0.9,81,Y,21.7,23.7,0.9,--,1.53%,--,--,50.23,14.3,8.0,2.1%,06/30,12k,H,value,90
7012.T,KAWASAKI HEAVY,2.04T,2335.50,3614.29,54.8%,14.0,64%,64%,14.0,14.0,-1,A,35.0%,0.9,62,N,18.1,4.1,0.1,1.2,1.69%,--,--,26.34,14.4,92.9,-4.5%,06/30,15k,H,value,90
SPCX,SPACE EXPLORAT,1.99T,150.86,226.00,49.8%,37.0,87%,81%,45.0,37.0,+23,E,43.2%,--,67,Y,--,86.5,3.2,--,--,2.6%,-2.5,-6.27,--,31.2,--,06/30,15k,H,value,90
1801.T,TAISEI CORPORA,1.99T,12190.00,16228.57,33.1%,7.0,85%,85%,7.0,7.0,0,A,28.2%,0.5,59,N,11.9,25.6,0.9,--,3.08%,--,--,26.35,--,45.9,--,06/30,14.5k,H,value,90
6963.T,"ROHM CO., LTD.",1.97T,5097.00,5963.64,17.0%,11,54%,54%,11,11,+2,A,9.2%,0.8,84,Y,--,58.7,1.7,--,1.01%,--,22.5,133.27,--,51.6,--,06/30,11.5k,H,value,90
5831.T,SHIZUOKA FINAN,1.87T,3573.00,3935.71,10.2%,7.0,71%,71%,7.0,7.0,+1,A,7.2%,0.3,96,Y,21.3,28.6,1.9,--,2.97%,--,--,83.55,8.2,--,--,06/30,11k,H,value,90
3402.T,TORAY INDUSTRI,1.80T,1235.50,1430.91,15.8%,11,72%,72%,11,11,-1,A,11.4%,0.5,89,Y,23.0,18.3,0.8,--,1.82%,--,--,34.45,5.6,46.3,--,06/30,12k,H,value,90
0941.HK,CHINA MOBILE L,1.72T,79.45,95.23,19.9%,15.0,86%,86%,15.0,15.0,+1,A,17.1%,0.3,89,N,11.2,10.9,0.7,53.8,6.82%,--,--,0.44,9.3,6.9,6.2%,03/31,13k,H,value,90
BTC,BITCOIN USD,1.68T,83519.22,--,--,--,--,--,--,--,--,,--,--,66,Y,--,--,--,--,--,--,--,-29.01,--,--,--,--,10k,H,--,30
5333.T,NGK CORPORATIO,1.54T,5486.00,6987.14,27.4%,7.0,57%,57%,7.0,7.0,0,A,15.6%,0.6,69,Y,26.6,27.5,1.0,--,1.95%,--,--,128.55,9.2,28.3,--,06/30,12.5k,H,value,90
6479.T,MINEBEA MITSUM,1.52T,3795.00,4841.33,27.6%,15.0,66%,66%,15.0,15.0,-1,A,18.2%,1.0,72,Y,15.4,17.7,0.5,--,1.60%,--,--,41.49,--,52.1,--,06/30,13k,H,value,90
2801.T,KIKKOMAN CORPO,1.52T,1639.50,1889.17,15.2%,12,58%,58%,12,12,0,A,8.8%,0.0,88,Y,24.9,25.5,1.1,4.5,1.52%,--,--,35.95,12.1,10.6,--,06/30,11.5k,H,value,90
7202.T,ISUZU MOTORS L,1.43T,2077.00,2569.23,23.7%,13,61%,61%,13,13,+1,A,14.5%,0.4,71,N,10.8,8.2,0.3,--,4.45%,--,--,17.19,11.6,60.2,-9.8%,06/30,12.5k,H,value,90
7911.T,TOPPAN HOLDING,1.34T,2385.00,3175.00,33.1%,5,100%,100%,5,5,0,A,33.1%,0.5,80,N,10.5,8.9,0.3,--,1.23%,--,--,28.61,5.6,37.4,--,06/30,15k,H,value,90
6976.T,TAIYO YUDEN CO,1.32T,10165.00,14356.25,41.2%,16.0,50%,50%,16.0,16.0,+2,A,20.6%,1.6,42,Y,94.8,54.3,1.6,0.7,0.97%,--,--,209.73,5.3,40.3,--,06/30,13.5k,H,value,90
9602.T,"TOHO CO., LTD.",1.30T,1568.00,1724.55,10.0%,11,72%,72%,11,11,+2,A,7.2%,-0.1,78,Y,25.7,6.4,0.4,--,1.41%,--,--,-17.96,9.7,0.3,--,05/31,11k,H,value,90
9201.T,JAPAN AIRLINES,1.29T,3009.00,3230.00,7.3%,11.0,63%,63%,11.0,11.0,+1,A,4.6%,0.4,92,Y,9.8,12.1,0.5,--,3.13%,--,--,5.1,9.1,55.5,10.4%,06/30,11k,H,value,90
9202.T,ANA HOLDINGS I,1.28T,2973.50,3457.50,16.3%,12,50%,50%,12,12,+1,A,8.1%,0.5,87,N,9.3,6.1,0.2,3.9,2.00%,--,--,8.51,13.2,84.7,0.3%,06/30,11.5k,H,value,90
6645.T,OMRON CORPORAT,1.26T,6412.00,6950.00,8.4%,10.0,50%,50%,10.0,10.0,+1,A,4.2%,1.1,89,Y,36.9,23.7,0.7,0.9,1.62%,--,--,61.78,5.1,31.6,-5.1%,06/30,10.5k,H,value,90
6506.T,YASKAWA ELECTR,1.23T,4732.00,6288.12,32.9%,16.0,75%,75%,16.0,16.0,+1,A,24.7%,1.2,60,N,34.9,23.1,0.8,1.6,1.55%,--,--,56.42,7.5,24.5,0.1%,05/31,14k,H,--,30
3436.T,SUMCO CORPORAT,1.20T,3445.00,3886.25,12.8%,16.0,50%,50%,16.0,16.0,0,A,6.4%,1.1,58,Y,--,70.0,2.0,--,0.60%,--,--,128.46,-4.1,57.3,1.1%,03/31,11k,H,value,90
2413.T,"M3, INC.",1.18T,1776.50,1990.00,12.0%,12,50%,50%,12,12,-4,A,6.0%,0.5,65,Y,24.5,24.8,0.8,--,1.25%,--,--,-20.58,12.0,8.5,--,06/30,11k,H,value,90
6841.T,YOKOGAWA ELECT,1.17T,4717.00,6003.75,27.3%,8,50%,50%,8,8,0,A,13.6%,--,75,N,20.7,21.8,0.8,--,1.96%,--,--,13.25,--,4.7,--,06/30,12.5k,H,value,90
6305.T,HITACHI CONSTR,1.17T,5602.00,6201.25,10.7%,8,50%,50%,8,8,+1,A,5.3%,0.9,78,Y,16.3,13.0,0.5,1.0,3.39%,--,--,25.96,10.9,58.4,7.4%,06/30,11k,H,value,90
3099.T,ISETAN MITSUKO,1.14T,1639.00,1974.44,20.5%,9.0,55%,55%,9.0,9.0,+1,A,11.3%,0.1,78,Y,7.7,10.2,0.4,--,3.70%,--,--,26.09,--,12.1,--,06/30,12k,H,value,90
2269.T,MEIJI HOLDINGS,1.12T,4120.00,4655.00,13.0%,10,60%,60%,10,10,+2,A,7.8%,0.1,89,Y,31.9,19.7,0.8,1.0,2.65%,--,--,38.87,5.5,16.9,-2.7%,06/30,11.5k,H,value,90
5101.T,THE YOKOHAMA R,1.12T,7085.00,8689.09,22.6%,11,63%,63%,11,11,+1,A,14.3%,0.6,85,Y,7.8,13.6,0.6,--,3.13%,--,--,33.09,14.3,54.3,-0.7%,03/31,12.5k,H,value,90
4021.T,NISSAN CHEMICA,1.12T,8429.00,9133.33,8.4%,9.0,55%,55%,9.0,9.0,0,A,4.6%,0.5,97,Y,22.9,26.1,1.1,--,2.54%,--,--,63.66,21.8,17.4,3.3%,06/30,11k,H,value,90
5332.T,TOTO LTD.,975B,5931.00,7852.50,32.4%,8,62%,62%,8,8,0,A,20.1%,1.0,62,N,24.4,24.3,0.9,--,2.03%,--,--,56.71,7.4,4.5,--,06/30,13.5k,H,value,90
1088.HK,CHINA SHENHUA ,962B,44.36,50.11,13.0%,12.0,58%,58%,12.0,12.0,0,A,7.5%,0.4,89,Y,14.1,13.4,0.8,--,5.24%,--,42.2,26.11,12.7,29.2,1.9%,06/30,11.5k,H,value,90
4005.T,SUMITOMO CHEMI,957B,579.50,655.56,13.1%,10,50%,50%,10,10,-1,A,6.6%,0.5,91,Y,15.6,14.9,0.7,--,2.76%,--,--,28.4,13.2,80.2,10.1%,06/30,11k,H,value,90
2899.HK,ZIJIN MINING G,857B,32.24,51.29,59.1%,14.0,100%,100%,14.0,14.0,-1,A,59.1%,1.0,69,N,11.1,8.5,0.4,--,2.86%,--,45.5,1.76,36.6,60.3,7.3%,06/30,15k,H,value,90
WMT,WALMART INC.,827B,103.92,126.78,22.0%,43.0,96%,86%,23.0,43.0,0,E,21.0%,0.6,77,N,37.7,32.2,1.4,4.2,0.93%,1.8%,3.6,--,22.3,71.7,0.9%,07/31,13.5k,H,value,90
6113.T,"AMADA CO., LTD",793B,2594.50,3198.57,23.3%,8,62%,62%,8,8,0,A,14.4%,0.8,80,Y,26.3,20.2,0.8,--,2.51%,--,--,48.31,--,14.9,--,06/30,12.5k,H,value,90
1299.HK,AIA GROUP LIMI,758B,73.60,102.80,39.7%,20,95%,95%,20,20,-1,A,37.7%,0.6,80,N,12.3,10.8,0.7,--,2.69%,--,--,1.01,19.6,52.0,0.6%,08/19,15k,H,value,90
3328.HK,BANK OF COMMUN,738B,8.36,8.44,1.0%,16.0,68%,68%,16.0,16.0,+1,A,0.6%,0.1,100,Y,7.1,6.5,0.4,1.5,4.39%,--,5.2,35.32,7.6,--,--,06/30,10k,H,value,90
4506.T,SUMITOMO PHARM,730B,1629.00,2114.29,29.8%,7.0,57%,57%,7.0,7.0,+1,A,17.0%,0.5,50,N,6.1,95.1,3.2,--,--,--,--,-7.02,38.5,39.3,11.0%,06/30,13k,H,value,90
1808.T,HASEKO CORPORA,700B,2645.50,3322.50,25.6%,8,62%,62%,8,8,0,A,15.9%,0.3,75,N,12.9,12.4,0.5,--,3.80%,--,--,11.05,11.6,73.3,--,06/30,12.5k,H,value,90
0300.HK,MIDEA GROUP CO,700B,91.80,113.17,23.3%,11.0,81%,81%,11.0,11.0,-1,A,18.9%,0.5,90,Y,13.4,11.7,0.5,2.0,5.35%,--,1.3,18.15,19.5,37.0,18.4%,06/30,13k,H,value,90
1211.HK,BYD COMPANY LI,689B,75.60,124.33,64.5%,28,82%,82%,28,28,-2,A,52.9%,0.3,66,N,20.6,11.7,0.5,0.8,0.54%,--,29.7,-31.07,11.6,46.1,-14.0%,06/30,15k,H,value,90
XOM,EXXONMOBIL HOL,669B,162.75,173.09,6.4%,25.0,56%,40%,9.0,25.0,-1,E,3.5%,0.2,92,Y,20.9,14.4,0.8,1.4,2.55%,1.1%,92.4,--,12.6,15.9,3.1%,06/30,10.5k,H,value,90
1658.HK,POSTAL SAVINGS,665B,5.54,6.01,8.4%,15,73%,73%,15,15,+1,A,6.1%,0.4,96,Y,6.8,6.4,0.4,--,4.79%,--,--,6.65,7.7,--,--,12/31,11k,H,value,90
VOLV-B.ST,AB VOLVO (PUBL,655B,322.60,357.60,10.8%,22.0,50%,50%,22.0,22.0,+1,A,5.4%,1.0,86,N,18.3,13.0,0.5,1.0,2.62%,--,37.5,--,20.9,147.3,3.7%,06/30,11k,H,value,90
2359.HK,WUXI APPTEC CO,653B,215.20,219.39,1.9%,24.0,100%,100%,24.0,24.0,+2,A,1.9%,0.5,99,Y,25.0,20.7,0.7,--,0.55%,--,31.5,84.22,28.4,18.0,1.5%,06/30,10.5k,H,--,30
1810.HK,XIAOMI CORPORA,650B,25.24,36.17,43.3%,32.0,75%,75%,32.0,32.0,+1,A,32.5%,0.7,45,N,17.8,16.4,0.5,2.7,--,--,-20.5,-53.26,12.6,16.4,-1.3%,06/30,15k,H,value,90
8253.T,CREDIT SAISON ,641B,4467.00,5451.25,22.0%,8.0,62%,62%,8.0,8.0,-1,A,13.7%,0.5,90,Y,10.5,13.3,0.9,--,3.54%,--,--,20.38,9.3,466.6,--,06/30,12.5k,H,value,90
4751.T,"CYBERAGENT, IN",615B,1213.00,1808.12,49.1%,16.0,81%,81%,16.0,16.0,0,A,39.7%,0.6,70,N,15.1,23.7,1.6,1.1,1.62%,--,--,-28.71,20.3,32.5,--,12/31,15k,H,value,90
9007.T,ODAKYU ELECTRI,586B,1715.50,1866.67,8.8%,6.0,50%,50%,6.0,6.0,0,A,4.4%,0.2,92,Y,15.8,15.4,0.6,--,3.49%,--,--,6.35,7.1,133.9,--,06/30,10.5k,H,value,90
4385.T,"MERCARI, INC.",582B,3567.00,5067.69,42.1%,13.0,53%,53%,13.0,13.0,-1,A,22.3%,1.1,70,N,17.1,35.4,1.5,1.9,--,--,--,63.32,29.9,199.6,-22.6%,09/30,13.5k,H,value,90
2388.HK,BOC HONG KONG ,552B,52.25,53.56,2.5%,14.0,64%,64%,14.0,14.0,+1,A,1.6%,0.3,97,Y,13.4,12.0,0.8,2.8,4.62%,--,--,50.61,11.9,--,--,03/31,10.5k,H,value,90
6674.T,GS YUASA CORPO,547B,5459.00,7000.00,28.2%,9.0,88%,88%,9.0,9.0,0,A,24.8%,--,69,Y,13.1,19.3,0.8,--,1.80%,--,--,59.7,12.0,30.9,--,06/30,14k,H,value,90
5631.T,THE JAPAN STEE,533B,7253.00,11158.33,53.8%,6,100%,100%,6,6,+1,A,53.8%,0.7,68,N,27.8,26.1,1.0,--,1.26%,--,--,-14.84,10.2,39.9,--,06/30,15k,H,value,90
0386.HK,CHINA PETROLEU,533B,4.42,5.05,14.3%,14,64%,64%,14,14,0,A,9.1%,0.7,78,N,13.0,9.0,0.5,0.7,5.53%,--,--,15.65,4.1,56.5,1.4%,08/23,11.5k,H,value,90
0981.HK,SEMICONDUCTOR ,519B,60.65,96.00,58.3%,23.0,78%,78%,23.0,23.0,+1,A,45.5%,0.4,65,N,59.5,33.8,1.0,1.2,--,--,--,-23.76,4.2,37.0,-0.8%,06/30,15k,H,value,90
8252.T,MARUI GROUP CO,483B,2778.00,3375.00,21.5%,8,62%,62%,8,8,-1,A,13.3%,0.1,85,N,17.6,17.6,1.2,--,4.80%,--,--,-6.75,12.4,340.7,--,06/30,12k,H,value,90
PLTR,PALANTIR TECHN,449B,187.05,195.57,4.6%,31.0,94%,64%,16.0,31.0,0,E,4.3%,1.6,90,Y,158.5,80.5,2.3,1.8,--,2.8%,123.3,1.14,38.1,2.1,0.5%,06/30,10.5k,H,value,90
3690.HK,MEITUAN,442B,71.70,110.47,54.1%,37,83%,83%,37,37,+3,A,44.9%,0.2,66,N,--,14.8,0.6,28.7,--,--,--,-31.39,-21.8,56.6,-5.4%,03/31,15k,H,value,90
ORCL,ORACLE CORPORA,416B,137.30,237.97,73.3%,43,79%,81%,19,43,-2,E,57.9%,1.7,43,N,21.5,12.5,0.4,0.8,1.45%,2.7%,-22.4,--,41.2,251.7,-11.0%,08/31,15k,H,value,90
2475.HK,LUXSHARE PRECI,414B,53.55,85.69,60.0%,5,100%,100%,5,5,+1,A,60.0%,1.2,81,N,19.1,11.7,0.3,0.6,0.47%,--,16.2,-13.85,19.0,127.4,-4.2%,06/30,15k,H,value,90
0728.HK,CHINA TELECOM ,411B,4.50,5.69,26.6%,15.0,73%,73%,15.0,15.0,0,A,19.4%,0.5,74,N,12.1,11.4,0.8,3.5,6.44%,--,--,-10.25,6.2,12.6,9.2%,03/31,13k,H,value,90
COST,COSTCO WHOLESA,403B,910.34,1057.94,16.2%,39.0,65%,61%,23.0,39.0,+2,E,10.6%,0.9,83,N,43.8,36.4,1.5,4.4,0.64%,1.7%,-16.0,--,28.4,24.0,1.8%,05/31,12k,H,value,90
CVX,CHEVRON CORPOR,400B,204.21,224.33,9.9%,25.0,54%,80%,13.0,25.0,+2,E,5.3%,0.5,94,Y,19.7,15.0,0.9,0.9,3.48%,1.1%,241.1,--,12.2,19.0,5.5%,06/30,11k,H,value,90
6030.HK,CITIC SECURITI,381B,24.40,34.40,41.0%,10,80%,80%,10,10,+1,A,32.8%,0.7,75,N,8.0,7.2,0.5,--,3.23%,--,83.0,-18.4,12.2,238.5,--,06/30,15k,H,value,90
CAT,CATERPILLAR IN,372B,810.79,975.61,20.3%,28.0,53%,53%,28.0,28.0,0,A,10.8%,1.6,76,Y,34.9,25.0,0.9,1.4,0.79%,2.0%,56.2,--,57.0,232.8,1.4%,06/30,12k,H,value,90
0019.HK,SWIRE PACIFIC ,372B,102.80,106.91,4.0%,8.0,50%,50%,8.0,8.0,-1,A,2.0%,0.5,95,Y,15.6,10.5,0.4,0.3,3.89%,--,--,62.73,3.2,29.4,2.1%,08/06,10.5k,H,value,90
5214.T,NIPPON ELECTRI,366B,5027.00,5396.67,7.4%,6.0,50%,50%,6.0,6.0,0,A,3.7%,0.4,60,N,14.7,26.5,0.8,--,3.22%,--,--,6.64,5.5,15.7,0.5%,03/31,10.5k,H,value,90
6809.HK,MONTAGE TECHNO,350B,287.40,469.80,63.5%,7.0,100%,100%,7.0,7.0,+1,A,63.5%,1.6,53,Y,94.2,49.2,1.4,--,0.23%,--,81.5,64.55,17.7,0.7,0.4%,06/30,15k,H,value,90
DELL,DELL TECHNOLOG,342B,537.95,579.36,7.7%,29,64%,68%,25,29,+1,E,4.9%,1.4,90,Y,31.3,18.5,0.5,0.6,0.47%,4.7%,167.0,--,--,--,1.8%,07/31,11k,H,value,90
1332.T,NISSUI CORPORA,337B,1114.50,1544.29,38.6%,7,71%,71%,7,7,0,A,27.4%,0.1,71,N,12.4,12.5,0.5,--,2.86%,--,--,10.64,10.3,95.2,--,06/30,14.5k,H,value,90
4208.T,UBE CORPORATIO,328B,3380.00,3400.00,0.6%,4.0,50%,50%,4.0,4.0,0,A,0.3%,0.5,91,Y,13.7,9.8,0.4,--,4.71%,--,--,57.75,5.6,72.8,-8.9%,06/30,10k,H,value,90
GE,GE AEROSPACE,324B,312.29,397.29,27.2%,22.0,100%,81%,11.0,22.0,-1,E,27.2%,1.4,80,N,36.8,34.4,1.3,4.1,0.59%,1.5%,10.8,--,48.2,113.2,2.0%,06/30,14.5k,H,value,90
PANW,PALO ALTO NETW,324B,397.31,396.12,-0.3%,55.0,89%,76%,35.0,55.0,-2,E,-0.3%,0.9,98,Y,1018.7,81.4,2.4,2.0,--,2.7%,-184.4,--,1.7,9.3,1.3%,07/31,10k,H,--,30
3993.HK,CMOC GROUP LIM,323B,15.14,25.28,67.0%,14.0,100%,100%,14.0,14.0,-1,A,67.0%,1.2,60,N,10.0,8.1,0.4,--,2.88%,--,--,-1.14,33.0,42.5,5.7%,03/31,15k,H,value,90
0016.HK,SUN HUNG KAI P,314B,108.50,142.99,31.8%,13.0,76%,76%,13.0,13.0,0,A,24.2%,0.8,73,N,14.7,12.3,0.4,1.2,3.60%,--,--,20.7,3.5,15.3,--,09/10,14k,H,value,90
2513.HK,"Z.AI CO., LTD.",312B,641.00,1566.62,144.4%,24,79%,79%,24,24,+6,A,114.1%,--,22,N,--,-59.2,--,--,--,--,--,387.45,--,58.8,-4.0%,--,15k,H,value,90
ARM,ARM HOLDINGS P,309B,289.66,288.70,-0.3%,43,85%,67%,13,43,+2,E,-0.3%,3.9,64,Y,298.6,94.8,2.7,2.7,--,10.7%,13.4,--,13.4,5.6,0.4%,06/30,10k,H,--,30
DANSKE.CO,DANSKE BANK A/,301B,373.70,396.75,6.2%,16,62%,62%,16,16,0,A,3.8%,0.6,97,Y,12.9,11.4,0.8,6.6,4.45%,--,12.3,--,14.0,--,--,06/30,10.5k,H,value,90
PM,PHILIP MORRIS ,297B,190.82,208.13,9.1%,16.0,71%,75%,7.0,16.0,+1,E,6.5%,0.4,92,Y,26.2,20.8,0.9,2.3,3.30%,0.9%,-4.3,--,--,--,3.3%,06/30,11k,H,value,90
MS,MORGAN STANLEY,295B,188.08,234.62,24.7%,25.0,50%,44%,18.0,25.0,+1,E,12.4%,1.2,81,N,15.2,13.8,0.9,1.8,2.39%,--,21.1,--,18.0,517.3,--,06/30,12k,H,value,90
9618.HK,"JD.COM, INC.",284B,104.30,151.63,45.4%,21,85%,85%,21,21,-1,A,38.6%,0.3,73,N,17.7,6.4,0.3,0.5,3.75%,--,35.1,-24.36,6.8,37.3,5.7%,06/30,15k,H,value,90
HD,THE HOME DEPOT,283B,284.49,377.19,32.6%,36.0,58%,58%,12.0,36.0,0,E,19.0%,1.0,70,N,20.0,17.8,0.8,2.5,3.24%,1.2%,32.4,--,104.3,380.3,3.8%,07/31,13k,H,value,90
DSV.CO,DSV A/S,278B,1168.00,1949.50,66.9%,20,95%,95%,20,20,0,A,63.6%,1.0,61,N,38.8,14.1,0.5,0.6,0.58%,--,-2.3,--,6.3,75.8,5.1%,06/30,15k,H,value,90
ROP.SW,ROCHE HOLDING ,278B,349.10,375.34,7.5%,19,52%,52%,19,19,+1,A,3.9%,0.3,93,Y,22.8,15.9,0.5,1.7,2.81%,--,--,--,38.1,90.7,3.7%,07/21,10.5k,H,value,90
RY,ROYAL BANK OF ,272B,196.59,207.64,5.6%,15,60%,60%,15,15,-1,A,3.4%,0.9,90,Y,17.5,15.6,1.0,2.3,2.54%,--,10.9,35.28,16.2,--,--,07/31,10.5k,H,value,90
CRWD,CROWDSTRIKE HO,271B,264.75,235.67,-11.0%,53.0,80%,75%,56.0,53.0,-1,E,-8.8%,1.3,98,Y,8825.0,164.9,4.8,8.4,--,2.8%,115.6,--,1.5,16.0,0.7%,07/31,10k,H,value,90
2611.HK,GUOTAI HAITONG,265B,15.05,20.42,35.7%,6.0,100%,100%,6.0,6.0,+1,A,35.7%,0.2,81,N,7.3,6.5,0.4,--,4.96%,--,296.9,-1.29,9.3,288.6,--,06/30,15k,H,value,90
TXN,TEXAS INSTRUME,255B,280.09,324.71,15.9%,36,56%,55%,18,36,+3,E,8.9%,1.3,84,Y,42.5,26.3,0.8,1.0,2.16%,2.4%,45.2,--,35.2,78.0,1.4%,06/30,11.5k,H,value,90
KLAC,KLA CORPORATIO,254B,194.93,233.77,19.9%,29.0,65%,65%,17.0,29.0,+1,E,12.9%,1.4,63,Y,53.3,29.1,0.8,1.8,0.47%,2.0%,21.6,--,87.5,96.9,1.0%,06/30,12k,H,value,90
GEV,GE VERNOVA INC,253B,950.49,1230.34,29.4%,37.0,80%,81%,10.0,37.0,0,E,23.6%,1.0,79,Y,27.3,37.8,1.4,1.9,0.21%,3.3%,47.8,--,82.6,28.4,6.2%,06/30,14k,H,value,90
2338.HK,WEICHAI POWER ,248B,28.72,47.21,64.4%,15.0,86%,86%,15.0,15.0,-1,A,55.4%,1.6,63,N,16.4,10.3,0.4,--,4.16%,--,57.4,112.83,12.7,46.0,13.7%,06/30,15k,H,value,90
1339.HK,THE PEOPLE'S I,248B,5.61,7.38,31.5%,12.0,75%,75%,12.0,12.0,0,A,23.6%,0.6,74,N,3.9,4.2,0.3,--,4.56%,--,--,-13.59,18.0,40.1,-17.0%,09/30,14k,H,value,90
1347.HK,HUA HONG GRACE,246B,105.40,144.00,36.6%,20.0,50%,50%,20.0,20.0,-2,A,18.3%,1.5,48,N,421.6,73.7,2.1,0.5,--,--,--,31.75,-0.4,43.3,-0.6%,06/30,13k,H,value,90
MRVL,MARVELL TECHNO,237B,264.21,290.97,10.1%,46.0,73%,89%,22.0,46.0,+3,E,7.4%,2.3,80,Y,87.2,39.0,1.1,1.4,0.09%,4.2%,-83.8,--,16.5,28.5,1.0%,07/31,11k,H,value,90
0669.HK,TECHTRONIC IND,235B,129.00,160.18,24.2%,16.0,100%,100%,16.0,16.0,-2,A,24.2%,1.7,86,Y,23.0,17.8,0.7,--,2.33%,--,--,32.44,18.6,21.1,0.5%,08/04,14k,H,value,90
9888.HK,"BAIDU, INC.",233B,85.80,150.49,75.4%,16.0,93%,93%,16.0,16.0,-3,A,70.1%,0.6,53,N,--,11.5,0.8,0.8,--,--,120.6,-35.59,-1.4,38.3,-0.9%,06/30,15k,H,value,90
2714.HK,MUYUAN FOODS G,218B,37.84,49.63,31.2%,7.0,100%,100%,7.0,7.0,+2,A,31.2%,0.4,75,Y,--,8.3,0.3,--,1.29%,--,-180.5,-5.44,-1.3,96.4,1.1%,06/30,15k,H,value,90
LIN,LINDE PLC,218B,474.65,542.60,14.3%,28.0,100%,78%,8.0,28.0,0,E,14.3%,0.7,87,N,30.7,24.3,1.1,1.8,1.35%,1.3%,-0.1,--,18.4,68.9,1.9%,06/30,12.5k,H,value,90
1109.HK,CHINA RESOURCE,217B,30.56,41.85,36.9%,20.0,100%,100%,20.0,20.0,-1,A,36.9%,0.7,77,N,8.0,8.1,0.3,1.0,4.39%,--,--,4.48,7.6,77.5,10.5%,08/31,15k,H,value,90
C,CITIGROUP INC.,217B,129.48,154.90,19.6%,22,50%,77%,10,22,0,E,9.8%,1.1,88,Y,14.0,10.0,0.7,0.6,2.05%,0.0%,55.4,--,8.5,--,--,06/30,11.5k,H,value,90
SAP,SAP SE,214B,185.66,209.81,13.0%,28.0,85%,85%,28.0,28.0,+1,A,11.1%,0.8,76,Y,27.8,22.2,0.6,1.6,1.35%,--,8.8,-21.44,18.3,22.0,4.2%,06/30,12k,H,value,90
1378.HK,CHINA HONGQIAO,211B,21.54,35.35,64.1%,18.0,94%,94%,18.0,18.0,+2,A,60.3%,0.9,52,N,6.9,5.6,0.2,--,7.66%,--,--,-13.87,22.9,47.1,10.1%,08/21,15k,H,value,90
IBM,INTERNATIONAL ,207B,219.93,240.59,9.4%,24.0,60%,50%,20.0,24.0,-3,E,5.6%,0.7,66,N,19.5,16.7,0.5,2.2,3.07%,2.7%,24.2,--,34.5,189.0,5.8%,06/30,11k,H,value,90
SHEL,SHELL PLC,203B,3569.50,3921.16,9.9%,18.0,50%,50%,18.0,18.0,+1,A,4.9%,-0.2,95,Y,10.4,9.5,0.6,1.6,3.22%,--,103.3,--,14.3,40.2,10.5%,06/30,11k,H,value,90
SHEL.L,SHELL PLC,203B,3569.50,3921.52,9.9%,18,50%,50%,18,18,+1,A,4.9%,-0.2,95,Y,10.4,9.5,0.6,1.6,3.22%,--,103.3,--,14.3,40.2,10.5%,06/30,11k,H,value,90
OR.PA,L'ORÉAL S.A.,202B,379.45,417.96,10.1%,24,62%,62%,24,24,0,A,6.3%,0.9,94,Y,32.2,25.5,1.1,2.4,1.89%,--,--,--,19.4,49.3,3.2%,04/15,11k,H,value,90
EMIRATESNBD.AE,EMIRATES NBD B,197B,31.22,34.15,9.4%,17,70%,70%,17,17,+1,A,6.6%,0.4,83,Y,8.3,7.2,0.5,--,3.14%,--,1.8,--,16.7,--,--,06/30,11k,H,value,90
NSIS-B.CO,NOVOZYMES A/S,195B,419.50,499.27,19.0%,15.0,80%,80%,15.0,15.0,-2,A,15.2%,0.6,90,Y,41.3,23.5,1.0,2.0,1.58%,--,25.5,--,5.8,27.5,0.4%,06/30,12.5k,H,value,90
9961.HK,TRIP.COM GROUP,194B,308.20,470.72,52.7%,20,95%,95%,20,20,0,A,50.1%,-0.1,50,N,7.6,9.5,0.4,--,--,--,-112.4,-48.29,15.6,16.8,--,06/30,15k,H,value,90
VWS.CO,VESTAS WIND SY,191B,196.15,217.47,10.9%,25,56%,56%,25,25,+1,A,6.1%,1.0,89,Y,23.9,15.9,0.6,0.5,0.38%,--,-7.3,--,30.9,89.2,0.3%,06/30,11k,H,value,90
TD,THE TORONTO-DO,191B,117.53,119.55,1.7%,14,64%,64%,14,14,-1,A,1.1%,0.9,94,Y,17.8,14.9,1.0,--,2.75%,--,40.7,48.24,12.8,--,--,07/31,10k,H,value,90
GILD,GILEAD SCIENCE,184B,149.05,158.65,6.4%,27,67%,77%,12,27,-1,E,4.3%,0.3,95,Y,--,15.1,0.5,2.3,2.20%,1.5%,-443.9,--,-20.7,223.5,5.3%,06/30,10.5k,H,value,90
DE,DEERE & COMPAN,181B,671.55,691.83,3.0%,25.0,64%,64%,14.0,25.0,+3,E,1.9%,0.9,93,Y,37.8,29.4,1.1,1.6,0.95%,2.1%,29.5,--,18.2,230.3,2.5%,07/31,10.5k,H,value,90
ORSTED.CO,ØRSTED A/S,178B,135.35,172.30,27.3%,25.0,56%,56%,25.0,25.0,+3,A,15.3%,0.6,79,N,--,14.4,0.8,0.5,--,--,-83.3,--,-1.4,66.6,-11.6%,06/30,12.5k,H,value,90
PEP,"PEPSICO, INC.",173B,126.72,150.00,18.4%,24,24%,20%,17,24,-3,E,4.3%,0.4,74,N,16.6,14.2,0.6,1.4,4.60%,2.1%,14.5,--,51.5,238.9,4.5%,06/30,10.5k,H,--,30
ABT,ABBOTT LABORAT,171B,98.83,120.26,21.7%,27,100%,81%,16,27,+1,E,21.7%,0.6,73,N,32.0,16.3,0.5,1.9,2.50%,1.3%,-39.5,--,10.6,63.2,4.2%,06/30,13.5k,H,value,90
BLK,"BLACKROCK, INC",171B,1058.29,1322.75,25.0%,17,100%,94%,15,17,+2,E,25.0%,1.4,87,N,25.3,16.5,1.1,0.9,2.15%,1.3%,44.7,--,12.3,23.2,4.4%,06/30,14k,H,value,90
PKN.WA,ORLEN S.A.,169B,146.06,154.03,5.5%,10,50%,50%,10,10,+1,A,2.7%,0.4,89,Y,13.4,12.9,0.8,--,5.46%,--,259.7,--,8.7,27.3,-6.0%,06/30,10.5k,H,value,90
T,AT&T INC.,167B,24.40,29.05,19.1%,26.0,62%,61%,13.0,26.0,0,E,11.7%,0.4,83,N,8.1,9.5,0.6,1.5,4.53%,1.9%,-50.0,--,18.3,129.1,6.1%,06/30,12k,H,value,90
TTE.PA,TOTALENERGIES ,167B,75.70,86.89,14.8%,14,71%,71%,14,14,-4,A,10.5%,0.1,93,Y,10.8,8.2,0.5,0.8,4.61%,--,47.7,--,14.5,48.0,8.1%,06/30,12k,H,value,90
0762.HK,CHINA UNICOM (,166B,5.46,7.98,46.2%,13,69%,69%,13,13,+1,A,31.9%,0.5,55,N,8.9,7.7,0.5,--,8.52%,--,--,-37.21,4.2,8.3,16.5%,03/31,15k,H,value,90
1113.HK,CK ASSET HOLDI,163B,46.74,53.00,13.4%,10,60%,60%,10,10,-1,A,8.0%,0.6,89,Y,12.4,12.2,0.4,0.8,3.85%,--,--,28.58,3.1,11.8,14.7%,08/13,11.5k,H,value,90
MCD,MCDONALD'S COR,163B,230.94,298.07,29.1%,34,61%,55%,31,34,0,E,17.8%,0.4,68,N,18.8,16.7,0.7,2.1,3.30%,1.9%,3.7,--,--,--,3.8%,06/30,13k,H,value,90
NEE,NEXTERA ENERGY,157B,75.74,98.74,30.4%,21.0,67%,66%,6.0,21.0,0,E,20.2%,0.6,77,N,17.0,17.2,1.0,1.6,3.28%,--,29.0,--,11.7,161.7,-11.2%,06/30,13.5k,H,value,90
0788.HK,CHINA TOWER CO,157B,8.99,11.53,28.2%,10.0,60%,60%,10.0,10.0,+1,A,16.9%,0.4,70,N,10.1,8.7,0.6,--,4.91%,--,--,-16.93,6.6,49.3,4.1%,03/31,13k,H,value,90
0175.HK,GEELY AUTOMOBI,156B,14.55,28.23,94.0%,28.0,96%,96%,28.0,28.0,-2,A,90.3%,0.5,57,N,8.0,5.3,0.2,0.6,3.44%,--,--,-23.61,17.4,13.5,13.1%,03/31,15k,H,value,90
1816.HK,"CGN POWER CO.,",155B,3.08,3.51,13.8%,14,71%,71%,14,14,0,A,9.8%,0.1,82,N,14.0,11.7,0.7,1.1,3.19%,--,--,10.06,8.4,186.0,-6.0%,09/30,11.5k,H,value,90
SOBI.ST,SWEDISH ORPHAN,153B,440.40,500.92,13.7%,13,61%,61%,13,13,-1,A,8.4%,0.3,90,Y,112.1,28.3,0.9,0.3,--,--,72.5,--,3.4,41.6,2.2%,06/30,11.5k,H,value,90
1766.HK,CRRC CORPORATI,152B,5.33,6.46,21.3%,7,57%,57%,7,7,-1,A,12.1%,0.2,79,N,9.4,8.3,0.3,--,4.98%,--,10.0,-6.54,8.2,10.2,10.0%,06/30,12k,H,value,90
6886.HK,HUATAI SECURIT,150B,16.66,22.59,35.6%,10.0,90%,90%,10.0,10.0,-1,A,32.0%,0.6,76,N,6.7,5.7,0.4,--,4.01%,--,76.4,-15.12,9.9,271.5,--,06/30,15k,H,value,90
6936.HK,S.F. HOLDING C,148B,29.00,43.40,49.7%,10.0,90%,90%,10.0,10.0,0,A,44.7%,0.3,75,N,11.5,9.8,0.4,1.7,3.65%,--,-15.1,-19.34,10.6,51.1,6.1%,06/30,15k,H,value,90
BA,THE BOEING COM,146B,186.05,273.12,46.8%,28.0,100%,85%,7.0,28.0,+3,E,46.8%,1.2,73,N,66.9,45.5,1.7,1.5,--,0.0%,99.3,--,173.5,790.9,3.8%,06/30,15k,H,value,90
TJX,THE TJX COMPAN,146B,132.31,169.80,28.3%,22.0,56%,81%,9.0,22.0,-1,E,15.7%,0.6,78,N,24.5,22.9,1.0,2.6,1.43%,1.7%,5.4,--,62.2,134.4,3.0%,07/31,12.5k,H,value,90
0688.HK,CHINA OVERSEAS,144B,13.16,18.61,41.4%,16.0,93%,93%,16.0,16.0,+1,A,38.5%,0.6,79,N,11.2,9.1,0.3,0.6,3.65%,--,--,-4.7,2.8,55.7,0.9%,08/26,15k,H,value,90
3606.HK,FUYAO GLASS IN,142B,54.65,74.67,36.6%,17.0,82%,82%,17.0,17.0,-1,A,30.0%,0.5,64,N,14.4,10.6,0.4,--,4.62%,--,-18.6,-26.2,23.0,58.2,1.7%,06/30,15k,H,value,90
UBER,UBER TECHNOLOG,139B,68.51,100.77,47.1%,51.0,96%,82%,23.0,51.0,-4,E,45.0%,1.2,68,N,15.0,15.5,0.5,5.9,--,2.3%,-63.9,--,37.2,51.9,5.2%,06/30,15k,H,value,90
2600.HK,ALUMINUM CORPO,139B,7.76,13.39,72.6%,12.0,91%,91%,12.0,12.0,0,A,66.0%,1.5,50,N,6.5,5.1,0.2,--,6.29%,--,79.6,1.89,24.5,42.7,19.6%,06/30,15k,H,value,90
RMS.PA,HERMÈS INTERNA,139B,1336.50,1738.95,30.1%,22.0,50%,50%,22.0,22.0,-2,A,15.1%,1.0,58,N,31.1,26.6,1.1,3.1,1.33%,--,--,--,25.5,12.0,3.5%,--,12.5k,H,value,90
NOW,"SERVICENOW, IN",138B,134.01,144.99,8.2%,49.0,89%,91%,28.0,49.0,+2,E,7.3%,1.0,69,Y,83.8,26.8,0.8,1.0,--,2.8%,-40.6,--,14.2,67.5,3.7%,06/30,11k,H,value,90
1898.HK,CHINA COAL ENE,137B,10.35,14.87,43.7%,9.0,77%,77%,9.0,9.0,0,A,33.6%,0.4,68,N,7.6,6.9,0.4,--,4.47%,--,--,16.47,10.9,37.8,13.2%,03/31,15k,H,value,90
DEWA.AE,DUBAI ELECTRIC,135B,2.72,3.14,15.3%,15.0,53%,53%,15.0,15.0,-1,A,8.1%,0.2,86,N,15.1,15.3,0.9,--,4.58%,--,-36.6,--,10.1,47.9,2.2%,06/30,11.5k,H,value,90
1024.HK,KUAISHOU TECHN,133B,30.94,47.73,54.3%,32.0,56%,56%,32.0,32.0,-14,A,30.4%,1.3,33,N,7.4,10.8,0.7,1.2,2.23%,--,-36.1,-62.8,20.6,47.4,12.0%,06/30,15k,H,value,90
BX,BLACKSTONE INC,133B,112.09,144.38,28.8%,23.0,69%,56%,13.0,23.0,0,E,19.9%,1.6,66,N,25.1,15.0,1.0,1.1,4.59%,2.6%,96.7,--,31.4,68.2,--,06/30,13.5k,H,value,90
VRTX,VERTEX PHARMAC,132B,522.81,571.39,9.3%,32,80%,81%,10,32,-1,E,7.4%,0.3,93,Y,30.5,26.0,0.9,1.9,--,2.1%,1.6,--,23.5,9.8,2.0%,06/30,11k,H,value,90
0003.HK,THE HONG KONG ,132B,7.11,7.70,8.4%,11,72%,72%,11,11,+2,A,6.0%,0.6,92,N,20.9,20.4,1.1,--,4.93%,--,--,10.38,10.5,87.6,3.3%,08/18,11k,H,value,90
0012.HK,HENDERSON LAND,129B,26.74,31.28,17.0%,12.0,58%,58%,12.0,12.0,-1,A,9.8%,1.2,75,N,19.8,14.4,0.5,0.7,4.71%,--,--,1.93,2.5,46.2,--,08/20,11.5k,H,value,90
0006.HK,POWER ASSETS H,127B,59.65,67.19,12.6%,8.0,87%,87%,8.0,8.0,+2,A,11.0%,0.6,89,N,7.1,19.5,1.1,46.6,4.73%,--,--,26.62,18.6,2.7,-0.3%,08/12,12k,H,value,90
6099.HK,CHINA MERCHANT,126B,14.52,17.72,22.1%,6.0,83%,83%,6.0,6.0,+1,A,18.3%,0.5,78,N,6.3,6.4,0.4,--,4.88%,--,155.5,-12.59,12.9,264.4,--,06/30,13k,H,value,90
PLD,"PROLOGIS, INC.",126B,129.84,158.23,21.9%,17,86%,58%,7,17,-1,E,18.7%,1.3,85,N,28.9,39.0,1.3,116.6,3.23%,2.3%,39.0,--,7.7,63.8,4.3%,06/30,13k,H,value,90
VAR.OL,VÅR ENERGI ASA,126B,50.82,54.38,7.0%,15,60%,60%,15,15,-1,A,4.2%,-0.5,92,Y,10.1,10.9,0.6,--,10.60%,--,287.1,--,94.0,307.7,3.9%,06/30,10.5k,H,value,90
NET,"CLOUDFLARE, IN",123B,347.28,336.81,-3.0%,34,86%,67%,28,34,0,E,-2.6%,1.7,95,Y,--,207.2,6.0,--,--,2.7%,-13076.8,--,-14.4,217.9,0.6%,06/30,10k,H,value,90
SNOW,SNOWFLAKE INC.,119B,339.56,425.14,25.2%,52,91%,86%,45,52,+1,E,23.0%,1.3,88,Y,--,112.7,3.2,8.4,--,5.5%,34.8,47.28,-48.1,128.6,1.5%,07/31,14k,H,value,90
COF,CAPITAL ONE FI,118B,193.07,258.33,33.8%,23.0,100%,82%,14.0,23.0,0,E,33.8%,1.0,74,N,10.6,8.0,0.5,0.2,1.63%,1.8%,-5.4,--,9.0,--,--,06/30,15k,H,value,90
LMT,LOCKHEED MARTI,117B,509.25,636.74,25.0%,21.0,50%,38%,6.0,21.0,+2,E,12.5%,0.1,74,N,18.8,15.5,0.6,1.0,2.69%,1.2%,13.4,--,89.2,234.2,4.7%,06/30,12k,H,value,90
BTI,BRITISH AMERIC,117B,54.40,70.43,29.5%,7.0,100%,100%,7.0,7.0,+2,A,29.5%,0.1,81,N,14.1,10.4,0.4,1.4,6.09%,0.2%,--,--,13.4,72.2,3.0%,07/30,15k,H,value,90
UNA.AS,UNILEVER PLC,116B,53.92,62.23,15.4%,8.0,50%,50%,8.0,8.0,-1,A,7.7%,0.5,85,Y,21.1,15.8,0.7,10.9,3.54%,--,--,--,31.9,175.4,5.8%,07/22,11.5k,H,value,90
6990.HK,SICHUAN KELUN-,116B,487.00,619.67,27.2%,20,95%,95%,20,20,+1,A,25.9%,-0.0,84,Y,667.1,139.8,4.7,--,--,--,--,-5.25,2.9,1.5,0.2%,--,14.5k,H,value,90
1171.HK,YANKUANG ENERG,115B,11.46,15.65,36.5%,7,71%,71%,7,7,0,A,25.9%,0.4,66,N,9.2,8.0,0.5,--,5.22%,--,60.4,18.21,10.1,71.1,8.8%,06/30,14.5k,H,value,90
ISP.MI,INTESA SANPAOL,115B,6.64,7.27,9.4%,13.0,76%,76%,13.0,13.0,-2,A,7.2%,0.8,96,Y,11.9,10.2,0.7,1.8,5.63%,--,17.7,--,14.3,--,--,06/30,11k,H,value,90
2057.HK,ZTO EXPRESS (C,114B,153.10,214.26,39.9%,13,84%,84%,13,13,-2,A,33.6%,-0.2,74,N,10.2,8.5,0.3,1.0,3.52%,--,20.9,4.01,16.3,34.6,5.6%,06/30,15k,H,value,90
6618.HK,JD HEALTH INTE,114B,36.00,68.46,90.2%,18,94%,94%,18,18,0,A,84.8%,1.2,50,N,15.9,12.2,0.4,1.4,--,--,--,-45.86,10.4,1.4,4.7%,06/30,15k,H,value,90
SKA-B.ST,SKANSKA AB (PU,114B,276.70,287.50,3.9%,9.0,66%,66%,9.0,9.0,+2,A,2.6%,0.9,96,Y,17.3,16.4,0.6,--,3.03%,--,139.8,--,11.1,25.1,1.8%,06/30,10.5k,H,value,90
HDB,HDFC BANK LIMI,114B,22.34,30.52,36.6%,4,75%,75%,4,4,-1,A,27.5%,0.4,60,N,15.6,16.1,1.1,--,1.80%,0.7%,5.6,-33.91,13.8,--,--,06/30,14.5k,H,value,90
0358.HK,JIANGXI COPPER,113B,32.92,49.89,51.5%,8,87%,87%,8,8,0,A,44.8%,1.4,61,N,8.4,6.9,0.3,--,5.74%,--,161.7,11.82,13.1,140.1,-7.4%,06/30,15k,H,value,90
MPC,MARATHON PETRO,111B,395.42,375.50,-5.0%,19.0,70%,47%,20.0,19.0,0,E,-3.5%,0.5,92,Y,13.7,8.4,0.5,0.9,1.02%,3.2%,275.0,--,42.1,133.3,8.3%,06/30,10k,H,value,90
MDT,MEDTRONIC PLC,110B,86.29,104.83,21.5%,28,77%,67%,13,28,+1,E,16.5%,0.6,81,N,21.3,13.5,0.5,1.6,3.31%,1.4%,7.0,--,10.6,55.4,4.9%,07/31,13k,H,value,90
SBUX,STARBUCKS CORP,107B,93.96,111.73,18.9%,36.0,53%,41%,15.0,36.0,-2,E,10.1%,1.0,85,N,54.3,30.2,1.3,1.1,2.60%,3.9%,684.8,--,--,--,2.9%,06/30,11.5k,H,value,90
1179.HK,H WORLD GROUP ,106B,33.70,47.77,41.8%,14.0,100%,100%,14.0,14.0,-1,A,41.8%,0.1,76,N,30.6,13.9,0.6,--,5.04%,--,7.4,9.4,38.1,240.5,6.9%,06/30,15k,H,value,90
CFR.SW,COMPAGNIE FINA,105B,179.10,214.35,19.7%,26,65%,65%,26,26,-2,A,12.8%,1.1,89,Y,32.3,22.2,0.9,1.8,1.87%,--,--,21.21,15.0,56.0,2.5%,05/20,12k,H,value,90
LOW,LOWE'S COMPANI,103B,184.29,251.09,36.2%,35.0,68%,65%,19.0,35.0,-1,E,24.8%,0.8,63,N,15.6,14.2,0.6,1.3,2.67%,1.9%,48.5,--,--,--,4.5%,07/31,14k,H,value,90
2268.HK,WUXI XDC CAYMA,103B,82.00,92.19,12.4%,22.0,100%,100%,22.0,22.0,-2,A,12.4%,-0.8,96,Y,61.2,32.1,1.1,--,--,--,--,4.73,16.3,4.6,0.9%,08/24,12k,H,value,90
1698.HK,TENCENT MUSIC ,102B,31.50,50.36,59.9%,14.0,64%,64%,14.0,14.0,-2,A,38.3%,0.8,34,N,9.4,8.1,0.5,2.0,2.98%,--,14.8,-65.74,11.0,20.8,6.9%,06/30,15k,H,value,90
HOOD,ROBINHOOD MARK,101B,112.50,131.08,16.5%,29.0,94%,82%,31.0,29.0,+3,E,15.4%,2.3,73,Y,50.0,32.6,2.1,2.1,--,4.6%,0.9,-19.15,23.6,240.3,--,06/30,12.5k,H,value,90
AKER.OL,AKER ASA,101B,1380.00,1698.00,23.0%,5.0,80%,80%,5.0,5.0,-1,A,18.4%,0.3,84,Y,3.6,52.6,1.9,--,4.03%,--,--,--,45.1,63.6,11.9%,07/16,13k,H,value,90
9926.HK,"AKESO, INC.",100B,108.70,155.45,43.0%,24.0,95%,95%,24.0,24.0,+1,A,40.9%,0.0,70,N,--,71.1,2.4,--,--,--,--,-23.02,-13.6,59.6,-1.2%,08/27,15k,H,value,90
SPOT,SPOTIFY TECHNO,100B,487.38,598.60,22.8%,39.0,67%,82%,9.0,39.0,-2,E,15.2%,1.6,68,N,26.9,27.9,1.8,1.4,--,2.9%,-39.4,--,44.5,5.6,1.5%,06/30,12.5k,H,value,90
FCX,FREEPORT-MCMOR,100B,70.00,72.77,4.0%,23.0,64%,78%,11.0,23.0,-1,E,2.5%,1.4,87,Y,34.3,16.8,0.7,4.5,0.85%,2.4%,46.0,--,14.8,32.1,2.1%,06/30,10.5k,H,value,90
MCK,MCKESSON CORPO,99.5B,853.81,979.36,14.7%,17.0,67%,76%,9.0,17.0,-2,E,9.8%,0.3,85,Y,22.9,16.9,0.6,1.7,0.43%,2.5%,-44.7,--,--,--,6.8%,06/30,6k,H,value,90
3808.HK,SINOTRUK (HONG,99.2B,36.16,52.06,44.0%,12.0,83%,83%,12.0,12.0,-2,A,36.5%,1.3,75,N,12.3,8.4,0.3,--,5.70%,--,--,65.28,16.3,8.5,11.6%,08/26,7.5k,H,value,90
UL,UNILEVER PLC,99.1B,4603.50,5215.44,13.3%,16.0,50%,50%,16.0,16.0,-1,A,6.6%,0.5,83,N,21.0,15.6,0.7,10.9,3.57%,--,--,-5.11,31.9,175.4,6.8%,01/26,5.5k,H,value,90
ULVR.L,UNILEVER PLC,99.1B,4603.50,5215.38,13.3%,16,50%,50%,16,16,-1,A,6.6%,0.5,83,N,21.0,15.6,0.7,10.9,3.57%,--,--,--,31.9,175.4,6.8%,01/26,5.5k,H,value,90
IBN,ICICI BANK LIM,98.9B,27.55,36.58,32.8%,4.0,100%,100%,4.0,4.0,0,A,32.8%,0.3,83,N,17.0,14.8,1.0,--,0.92%,1.1%,15.6,-9.04,16.1,--,--,06/30,7.5k,H,value,90
0083.HK,SINO LAND COMP,98.7B,10.30,12.80,24.3%,10.0,80%,80%,10.0,10.0,-1,A,19.4%,0.6,77,N,21.0,20.3,0.7,--,5.63%,--,--,10.58,2.7,3.5,--,09/01,6.5k,H,value,90
DDOG,"DATADOG, INC.",98.3B,273.85,286.26,4.5%,46.0,93%,89%,27.0,46.0,-2,E,4.2%,1.5,94,Y,537.0,92.1,2.7,1.3,--,3.5%,31.5,79.34,4.7,29.3,1.1%,06/30,5.5k,H,value,90
BNY,THE BANK OF NE,98.1B,144.63,167.36,15.7%,16.0,67%,56%,12.0,16.0,+1,E,10.5%,1.0,87,Y,17.1,14.1,0.9,1.1,1.51%,0.0%,14.7,--,14.1,--,--,06/30,6k,H,value,90
2M6.DE,MEDTRONIC PLC,98.1B,76.66,--,--,418.0,58%,58%,418.0,418.0,--,A,--,0.6,84,Y,21.5,--,--,1.7,3.28%,--,7.0,--,10.6,55.4,5.5%,07/31,5k,H,value,90
APP,APPLOVIN CORPO,97.2B,290.43,497.05,71.1%,33.0,75%,81%,24.0,33.0,-2,E,53.4%,2.5,39,N,22.3,13.8,0.9,0.7,--,3.8%,51.6,--,203.7,111.1,3.3%,06/30,7.5k,H,value,90
1880.HK,CHINA TOURISM ,97.2B,46.78,67.52,44.3%,12.0,75%,75%,12.0,12.0,-1,A,33.3%,0.4,44,N,20.3,15.8,0.7,0.7,1.69%,--,14.5,-28.03,6.2,16.1,4.0%,06/30,7.5k,H,value,90
0823.HK,LINK REAL ESTA,96.3B,37.20,45.47,22.2%,15.0,93%,93%,15.0,15.0,0,A,20.7%,0.9,88,N,--,14.9,0.5,12.6,6.82%,--,--,-0.34,-5.0,39.3,5.3%,--,6.5k,H,value,90
ABNB,"AIRBNB, INC.",96.2B,160.65,184.35,14.8%,45.0,62%,60%,34.0,45.0,+3,E,9.1%,1.2,83,Y,36.7,26.0,1.1,1.4,--,3.5%,-40.6,31.34,34.5,32.0,3.3%,06/30,6k,H,value,90
SUBC.OL,SUBSEA 7 S.A.,96.2B,325.00,360.70,11.0%,17,58%,58%,17,17,+3,A,6.4%,0.6,91,Y,16.6,12.8,0.8,--,5.96%,--,124.9,--,14.2,19.5,1.6%,06/30,5.5k,H,value,90
1913.HK,PRADA S.P.A.,95.9B,37.48,48.78,30.1%,22,63%,63%,22,22,0,A,19.0%,0.8,72,N,13.5,12.9,0.5,2.0,4.01%,--,--,-16.54,18.0,104.8,1.0%,07/30,6.5k,H,value,90
HCA,HCA HEALTHCARE,94.7B,426.74,454.23,6.4%,26.0,62%,57%,21.0,26.0,0,E,4.0%,1.1,77,N,14.3,13.3,0.4,1.3,0.72%,4.6%,3.4,--,--,--,3.9%,06/30,5.5k,H,value,90
3908.HK,CHINA INTERNAT,94.4B,19.56,30.92,58.1%,10.0,90%,90%,10.0,10.0,0,A,52.3%,1.0,82,N,6.2,5.2,0.3,--,1.86%,--,--,-6.96,10.5,285.4,--,09/30,7.5k,H,value,90
CME,CME GROUP INC.,94.2B,261.98,283.60,8.3%,16.0,58%,43%,12.0,16.0,-2,E,4.8%,0.3,80,N,22.2,20.3,1.3,4.7,1.98%,1.8%,14.7,--,15.8,14.6,3.1%,06/30,5.5k,H,value,90
INDT.ST,INDUTRADE AB (,93.7B,257.20,282.62,9.9%,7,57%,57%,7,7,+1,A,5.6%,1.2,96,Y,35.0,28.7,1.1,--,1.21%,--,22.7,--,15.7,60.8,3.1%,06/30,5.5k,H,value,90
VRT,VERTIV HOLDING,92.9B,241.31,337.93,40.0%,29,100%,86%,8,29,+3,E,40.0%,2.1,64,N,54.5,26.3,1.0,0.8,0.10%,3.7%,24.9,49.49,43.9,70.2,2.9%,06/30,7.5k,H,value,90
AEM,AGNICO EAGLE M,92.8B,183.27,215.96,17.8%,22,50%,81%,10,22,+1,E,8.9%,0.7,72,N,15.7,14.7,0.7,--,0.97%,1.4%,51.7,8.63,23.0,1.1,4.6%,06/30,5.5k,H,value,90
NIBE-B.ST,NIBE INDUSTRIE,91.1B,45.17,46.08,2.0%,13,61%,61%,13,13,+1,A,1.2%,0.9,96,Y,34.5,26.7,1.0,--,0.77%,--,23.3,--,8.5,72.2,3.6%,06/30,5k,H,value,90
HWM,HOWMET AEROSPA,90.2B,226.18,334.36,47.8%,23.0,83%,86%,12.0,23.0,+1,E,39.9%,1.2,73,N,48.7,35.0,1.3,--,0.24%,2.5%,38.7,16.32,34.7,81.4,1.3%,06/30,7.5k,H,value,90
JCI,JOHNSON CONTRO,90.0B,148.65,165.30,11.2%,22.0,60%,54%,5.0,22.0,+1,E,6.7%,1.3,95,Y,41.8,24.5,0.9,1.7,1.07%,2.1%,265.4,--,14.3,70.1,3.3%,06/30,5.5k,H,value,90
USB,U.S. BANCORP,90.0B,57.76,70.43,21.9%,23,60%,60%,20,23,+3,E,13.2%,1.0,87,Y,11.5,10.0,0.7,1.8,3.72%,--,8.8,--,12.6,--,--,06/30,6k,H,value,90
CEG,CONSTELLATION ,90.0B,254.02,347.28,36.7%,22,88%,86%,8,22,-1,E,32.1%,1.1,62,N,24.8,19.1,1.1,--,0.64%,3.7%,-44.8,-27.2,15.1,76.4,-7.4%,06/30,7.5k,H,value,90
GD,GENERAL DYNAMI,89.8B,331.83,420.26,26.6%,24,58%,58%,12,24,+1,E,15.5%,0.3,83,N,20.3,17.8,0.7,2.1,1.91%,1.1%,9.5,--,17.8,35.3,4.9%,06/30,6.5k,H,value,90
1787.HK,SHANDONG GOLD ,89.7B,19.46,34.00,74.7%,6,66%,66%,6,6,-1,A,49.3%,0.5,36,N,15.3,8.0,0.3,--,1.66%,--,17.7,-46.39,13.2,103.4,3.3%,06/30,7.5k,H,value,90
0293.HK,CATHAY PACIFIC,89.6B,14.74,16.09,9.1%,14.0,71%,71%,14.0,14.0,+2,A,6.5%,0.4,97,Y,7.1,8.1,0.3,4.2,6.11%,--,--,51.49,24.5,109.4,17.3%,08/05,5.5k,H,value,90
INGA.AS,ING GROEP N.V.,89.6B,31.48,32.84,4.3%,20.0,65%,65%,20.0,20.0,+1,A,2.8%,0.9,97,Y,13.6,10.9,0.7,2.2,3.58%,--,9.0,--,17.1,--,--,06/30,5k,H,value,90
DUK,DUKE ENERGY CO,88.9B,114.01,136.94,20.1%,22.0,67%,54%,9.0,22.0,+2,E,13.4%,0.4,85,N,17.2,15.9,0.9,2.1,3.80%,2.7%,56.0,--,9.9,162.2,-5.0%,06/30,6k,H,value,90
BATS.L,BRITISH AMERIC,88.8B,4129.00,5153.85,24.8%,13.0,84%,84%,13.0,13.0,+3,A,20.8%,0.1,77,N,14.2,10.7,0.5,1.4,5.91%,--,--,--,13.4,72.2,4.0%,07/30,6.5k,H,value,90
PNC,THE PNC FINANC,88.7B,222.26,276.98,24.6%,22.0,94%,72%,18.0,22.0,0,E,23.2%,0.9,86,N,12.2,10.4,0.7,1.6,3.61%,1.9%,12.8,--,12.6,--,--,06/30,7k,H,value,90
MELI,"MERCADOLIBRE, ",87.6B,1728.53,2273.40,31.5%,26.0,60%,80%,5.0,26.0,+1,E,18.9%,1.3,71,N,47.0,30.9,1.3,1.0,--,1.6%,10.7,--,27.5,168.6,0.4%,06/30,6.5k,H,value,90
CABK.MC,"CAIXABANK, S.A",87.6B,12.61,13.17,4.4%,21.0,52%,52%,21.0,21.0,0,A,2.3%,0.1,93,Y,15.0,11.5,0.8,--,3.96%,--,9.9,--,16.2,--,--,06/30,5k,H,value,90
1209.HK,CHINA RESOURCE,87.2B,38.20,51.30,34.3%,19,94%,94%,19,19,+1,A,32.2%,0.7,75,N,17.9,15.4,0.5,--,3.30%,--,--,-2.77,27.3,13.7,3.1%,08/31,7.5k,H,value,90
LITE,LUMENTUM HOLDI,87.1B,971.26,1159.40,19.4%,27,69%,85%,13,27,+3,E,13.4%,1.5,89,Y,--,28.0,0.8,--,--,7.9%,-170616.7,--,-240.0,36.0,0.3%,06/30,6k,H,value,90
CSL.AX,CSL LIMITED,86.8B,180.82,185.05,2.3%,17,58%,58%,17,17,+3,A,1.4%,0.1,81,Y,--,19.3,0.6,--,2.20%,--,--,-6.67,-15.8,66.8,2.2%,08/17,5k,H,value,90
EMR,EMERSON ELECTR,86.5B,155.10,173.68,12.0%,30,67%,66%,9,30,+1,E,8.0%,1.2,93,Y,33.9,21.3,0.8,1.8,1.41%,1.5%,13.1,--,12.8,67.7,4.3%,06/30,5.5k,H,value,90
CSX,CSX CORPORATIO,86.2B,46.51,53.06,14.1%,25,67%,68%,18,25,+2,E,9.4%,1.2,87,Y,26.9,20.5,0.8,1.7,1.19%,2.2%,44.4,--,24.4,138.1,2.3%,06/30,6k,H,value,90
0914.HK,ANHUI CONCH CE,85.7B,16.17,24.45,51.2%,14,85%,85%,14,14,0,A,43.5%,0.5,60,N,11.7,7.8,0.3,27.3,5.26%,--,-58.6,-27.95,2.9,13.7,3.1%,06/30,7.5k,H,value,90
ICE,INTERCONTINENT,85.3B,152.03,187.29,23.2%,15,88%,93%,8,15,-1,E,20.3%,0.9,86,N,21.4,17.3,1.1,2.2,1.37%,1.3%,17.4,--,14.1,69.2,4.3%,06/30,6.5k,H,value,90
BP.L,BP P.L.C.,84.9B,549.40,630.78,14.8%,19.0,57%,57%,19.0,19.0,+2,A,8.4%,-0.2,90,Y,21.1,8.8,0.5,0.1,4.55%,--,236.9,--,8.9,95.1,15.2%,06/30,5.5k,H,value,90
0288.HK,WH GROUP LIMIT,84.9B,6.62,9.76,47.4%,16.0,87%,87%,16.0,16.0,+1,A,41.2%,0.2,61,N,7.0,6.8,0.3,20.4,9.21%,--,--,-12.4,15.4,38.2,1.9%,03/31,7.5k,H,value,90
HPE,HEWLETT PACKAR,84.8B,63.89,68.08,6.6%,23,71%,56%,14,23,+1,E,4.7%,1.4,95,Y,32.9,13.7,0.4,0.5,0.93%,4.8%,780.0,--,10.9,76.5,5.6%,07/31,5.5k,H,value,90
KKR,KKR & CO. INC.,84.3B,91.30,128.67,40.9%,22.0,92%,90%,13.0,22.0,+2,E,37.8%,1.8,63,N,29.2,12.3,0.8,0.4,0.84%,2.0%,-22.2,--,7.3,69.8,--,06/30,7.5k,H,value,90
ELV,ELEVANCE HEALT,84.3B,388.82,451.38,16.1%,22,69%,63%,13,22,0,E,11.1%,0.7,89,Y,17.2,13.2,0.4,1.3,1.75%,2.8%,23.0,--,11.1,69.0,5.1%,06/30,6k,H,value,90
TRYG.CO,TRYG A/S,83.6B,140.30,166.04,18.3%,16.0,37%,37%,16.0,16.0,-1,A,6.8%,0.1,83,N,18.8,13.2,0.9,4.6,5.94%,--,-41.1,--,12.1,19.4,2.9%,06/30,5.5k,H,--,30
SNPS,"SYNOPSYS, INC.",83.4B,434.94,553.77,27.3%,24.0,75%,91%,12.0,24.0,+6,E,20.5%,1.2,81,N,75.9,24.6,0.7,2.2,--,3.0%,21.6,--,3.7,34.8,4.1%,07/31,6.5k,H,value,90
WMB,THE WILLIAMS C,83.1B,67.97,85.61,26.0%,24.0,89%,91%,9.0,24.0,+2,E,23.1%,0.6,85,N,27.1,26.4,1.6,2.1,3.06%,2.2%,27.8,--,21.5,200.4,-1.8%,06/30,7k,H,value,90
1519.HK,J&T GLOBAL EXP,82.9B,8.64,13.45,55.6%,22,95%,95%,22,22,+2,A,52.8%,0.9,71,N,27.9,10.6,0.4,1.4,--,--,--,-11.66,11.8,95.4,0.2%,--,7.5k,H,value,90
BE,BLOOM ENERGY C,81.6B,276.98,281.58,1.7%,29,50%,51%,22,29,+1,E,0.8%,3.8,79,Y,364.4,56.2,2.1,0.6,--,7.3%,950.0,207.11,22.2,171.6,0.7%,06/30,5k,H,value,90
MNST,MONSTER BEVERA,81.5B,41.62,50.24,20.7%,25.0,60%,56%,10.0,25.0,-1,E,12.4%,0.5,83,N,38.5,31.8,1.3,2.3,--,3.0%,11.5,--,25.7,1.0,2.1%,06/30,6k,H,value,90
WM,WASTE MANAGEME,81.5B,203.92,259.92,27.5%,28.0,71%,67%,7.0,28.0,0,E,19.6%,0.4,82,N,28.9,22.4,0.8,1.9,1.83%,1.5%,30.2,--,29.8,235.3,2.9%,06/30,6.5k,H,value,90
STB.OL,STOREBRAND ASA,80.3B,192.90,198.10,2.7%,9.0,55%,55%,9.0,9.0,-1,A,1.5%,0.5,93,Y,16.9,14.3,0.9,--,2.78%,--,18.6,--,15.2,196.6,51.6%,06/30,5k,H,value,90
DASH,"DOORDASH, INC.",79.5B,183.55,256.26,39.6%,45,64%,77%,22,45,-1,E,25.2%,1.8,64,N,96.1,22.5,0.9,1.0,--,4.0%,-18.0,-31.42,8.9,33.3,6.5%,06/30,7k,H,value,90
UPS,UNITED PARCEL ,79.5B,93.44,115.62,23.7%,29,55%,48%,11,29,+1,E,12.9%,1.0,76,N,17.4,11.6,0.4,1.4,6.98%,3.4%,-53.9,--,29.6,189.9,7.0%,06/30,6k,H,value,90
0390.HK,CHINA RAILWAY ,79.0B,3.22,4.64,44.1%,5.0,80%,80%,5.0,5.0,-1,A,35.3%,0.4,61,N,3.7,3.1,0.1,--,5.36%,--,-25.9,-11.77,4.3,110.7,-49.3%,06/30,7.5k,H,value,90
MCO,MOODY'S CORPOR,78.6B,454.13,561.90,23.7%,24.0,62%,75%,8.0,24.0,+2,E,14.8%,1.3,83,N,29.4,24.0,1.6,1.6,0.91%,1.9%,35.9,--,76.9,240.7,3.3%,06/30,6k,H,value,90
6881.HK,CHINA GALAXY S,78.5B,7.18,10.67,48.6%,9,66%,66%,9,9,0,A,32.1%,0.6,58,N,5.4,4.4,0.3,--,5.51%,--,--,-36.45,9.2,283.8,--,04/29,7.5k,H,value,90
SHW,THE SHERWIN-WI,78.5B,323.27,389.09,20.4%,27.0,75%,55%,12.0,27.0,+2,E,15.3%,1.1,86,N,29.8,23.8,1.1,2.1,0.97%,2.7%,1.3,--,65.1,390.0,3.2%,06/30,6.5k,H,value,90
1876.HK,BUDWEISER BREW,78.3B,5.92,8.24,39.4%,26.0,73%,73%,26.0,26.0,-2,A,28.7%,0.5,70,N,18.5,15.4,0.7,1.0,7.48%,--,--,-24.1,5.8,3.1,1.2%,03/31,7.5k,H,value,90
REGN,REGENERON PHAR,78.1B,758.27,850.88,12.2%,27.0,56%,62%,18.0,27.0,-4,E,6.8%,0.2,88,Y,18.8,12.5,0.4,1.3,0.50%,2.6%,-11.2,--,14.0,8.5,3.9%,06/30,5.5k,H,value,90
CTAS,CINTAS CORPORA,77.9B,195.06,218.31,11.9%,20,67%,50%,15,20,+1,E,7.9%,0.9,89,Y,38.5,31.7,1.2,3.1,1.05%,3.8%,4.0,--,41.4,52.1,2.1%,05/31,5.5k,H,value,90
IFX.DE,INFINEON TECHN,77.3B,59.50,86.74,45.8%,24.0,79%,79%,24.0,24.0,0,A,36.2%,1.9,67,Y,72.6,20.9,0.6,0.5,0.59%,--,77.0,--,7.0,40.2,2.3%,06/30,7.5k,H,value,90
AMT,AMERICAN TOWER,76.3B,163.69,215.74,31.8%,25.0,83%,88%,6.0,25.0,+2,E,26.5%,0.9,83,N,22.5,23.4,0.8,1.6,4.28%,1.5%,1.7,--,33.9,438.7,3.8%,06/30,7k,H,value,90
NGG,NATIONAL GRID ,76.2B,75.82,91.19,20.3%,5.0,60%,60%,5.0,5.0,0,A,12.2%,0.6,80,N,17.5,11.5,0.7,1.0,4.32%,0.1%,--,8.32,8.4,121.3,-4.1%,--,6k,H,value,90
ROST,"ROSS STORES, I",74.6B,233.40,270.56,15.9%,20.0,69%,70%,13.0,20.0,0,E,11.0%,0.9,91,Y,28.2,26.0,1.1,2.5,0.76%,3.5%,66.3,--,42.6,70.3,2.7%,07/31,6k,H,value,90
PRX.AS,PROSUS N.V.,74.3B,35.52,61.05,71.9%,18.0,83%,83%,18.0,18.0,0,A,59.7%,0.8,56,N,7.7,8.2,0.3,1.6,0.78%,--,--,--,22.2,32.9,1.1%,--,7.5k,H,value,90
MDLZ,MONDELEZ INTER,73.8B,57.82,69.23,19.7%,23.0,100%,65%,4.0,23.0,0,E,19.7%,0.4,87,N,21.2,17.2,0.7,0.9,3.51%,2.4%,-12.6,--,13.3,82.6,3.1%,06/30,6.5k,H,value,90
9868.HK,XPENG INC.,72.4B,37.86,72.69,92.0%,27,85%,85%,27,27,-1,A,78.2%,1.1,34,N,--,60.4,2.5,--,--,--,-251.1,-59.36,-10.9,99.4,--,06/30,7.5k,H,value,90
SLB,SLB N.V.,72.3B,48.72,62.52,28.3%,30.0,100%,86%,15.0,30.0,+1,E,28.3%,0.8,81,N,23.8,15.1,0.9,1.4,2.37%,4.7%,6.4,--,12.9,47.0,4.1%,06/30,7.5k,H,value,90
NWG,NATWEST GROUP ,72.0B,18.15,21.91,20.7%,4,75%,75%,4,4,-1,A,15.5%,0.8,93,Y,9.2,8.3,0.6,1.5,5.20%,0.0%,-0.1,35.0,14.8,--,--,06/30,6.5k,H,value,90
CNI,CANADIAN NATIO,71.8B,118.90,136.24,14.6%,30,67%,50%,9,30,-1,E,9.7%,1.0,90,Y,21.6,18.7,0.7,2.4,2.20%,--,9.7,28.04,22.0,103.9,4.2%,06/30,6k,H,value,90
CI,THE CIGNA GROU,71.8B,271.83,341.83,25.8%,24.0,50%,75%,6.0,24.0,-2,E,12.9%,0.3,86,N,11.2,8.1,0.3,0.8,2.27%,2.8%,-11.1,--,16.8,74.3,11.1%,06/30,6k,H,value,90
0144.HK,CHINA MERCHANT,71.6B,17.06,17.51,2.7%,9,66%,66%,9,9,0,A,1.8%,0.7,96,Y,10.7,8.9,0.3,--,4.33%,--,--,22.72,6.2,26.2,3.6%,08/28,5k,H,value,90
HLT,HILTON WORLDWI,71.6B,318.12,353.00,11.0%,28.0,64%,60%,14.0,28.0,+4,E,7.0%,1.1,89,Y,46.7,30.4,1.3,1.3,0.19%,2.7%,14.8,--,--,--,1.9%,06/30,5.5k,H,value,90
3618.HK,CHONGQING RURA,71.5B,6.29,8.10,28.6%,8.0,87%,87%,8.0,8.0,0,A,24.9%,0.1,86,N,5.0,4.3,0.3,--,5.72%,--,--,11.11,9.0,--,--,03/31,7k,H,value,90
CMI,CUMMINS INC.,71.3B,516.57,741.26,43.5%,23.0,89%,65%,19.0,23.0,+1,E,38.9%,1.2,70,N,26.4,14.9,0.6,1.1,1.69%,3.0%,-26.5,--,21.1,59.6,3.1%,03/31,7.5k,H,value,90
RCL,ROYAL CARIBBEA,71.1B,265.86,350.44,31.8%,29.0,83%,75%,12.0,29.0,+2,E,26.5%,1.8,75,N,16.4,13.0,0.6,0.9,2.30%,5.6%,-28.4,--,44.7,224.8,-2.1%,06/30,7k,H,value,90
0966.HK,CHINA TAIPING ,70.9B,19.72,25.32,28.4%,12.0,75%,75%,12.0,12.0,+1,A,21.3%,1.0,76,N,2.2,4.3,0.3,--,6.24%,--,--,38.19,28.9,97.4,-50.3%,08/25,7k,H,value,90
9980.HK,EASTROC BEVERA,70.2B,95.60,141.98,48.5%,12.0,75%,75%,12.0,12.0,0,A,36.4%,0.1,42,N,11.5,10.7,0.5,--,5.92%,--,15.4,-48.25,34.7,31.0,5.7%,06/30,7.5k,H,value,90
6656.HK,SIGENERGY TECH,69.7B,280.20,505.68,80.5%,7.0,100%,100%,7.0,7.0,+4,A,80.5%,--,42,N,20.3,8.4,0.3,--,0.96%,--,--,-57.21,--,31.7,--,12/31,7.5k,H,value,90
GM,GENERAL MOTORS,69.6B,77.00,104.22,35.3%,24,92%,83%,12,24,0,E,32.4%,1.3,84,N,34.4,5.1,0.2,0.3,0.89%,2.4%,-1.7,--,3.2,202.3,31.5%,06/30,7.5k,H,value,90
CVNA,CARVANA CO.,69.3B,62.54,83.31,33.2%,24,87%,66%,15,24,0,E,28.8%,3.5,64,N,33.1,27.6,1.2,--,--,11.6%,105.3,--,58.8,110.9,0.6%,06/30,7.5k,H,value,90
ORLY,O'REILLY AUTOM,69.1B,85.41,107.35,25.7%,29.0,88%,79%,8.0,29.0,+1,E,22.5%,0.5,79,N,27.1,23.4,1.0,1.6,--,3.2%,-1.5,--,--,--,2.3%,06/30,7k,H,value,90
RACE,FERRARI N.V.,68.9B,392.85,462.45,17.7%,14,100%,92%,5,14,0,E,17.7%,0.6,78,Y,37.2,31.4,1.3,3.5,1.05%,2.9%,21.2,--,45.4,86.4,1.5%,06/30,6.5k,H,value,90
ENI.MI,ENI S.P.A.,68.9B,24.02,25.95,8.0%,22,50%,50%,22,22,+2,A,4.0%,0.2,96,Y,12.5,9.9,0.6,0.4,4.45%,--,225.7,--,10.9,65.0,-13.0%,06/30,5.5k,H,value,90
NOC,NORTHROP GRUMM,68.7B,483.48,644.45,33.3%,24.0,50%,58%,12.0,24.0,0,E,16.6%,-0.1,62,N,15.4,15.9,0.6,3.4,1.96%,1.6%,-0.5,--,27.0,95.3,3.6%,06/30,6.5k,H,value,90
APO,APOLLO GLOBAL ,68.5B,116.06,153.47,32.2%,21.0,70%,71%,10.0,21.0,+2,E,22.6%,1.5,76,N,41.3,10.8,0.7,0.5,1.89%,4.3%,-21.6,-9.21,11.4,101.0,--,06/30,7k,H,value,90
2382.HK,SUNNY OPTICAL ,68.0B,63.35,84.26,33.0%,24.0,62%,62%,24.0,24.0,-1,A,20.5%,1.1,69,Y,12.3,12.8,0.4,1.4,1.90%,--,--,-28.92,17.9,20.4,-4.4%,08/26,6.5k,H,value,90
CL,COLGATE-PALMOL,68.0B,85.32,98.60,15.6%,21.0,77%,61%,13.0,21.0,0,E,12.0%,0.3,86,N,33.6,20.8,0.9,1.6,2.45%,2.6%,-5.7,--,267.4,1388.2,5.1%,06/30,6k,H,value,90
FDX,FEDEX CORPORAT,67.5B,285.09,355.14,24.6%,28.0,71%,71%,14.0,28.0,+2,E,17.6%,1.4,83,N,15.4,13.6,0.5,1.2,1.70%,2.0%,93.8,--,14.8,135.7,8.4%,05/31,6.5k,H,value,90
B,BARRICK MINING,66.9B,40.67,51.70,27.1%,24.0,83%,79%,12.0,24.0,0,E,22.6%,1.1,74,N,10.5,9.3,0.4,--,1.70%,--,-6.5,--,27.0,12.7,7.6%,06/30,7k,H,value,90
HON,HONEYWELL INTE,66.9B,210.94,260.35,23.4%,24,73%,58%,15,24,0,E,17.2%,0.9,81,N,8.1,21.4,0.8,3.5,1.33%,2.3%,211.3,--,46.6,185.4,3.9%,06/30,6.5k,H,value,90
EL.PA,ESSILORLUXOTTI,66.8B,145.60,232.61,59.8%,23,78%,78%,23,23,-1,A,46.6%,0.5,45,N,27.2,18.3,0.6,1.6,2.77%,--,--,--,6.7,38.4,4.9%,--,7.5k,H,value,90
9866.HK,NIO INC.,66.7B,26.48,49.49,86.9%,20,80%,80%,20,20,+2,A,69.5%,0.9,43,N,--,15.0,0.6,--,--,--,80.3,-53.87,-45.3,203.2,--,06/30,7.5k,H,value,90
9660.HK,HORIZON ROBOTI,66.4B,4.18,8.15,95.0%,18.0,100%,100%,18.0,18.0,-3,A,95.0%,--,42,N,--,-27.5,--,--,--,--,--,-56.37,-27.0,51.7,--,--,7.5k,H,value,90
DLR,DIGITAL REALTY,66.3B,175.53,223.44,27.3%,34.0,92%,85%,13.0,34.0,+6,E,25.2%,1.0,84,N,85.6,63.5,2.2,11.7,2.76%,--,-82.6,--,2.9,67.9,5.7%,06/30,7k,H,value,90
MPWR,MONOLITHIC POW,66.2B,1347.22,1839.80,36.6%,17.0,86%,94%,7.0,17.0,+3,E,31.3%,1.7,79,Y,82.1,38.6,1.1,1.0,0.59%,5.2%,44.3,--,22.0,0.5,0.7%,06/30,7.5k,H,value,90
0322.HK,TINGYI (CAYMAN,65.5B,11.61,13.80,18.8%,22.0,68%,68%,22.0,22.0,+2,A,12.8%,0.1,82,N,12.0,11.7,0.5,5.1,3.97%,--,--,20.91,33.3,108.4,9.0%,08/11,6k,H,value,90
1772.HK,GANFENG LITHIU,64.7B,30.84,70.70,129.2%,19.0,84%,84%,19.0,19.0,+2,A,108.6%,0.8,34,N,8.5,7.7,0.3,0.2,0.56%,--,1479.6,-28.33,13.0,73.1,-8.5%,06/30,7.5k,H,value,90
NBIS,NEBIUS GROUP N,64.1B,235.88,283.58,20.2%,10.0,64%,80%,14.0,10.0,0,E,13.0%,1.4,79,Y,--,-67.6,--,0.5,--,19.8%,-59.2,--,0.6,98.6,-15.0%,06/30,6k,H,value,90
1072.HK,DONGFANG ELECT,63.7B,18.43,33.74,83.1%,10.0,80%,80%,10.0,10.0,-1,A,66.4%,0.7,39,N,11.9,9.3,0.3,--,3.29%,--,37.4,13.92,9.7,14.6,0.1%,03/31,7.5k,H,value,90
BSX,BOSTON SCIENTI,63.3B,43.65,61.00,39.7%,31,81%,80%,21,31,-2,E,32.2%,0.6,41,N,17.7,12.8,0.4,0.6,--,3.2%,20.1,-54.46,15.3,50.2,3.9%,06/30,7.5k,H,value,90
TER,"TERADYNE, INC.",62.7B,400.91,446.47,11.4%,17,71%,70%,7,17,0,E,8.1%,1.8,82,Y,55.0,34.4,1.0,0.7,0.13%,6.0%,213.3,184.64,36.5,2.9,0.7%,06/30,5.5k,H,value,90
URI,UNITED RENTALS,62.3B,1000.78,1269.33,26.8%,22.0,88%,72%,17.0,22.0,-1,E,23.7%,1.8,85,Y,24.1,17.5,0.6,1.3,0.78%,2.8%,7.4,--,28.9,166.8,2.7%,06/30,7k,H,value,90
APD,AIR PRODUCTS A,62.0B,278.23,345.11,24.0%,22.0,67%,68%,9.0,22.0,+1,E,16.0%,0.8,88,N,--,19.3,0.8,2.1,2.59%,1.9%,-29504.1,--,0.0,110.1,-2.4%,06/30,6.5k,H,value,90
2333.HK,GREAT WALL MOT,61.8B,7.22,11.56,59.9%,21.0,66%,66%,21.0,21.0,-2,A,39.6%,0.7,41,N,8.7,3.9,0.2,--,5.57%,--,161.9,-54.94,7.0,16.3,37.6%,06/30,7.5k,H,value,90
ALAB,"ASTERA LABS, I",61.8B,355.97,389.95,9.5%,26,60%,73%,10,26,+1,E,5.7%,3.8,71,Y,174.5,55.7,1.6,--,--,6.6%,68.0,83.02,25.8,2.6,0.1%,06/30,5.5k,H,value,90
PZU.WA,POWSZECHNY ZAK,61.6B,71.30,78.50,10.1%,8,50%,50%,8,8,-1,A,5.0%,0.3,92,Y,9.5,11.3,0.8,--,6.69%,--,-17.4,--,19.5,71.1,12.6%,06/30,5.5k,H,value,90
2618.HK,"JD LOGISTICS, ",61.6B,10.06,17.49,73.9%,19,89%,89%,19,19,-1,A,65.8%,0.5,60,N,7.5,5.3,0.2,0.4,--,--,--,-23.21,12.3,41.2,20.5%,06/30,7.5k,H,value,90
LLOY.L,LLOYDS BANKING,61.5B,106.90,121.32,13.5%,19.0,68%,68%,19.0,19.0,0,A,9.2%,0.9,91,Y,13.4,8.8,0.6,0.6,3.73%,--,107.9,--,11.3,--,--,06/30,6k,H,value,90
BARC.L,BARCLAYS PLC,61.3B,457.55,573.00,25.2%,17.0,64%,64%,17.0,17.0,-2,A,16.1%,0.9,85,N,9.5,7.1,0.5,0.9,2.51%,--,46.1,--,10.1,--,--,06/30,6.5k,H,value,90
NU,NU HOLDINGS LT,61.2B,12.66,18.64,47.2%,22,75%,81%,8,22,-1,E,35.4%,0.9,67,N,17.3,11.2,0.7,0.6,--,3.5%,35.5,-16.66,31.6,--,--,06/30,7.5k,H,value,90
TEL,TE CONNECTIVIT,61.2B,211.08,248.58,17.8%,19.0,60%,68%,5.0,19.0,+1,E,10.7%,1.2,84,N,20.7,16.3,0.5,0.9,1.47%,3.3%,12.7,--,23.3,43.4,3.8%,06/30,6k,H,value,90
MSTR,STRATEGY INC,61.0B,153.09,229.87,50.2%,16,100%,93%,19,16,+2,E,50.2%,3.6,42,Y,--,3.1,0.1,--,--,8.1%,-395.1,-54.76,-63.6,14.9,-37.0%,06/30,7.5k,H,--,30
0291.HK,CHINA RESOURCE,60.9B,18.78,29.94,59.4%,31,96%,96%,31,31,-2,A,57.0%,0.4,65,N,19.0,9.2,0.4,0.7,5.50%,--,--,-27.92,6.3,13.5,10.8%,08/19,7.5k,H,value,90
RACE.MI,FERRARI N.V.,60.8B,346.40,389.44,12.4%,19.0,73%,73%,19.0,19.0,0,A,9.1%,0.6,80,Y,37.3,31.4,1.3,3.6,1.03%,--,21.2,--,45.4,86.4,1.6%,06/30,6k,H,value,90
MRK.DE,MERCK KGAA,60.0B,138.10,154.21,11.7%,14,50%,50%,14,14,0,A,5.8%,0.8,93,Y,25.3,15.5,0.5,2.1,1.60%,--,1.1,--,8.1,40.6,4.4%,06/30,5.5k,H,value,90
NXPI,NXP SEMICONDUC,59.9B,237.53,311.10,31.0%,30.0,55%,73%,11.0,30.0,-1,E,16.9%,1.8,70,N,20.2,13.1,0.4,0.5,1.72%,3.2%,21.6,--,27.9,93.3,5.9%,06/30,6.5k,H,value,90
DBK.DE,DEUTSCHE BANK ,59.9B,31.86,34.11,7.0%,18,50%,50%,18,18,+3,A,3.5%,1.0,89,Y,9.7,8.3,0.6,1.6,3.15%,--,4.3,--,8.9,--,--,06/30,5.5k,H,value,90
ARGX,ARGENX SE,59.6B,958.91,1180.17,23.1%,11,95%,81%,21,11,-13,E,22.0%,-0.0,89,Y,36.1,27.6,0.9,1.2,--,2.1%,37.1,24.97,23.6,0.6,1.3%,06/30,7k,H,value,90
DG.PA,VINCI SA,59.1B,106.95,143.38,34.1%,21.0,66%,66%,21.0,21.0,+2,A,22.5%,0.7,75,N,11.9,10.7,0.4,2.2,4.65%,--,--,--,16.3,120.7,13.7%,07/29,7k,H,value,90
AON,AON PLC,58.7B,276.77,383.63,38.6%,21.0,72%,61%,25.0,21.0,-1,E,27.8%,0.7,72,N,15.3,13.6,0.9,2.2,1.19%,1.8%,20.3,--,44.7,163.5,5.4%,06/30,7.5k,H,value,90
AJG,ARTHUR J. GALL,58.5B,228.11,289.39,26.9%,22.0,83%,72%,23.0,22.0,-1,E,22.2%,0.5,73,N,37.8,15.3,1.0,0.7,1.23%,2.5%,18.8,--,6.7,59.4,3.6%,06/30,7k,H,value,90
ENGI.PA,ENGIE SA,58.0B,22.81,30.66,34.4%,19.0,89%,89%,19.0,19.0,+2,A,30.6%,0.6,76,N,14.0,10.8,0.6,--,5.86%,--,--,--,12.2,143.8,-0.2%,03/13,7.5k,H,value,90
NG.L,NATIONAL GRID ,57.6B,1145.50,1345.33,17.4%,16.0,50%,50%,16.0,16.0,+1,A,8.7%,0.6,80,N,17.6,11.7,0.7,1.0,4.32%,--,--,--,8.4,121.3,-5.4%,--,5.5k,H,value,90
BA.L,BAE SYSTEMS PL,57.3B,1957.50,2328.15,18.9%,20.0,55%,55%,20.0,20.0,0,A,10.4%,-0.1,83,N,28.0,20.4,0.8,2.8,1.94%,--,--,--,18.6,73.0,5.1%,07/30,6k,H,value,90
COR,"CENCORA, INC.",57.3B,300.25,369.25,23.0%,14.0,71%,78%,7.0,14.0,-1,E,16.4%,0.6,80,N,22.3,15.1,0.5,0.7,0.78%,2.6%,324.8,--,96.9,446.5,3.6%,06/30,6.5k,H,value,90
MPLX,MPLX LP,57.1B,56.32,62.85,11.6%,15.0,67%,40%,6.0,15.0,-2,E,7.7%,0.5,92,N,12.1,11.7,0.7,3.1,7.55%,1.8%,-30.3,22.49,33.7,183.4,2.4%,06/30,5.5k,H,value,90
COHR,COHERENT CORP.,56.4B,287.81,412.52,43.3%,24.0,78%,79%,9.0,24.0,+1,E,33.7%,2.1,65,Y,69.9,20.5,0.6,--,--,6.1%,6.3,--,8.0,31.6,-1.2%,06/30,7.5k,H,value,90
LNG,CHENIERE ENERG,55.6B,269.03,310.19,15.3%,22,100%,90%,7,22,-1,E,15.3%,-0.0,89,Y,20.4,12.8,0.8,--,0.83%,1.9%,192.5,--,39.1,243.4,1.3%,06/30,6.5k,H,value,90
GMG.AX,GOODMAN GROUP,55.3B,26.92,34.48,28.1%,14.0,78%,78%,14.0,14.0,-1,A,21.9%,1.0,77,N,20.4,16.9,0.6,--,1.10%,--,--,-17.6,11.5,24.4,5.4%,08/20,7k,H,value,90
CRH,CRH PLC,55.1B,82.80,133.17,60.8%,23.0,100%,95%,6.0,23.0,+3,E,60.8%,1.2,63,N,14.6,12.8,0.6,1.5,1.88%,2.0%,-1.1,-30.14,15.8,77.6,3.7%,06/30,7.5k,H,value,90
DAL,DELTA AIR LINE,54.9B,83.46,102.94,23.3%,25,100%,96%,21,25,-1,E,23.3%,1.3,87,Y,13.8,10.1,0.4,--,1.01%,4.0%,13.2,--,20.1,96.6,5.1%,06/30,7k,H,--,30
0168.HK,TSINGTAO BREWE,54.6B,40.04,59.65,49.0%,25.0,88%,88%,25.0,25.0,0,A,43.1%,0.3,72,N,10.2,9.7,0.4,7.2,6.74%,--,-3.4,-19.87,15.0,0.3,6.4%,06/30,7.5k,H,value,90
BKR,BAKER HUGHES C,54.5B,54.90,71.46,30.2%,25,69%,80%,16,25,+4,E,20.7%,1.0,78,N,17.7,18.0,1.1,1.6,1.65%,2.8%,11.8,--,16.5,80.9,8.1%,06/30,6.5k,H,value,90
2688.HK,ENN ENERGY HOL,54.1B,48.70,62.82,29.0%,16,81%,81%,16,16,+3,A,23.5%,0.7,66,N,7.6,7.1,0.4,3.5,6.22%,--,--,-20.17,13.4,35.9,5.1%,08/28,7k,H,value,90
0177.HK,JIANGSU EXPRES,53.9B,10.69,10.99,2.8%,5.0,60%,60%,5.0,5.0,0,A,1.7%,0.5,95,Y,9.8,9.5,0.3,--,5.24%,--,-6.2,25.01,9.1,63.1,7.5%,06/30,5k,H,value,90
ARGX.BR,ARGENX SE,53.0B,846.80,1033.91,22.1%,11.0,81%,81%,11.0,11.0,-4,A,17.9%,-0.0,92,Y,36.7,26.2,0.9,1.2,--,--,37.1,--,23.6,0.6,1.4%,06/30,6.5k,H,value,90
2313.HK,SHENZHOU INTER,52.4B,34.84,53.62,53.9%,24.0,83%,83%,24.0,24.0,-2,A,44.7%,1.1,48,N,9.8,8.2,0.3,2.4,5.05%,--,--,-40.62,12.3,39.9,4.9%,08/25,7.5k,H,value,90
CTVA,"CORTEVA, INC.",51.8B,77.65,92.60,19.3%,21,56%,71%,16,21,0,E,10.8%,0.6,85,N,47.1,18.8,0.8,1.0,0.92%,3.5%,-47.7,27.51,4.3,19.2,4.7%,06/30,6k,H,value,90
0285.HK,BYD ELECTRONIC,51.6B,22.98,31.94,39.0%,17,70%,70%,17,17,+1,A,27.3%,0.2,52,N,20.0,9.7,0.3,0.6,0.78%,--,--,-44.02,6.6,25.7,4.1%,03/31,7.5k,H,value,90
DB1.DE,DEUTSCHE BÖRSE,51.6B,286.10,295.93,3.4%,14.0,64%,64%,14.0,14.0,+1,A,2.2%,0.3,98,Y,24.7,21.0,1.4,3.2,1.46%,--,11.9,--,20.4,57.6,4.2%,06/30,5k,H,value,90
FANG,DIAMONDBACK EN,51.5B,183.81,234.52,27.6%,31.0,83%,83%,31.0,31.0,+1,A,22.9%,0.4,85,N,35.0,9.8,0.6,22.3,2.39%,3.9%,84.9,--,3.5,28.7,9.8%,06/30,7k,H,value,90
SRE,SEMPRA,51.0B,77.96,99.92,28.2%,20.0,82%,80%,11.0,20.0,+2,E,23.0%,0.6,77,N,22.6,14.1,0.8,0.7,3.36%,1.9%,738.9,--,6.7,84.7,-54.3%,06/30,7k,H,value,90
ALE.WA,ALLEGRO.EU S.A,50.6B,50.63,50.18,-0.9%,18.0,72%,72%,18.0,18.0,0,A,-0.6%,0.7,99,Y,26.5,25.7,1.1,--,--,--,34.3,--,17.9,52.4,2.4%,06/30,5k,H,value,90
NOKIA.HE,NOKIA OYJ,50.5B,9.02,10.72,18.8%,23,52%,52%,23,23,+1,A,9.8%,0.8,60,Y,75.2,22.2,0.6,0.9,1.53%,--,-69.2,--,3.5,15.8,2.3%,06/30,6k,H,value,90
6862.HK,HAIDILAO INTER,50.5B,9.32,15.26,63.7%,30.0,83%,83%,30.0,30.0,+2,A,52.8%,0.7,52,N,10.5,9.6,0.4,0.8,8.09%,--,--,-26.19,41.9,60.5,6.1%,08/25,7.5k,H,value,90
GLE.PA,SOCIÉTÉ GÉNÉRA,50.4B,69.56,90.02,29.4%,20.0,70%,70%,20.0,20.0,+1,A,20.6%,1.0,82,N,9.1,7.6,0.5,1.8,2.48%,--,23.3,--,9.5,--,--,06/30,6.5k,H,value,90
CPG.L,COMPASS GROUP ,50.1B,29.48,38.26,29.8%,9.0,77%,77%,9.0,9.0,-6,A,22.9%,0.6,84,N,24.8,18.0,0.8,1.6,2.33%,--,--,--,26.9,113.1,3.9%,--,7k,H,value,90
STAN.L,STANDARD CHART,50.0B,2298.00,2384.83,3.8%,14.0,57%,57%,14.0,14.0,0,A,2.2%,0.6,97,Y,14.4,10.9,0.7,0.9,2.22%,--,2.0,--,9.8,--,--,06/30,5k,H,value,90
CIEN,CIENA CORPORAT,49.9B,351.82,512.99,45.8%,21.0,74%,76%,19.0,21.0,+3,E,33.8%,1.3,55,N,78.7,29.8,0.9,0.6,--,4.0%,1267.0,--,22.4,107.5,1.3%,07/31,7.5k,H,value,90
1071.HK,HUADIAN POWER ,49.4B,4.25,4.56,7.3%,7.0,57%,57%,7.0,7.0,+1,A,4.2%,0.2,87,Y,8.9,7.7,0.4,--,6.09%,--,-33.3,7.56,7.5,130.0,6.1%,06/30,5.5k,H,value,90
2196.HK,SHANGHAI FOSUN,49.3B,18.47,27.55,49.2%,6.0,66%,66%,6.0,6.0,0,A,32.5%,0.4,69,Y,12.3,13.4,0.4,--,2.44%,--,13.9,-26.41,6.9,61.7,4.6%,03/31,7.5k,H,value,90
COIN,COINBASE GLOBA,49.2B,186.41,207.35,11.2%,37.0,68%,62%,25.0,37.0,+2,E,7.6%,3.4,46,N,--,65.7,4.3,2.4,--,11.5%,-183.1,--,-7.8,51.0,5.4%,06/30,5.5k,H,value,90
9626.HK,BILIBILI INC.,49.2B,119.50,207.66,73.8%,19,100%,100%,19,19,0,A,73.8%,0.7,42,N,28.3,11.4,0.7,0.3,--,--,-26.9,-46.79,10.1,59.8,--,06/30,7.5k,H,value,90
9696.HK,TIANQI LITHIUM,49.1B,28.68,57.86,101.8%,15,66%,66%,15,15,+1,A,67.2%,0.8,41,N,9.1,7.8,0.3,--,--,--,12010.9,-36.18,15.4,29.5,-1.3%,06/30,7.5k,H,value,90
9863.HK,ZHEJIANG LEAPM,48.7B,34.22,61.61,80.0%,20,95%,95%,20,20,0,A,76.0%,0.5,49,N,57.0,7.6,0.3,--,--,--,--,-48.43,5.2,27.9,18.3%,--,7.5k,H,value,90
A,AGILENT TECHNO,48.6B,172.31,175.20,1.7%,22,100%,68%,12,22,-2,E,1.7%,1.2,97,Y,33.9,25.5,0.8,1.4,0.58%,2.0%,-16.6,--,21.0,56.3,2.2%,07/31,5k,H,--,30
WAB,WESTINGHOUSE A,48.5B,287.18,329.58,14.8%,12,60%,83%,10,12,+1,E,8.9%,0.9,94,Y,38.7,23.1,0.8,--,0.43%,2.8%,27.4,--,11.6,61.7,2.3%,06/30,5.5k,H,value,90
3958.HK,ORIENT SECURIT,48.5B,5.71,7.98,39.8%,6.0,83%,83%,6.0,6.0,0,A,33.0%,0.7,68,N,6.3,5.9,0.4,--,6.33%,--,44.6,-26.38,7.9,286.8,--,06/30,7.5k,H,value,90
F,FORD MOTOR COM,48.1B,12.06,16.03,32.9%,20,50%,40%,10,20,+2,E,16.5%,1.8,68,N,--,6.2,0.3,8.5,4.88%,--,-154.2,--,-18.3,456.7,-16.5%,06/30,6.5k,H,value,90
AAK.ST,AAK AB (PUBL.),48.0B,184.60,251.12,36.0%,7.0,71%,71%,7.0,7.0,-2,A,25.6%,0.4,67,N,13.3,11.9,0.5,--,3.03%,--,25.3,--,18.7,28.5,1.8%,06/30,7k,H,value,90
STT,STATE STREET C,48.0B,174.59,199.50,14.3%,16.0,57%,56%,14.0,16.0,0,E,8.2%,1.4,89,Y,15.4,11.4,0.8,0.7,2.07%,0.0%,25.9,--,12.4,--,--,06/30,5.5k,H,value,90
CRWV,"COREWEAVE, INC",48.0B,87.12,141.58,62.5%,42.0,71%,73%,31.0,42.0,+7,E,44.4%,--,57,N,--,-48.1,--,--,--,17.6%,-468.5,-36.43,-43.6,1027.3,-18.9%,06/30,7.5k,H,value,90
DEO,DIAGEO PLC,47.6B,85.60,107.57,25.7%,8,62%,62%,8,8,0,A,15.9%,0.3,83,Y,27.3,11.9,0.5,0.5,2.34%,0.6%,--,-8.09,15.0,171.3,5.4%,08/06,6.5k,H,value,90
AU,ANGLOGOLD ASHA,47.5B,93.95,117.50,25.1%,8.0,86%,75%,7.0,8.0,-1,E,21.5%,0.8,73,N,12.6,9.4,0.4,--,4.78%,0.9%,49.8,37.17,44.7,16.7,8.3%,06/30,7k,H,value,90
ETR,ENTERGY CORPOR,47.4B,99.26,122.67,23.6%,23.0,67%,73%,6.0,23.0,-1,E,15.7%,0.5,84,N,25.4,19.4,1.1,1.5,2.57%,4.0%,-17.2,--,10.2,186.8,-9.3%,06/30,6.5k,H,value,90
EBAY,EBAY INC.,47.2B,106.05,116.11,9.5%,32,63%,37%,19,32,+2,E,6.0%,1.3,89,Y,22.3,15.8,0.7,1.6,1.18%,4.1%,-7.5,--,46.6,153.0,3.3%,06/30,5.5k,H,value,90
BAYN.DE,BAYER AKTIENGE,47.1B,47.95,58.22,21.4%,18.0,72%,72%,18.0,18.0,-1,A,15.4%,0.8,89,Y,--,9.9,0.3,--,0.23%,--,122.7,--,-5.7,129.4,13.9%,06/30,6.5k,H,value,90
MDLN,MEDLINE INC.,46.7B,34.70,44.54,28.4%,27,91%,85%,11,27,-1,E,25.8%,--,68,N,43.4,22.0,0.7,--,--,9.8%,-81.4,-15.37,4.9,66.3,1.8%,06/30,7k,H,value,90
3998.HK,BOSIDENG INTER,46.7B,4.01,5.41,35.0%,19,100%,100%,19,19,0,A,35.0%,0.6,75,N,10.0,8.8,0.4,2.0,7.81%,--,--,-7.44,22.8,9.1,10.2%,--,7.5k,H,value,90
0241.HK,ALIBABA HEALTH,46.3B,2.87,4.59,60.0%,15.0,66%,66%,15.0,15.0,-1,A,39.6%,1.6,36,N,20.5,15.4,0.5,0.7,2.40%,--,--,-54.14,11.3,0.3,1.3%,--,7.5k,H,value,90
VEEV,VEEVA SYSTEMS ,46.2B,285.45,297.30,4.2%,29.0,70%,68%,20.0,29.0,-1,E,2.9%,1.0,92,Y,46.8,27.8,0.9,1.2,--,3.4%,15.8,--,14.4,2.0,2.7%,07/31,5k,H,value,90
LPP.WA,LPP SA,46.2B,24840.00,25705.50,3.5%,14.0,71%,71%,14.0,14.0,+1,A,2.5%,0.4,99,Y,23.8,19.5,0.8,--,4.00%,--,4366.7,--,38.3,148.2,5.9%,07/31,5k,H,value,90
HO.PA,THALES S.A.,46.2B,224.50,291.21,29.7%,19,63%,63%,19,19,+2,A,18.7%,0.1,80,N,31.0,18.1,0.7,1.7,1.72%,--,--,--,19.4,69.5,9.2%,07/23,6.5k,H,value,90
FITB,FIFTH THIRD BA,45.9B,50.58,62.65,23.9%,21,69%,76%,13,21,+1,E,16.5%,0.9,85,N,17.0,10.2,0.7,1.7,3.30%,--,23.4,--,8.4,--,--,06/30,6.5k,H,value,90
FNV,FRANCO-NEVADA ,45.9B,238.11,286.97,20.5%,15.0,50%,80%,6.0,15.0,0,E,10.3%,1.0,83,Y,31.1,25.5,1.1,--,0.74%,--,23.1,7.71,19.9,--,1.0%,06/30,6k,H,value,90
AZO,"AUTOZONE, INC.",45.8B,2830.02,3708.71,31.0%,28.0,89%,85%,19.0,28.0,+1,E,27.8%,0.3,66,N,19.5,14.7,0.6,1.3,--,3.5%,-23.4,--,--,--,--,05/31,7.5k,H,value,90
CLS,CELESTICA INC.,45.6B,361.43,473.91,31.1%,22,100%,100%,7,22,+2,E,31.1%,1.5,76,Y,37.5,18.5,0.5,--,--,3.1%,37.7,43.6,52.7,39.6,1.6%,06/30,7.5k,H,value,90
RMD.AX,RESMED INC.,45.6B,31.62,40.94,29.5%,13.0,92%,92%,13.0,13.0,-1,A,27.1%,0.8,73,N,21.2,16.5,0.6,1.3,1.17%,--,10.0,-22.94,24.3,12.5,2.1%,06/30,7.5k,H,value,90
0916.HK,CHINA LONGYUAN,45.1B,5.40,6.87,27.2%,14.0,50%,50%,14.0,14.0,+1,A,13.6%,0.5,62,N,10.8,8.0,0.5,0.5,7.96%,--,-47.8,-33.31,4.9,171.6,-16.8%,06/30,6k,H,value,90
2727.HK,SHANGHAI ELECT,45.0B,2.90,4.80,65.9%,5.0,80%,80%,5.0,5.0,+1,A,52.7%,0.6,51,N,28.9,22.1,0.8,--,0.57%,--,11.6,-28.74,3.4,59.6,22.4%,06/30,7.5k,H,value,90
MT.AS,ARCELORMITTAL ,44.7B,59.36,68.28,15.0%,14,71%,71%,14,14,0,A,10.7%,1.8,87,Y,28.4,8.8,0.4,--,0.84%,--,81.2,--,3.3,25.4,-1.7%,06/30,6k,H,value,90
RKLB,ROCKET LAB COR,44.6B,69.68,109.37,57.0%,20.0,92%,80%,12.0,20.0,+2,E,52.2%,2.6,46,N,--,1529.4,56.4,--,--,7.3%,-169.8,45.26,-7.9,3.8,-0.6%,06/30,7.5k,H,value,90
RHM.DE,RHEINMETALL AG,44.6B,956.40,1607.95,68.1%,21,85%,85%,21,21,0,A,57.9%,0.4,48,N,36.7,17.9,0.7,0.3,1.20%,--,94.0,--,25.7,51.6,1.4%,06/30,7.5k,H,value,90
EOAN.DE,E.ON SE,44.1B,16.86,21.04,24.8%,16.0,68%,68%,16.0,16.0,+2,A,16.8%,0.8,83,N,13.1,13.5,0.8,0.8,3.37%,--,841.2,--,15.5,153.0,-6.0%,06/30,6.5k,H,value,90
LHX,L3HARRIS TECHN,44.1B,236.78,335.33,41.6%,20,60%,60%,5,20,-4,E,25.0%,0.5,62,N,23.9,17.5,0.7,1.2,2.11%,2.8%,26.8,--,9.3,52.8,3.6%,06/30,7k,H,value,90
XEL,XCEL ENERGY IN,44.0B,70.48,90.61,28.6%,19.0,75%,89%,8.0,19.0,0,E,21.4%,0.4,84,N,19.3,15.5,0.9,1.8,3.35%,7.5%,11.8,--,9.9,173.1,-18.0%,06/30,7k,H,value,90
ADSK,"AUTODESK, INC.",43.7B,209.00,307.54,47.1%,36.0,75%,83%,20.0,36.0,-1,E,35.4%,1.3,64,N,27.1,14.7,0.4,0.8,--,4.4%,43.4,--,53.9,109.5,7.2%,07/31,7.5k,H,value,90
VTR,"VENTAS, INC.",43.6B,85.02,101.82,19.8%,23,73%,78%,11,23,0,E,14.4%,0.7,84,N,154.6,107.6,3.7,4.9,2.39%,4.4%,6.8,--,2.0,84.9,3.4%,06/30,6k,H,value,90
REL.L,RELX PLC,43.4B,2496.00,3400.58,36.2%,17,88%,88%,17,17,+1,A,31.9%,0.3,70,N,20.0,15.9,0.6,1.2,2.76%,--,--,--,131.9,709.6,5.1%,07/23,7.5k,H,value,90
WAT,WATERS CORPORA,43.1B,439.39,446.74,1.7%,24.0,86%,75%,14.0,24.0,+3,E,1.4%,1.2,98,Y,111.2,26.6,0.9,1.6,--,3.4%,-191.3,--,1.9,36.0,-0.3%,06/30,5k,H,--,30
SHL.DE,SIEMENS HEALTH,42.5B,37.97,45.52,19.9%,20.0,65%,65%,20.0,20.0,-2,A,12.9%,0.8,76,N,19.3,16.0,0.5,1.7,2.59%,--,21.2,--,12.1,78.3,5.0%,06/30,6k,H,value,90
HEI,HEICO CORPORAT,42.4B,303.18,394.45,30.1%,24.0,50%,58%,8.0,24.0,-1,E,15.1%,1.0,80,N,50.6,42.0,1.6,2.1,0.08%,1.3%,25.0,--,17.7,45.0,2.0%,07/31,6.5k,H,value,90
CBRS,CEREBRAS SYSTE,42.2B,177.65,291.64,64.2%,11.0,83%,90%,12.0,11.0,0,E,53.5%,--,46,N,--,139.5,4.0,--,--,11.4%,-1787.7,-42.89,--,16.2,--,06/30,7.5k,H,value,90
MCHP,MICROCHIP TECH,42.2B,77.77,107.84,38.7%,26.0,67%,76%,9.0,26.0,+1,E,25.8%,1.7,73,N,112.7,17.0,0.5,0.2,2.31%,8.0%,451.1,--,7.2,83.7,3.2%,06/30,7k,H,value,90
STMPA.PA,STMICROELECTRO,41.8B,46.88,68.28,45.7%,20,65%,65%,20,20,0,A,29.7%,1.5,66,Y,--,19.8,0.6,0.2,0.66%,--,-187.8,--,2.7,23.4,0.3%,06/30,7.5k,H,value,90
ILMN,"ILLUMINA, INC.",41.3B,273.68,210.65,-23.0%,21.0,71%,52%,17.0,21.0,0,E,-16.3%,1.5,98,Y,51.0,44.8,1.5,3.1,--,11.5%,-43.0,--,32.3,89.0,1.9%,06/30,5k,H,value,90
ORANY,ORANGE S.A.,41.2B,15.49,21.55,39.1%,4.0,100%,100%,4.0,4.0,+2,A,39.1%,0.2,71,N,9.2,10.7,0.7,0.2,5.57%,0.1%,--,-1.44,14.2,161.5,15.5%,06/30,7.5k,H,value,90
1530.HK,3SBIO INC.,41.1B,16.57,31.09,87.6%,13.0,92%,92%,13.0,13.0,+1,A,80.6%,0.4,47,N,4.3,11.7,0.4,--,1.51%,--,--,-43.95,35.9,4.5,--,--,7.5k,H,value,90
FLEX,FLEX LTD.,40.6B,109.99,160.50,45.9%,11.0,100%,100%,4.0,11.0,+1,E,45.9%,1.7,66,Y,42.3,15.5,0.5,--,--,2.7%,30.2,--,18.4,107.8,1.5%,06/30,7.5k,H,value,90
SALIK.AE,SALIK COMPANY ,40.5B,5.40,6.20,14.8%,12.0,50%,50%,12.0,12.0,0,A,7.4%,0.2,79,N,27.0,23.5,0.9,--,4.31%,--,-10.2,--,130.9,387.6,2.6%,06/30,5.5k,H,value,90
3347.HK,HANGZHOU TIGER,40.4B,46.88,51.17,9.1%,12.0,75%,75%,12.0,12.0,-1,A,6.9%,0.3,82,Y,360.6,35.8,1.2,--,0.31%,--,-312.1,2.93,1.1,10.2,2.4%,06/30,5.5k,H,value,90
CMG,CHIPOTLE MEXIC,40.4B,31.95,43.92,37.5%,35.0,71%,65%,17.0,35.0,-3,E,26.4%,0.9,75,N,29.6,23.3,1.0,1.7,--,3.6%,5.6,--,49.6,246.3,2.8%,06/30,7k,H,value,90
LONN.SW,LONZA GROUP AG,40.2B,575.20,688.17,19.6%,24.0,87%,87%,24.0,24.0,-1,A,17.1%,0.8,96,Y,37.7,26.1,0.9,1.0,0.86%,--,--,10.25,12.9,51.1,-3.9%,07/29,6.5k,H,value,90
HLN,HALEON PLC,39.6B,9.00,11.93,32.6%,5.0,60%,60%,5.0,5.0,0,A,19.6%,0.2,80,N,18.8,14.6,0.5,2.2,2.18%,0.5%,--,1.88,10.1,50.2,4.6%,07/30,6.5k,H,value,90
LYV,LIVE NATION EN,39.4B,169.30,201.96,19.3%,25,86%,80%,14,25,0,E,16.5%,1.1,89,Y,--,90.9,5.9,4.4,--,14.7%,-31.8,--,17.7,620.2,4.3%,06/30,6.5k,H,value,90
0960.HK,LONGFOR GROUP ,39.3B,5.70,8.70,52.7%,17.0,64%,64%,17.0,17.0,-2,A,33.7%,2.0,47,N,--,9.6,0.3,0.1,3.32%,--,--,-51.64,-0.2,67.8,49.8%,08/28,7.5k,H,value,90
MSCI,MSCI INC.,39.2B,538.66,691.76,28.4%,18.0,100%,88%,9.0,18.0,+1,E,28.4%,1.2,84,N,29.4,23.9,1.6,1.9,1.52%,2.2%,5.1,--,--,--,3.1%,06/30,7.5k,H,value,90
UCB.BR,UCB SA,39.1B,205.10,285.00,39.0%,20,75%,75%,20,20,0,A,29.2%,0.2,71,N,18.1,14.9,0.5,1.1,0.70%,--,--,--,20.6,30.8,2.8%,07/30,7.5k,H,value,90
MBG.DE,MERCEDES-BENZ ,38.9B,40.59,56.34,38.8%,23,52%,52%,23,23,+1,A,20.2%,0.7,65,N,7.7,5.9,0.2,0.6,8.61%,--,16.4,--,5.6,110.2,-10.0%,06/30,6.5k,H,value,90
TTWO,TAKE-TWO INTER,38.8B,207.50,286.44,38.0%,29.0,100%,96%,10.0,29.0,0,E,38.0%,1.0,78,N,--,20.2,1.3,2.8,--,4.4%,42.7,--,-9.0,81.6,3.2%,06/30,7.5k,H,value,90
WCN,WASTE CONNECTI,38.7B,153.93,202.04,31.3%,28,50%,89%,6,28,+1,E,15.6%,0.5,86,N,37.2,24.8,0.9,1.5,0.90%,1.6%,3.5,--,13.0,121.7,2.7%,06/30,6.5k,H,value,90
HEIA.AS,HEINEKEN N.V.,38.7B,69.82,89.14,27.7%,23,65%,65%,23,23,+1,A,18.0%,0.6,87,N,17.0,12.2,0.5,1.2,2.76%,--,--,--,12.1,95.1,7.8%,08/05,6.5k,H,value,90
ARES,ARES MANAGEMEN,38.5B,116.17,147.89,27.3%,19.0,82%,63%,11.0,19.0,0,E,22.3%,1.5,64,N,53.3,16.2,1.1,0.9,4.54%,15.0%,-47.9,-21.52,14.9,172.4,5.6%,06/30,7k,H,value,90
BN.PA,DANONE S.A.,37.8B,58.70,79.52,35.5%,22,59%,59%,22,22,0,A,20.9%,0.2,73,N,19.4,13.9,0.6,1.4,3.83%,--,--,--,12.2,98.5,5.5%,07/29,6.5k,H,value,90
CCJ,CAMECO CORPORA,37.7B,86.67,126.81,46.3%,21.0,62%,90%,8.0,21.0,0,E,28.9%,1.0,64,N,152.1,46.6,2.7,--,0.20%,--,-59.3,4.01,5.1,17.1,0.1%,03/31,7.5k,H,value,90
3898.HK,ZHUZHOU CRRC T,37.6B,28.26,47.50,68.1%,14,64%,64%,14,14,0,A,43.6%,0.1,60,N,8.0,6.6,0.2,--,4.65%,--,--,-31.43,9.5,1.2,0.6%,03/31,7.5k,H,value,90
LSEG.L,LONDON STOCK E,37.6B,8160.00,11728.75,43.7%,16.0,93%,93%,16.0,16.0,+1,A,40.7%,0.4,80,N,29.4,15.1,1.0,0.7,1.93%,--,--,--,7.7,64.3,4.6%,07/30,7.5k,H,value,90
BBD,BANCO BRADESCO,37.3B,3.52,4.30,22.1%,6.0,50%,50%,6.0,6.0,0,A,11.1%,0.2,82,N,8.4,6.5,0.4,1.7,4.86%,0.3%,29.8,--,13.8,--,--,06/30,6k,H,value,90
CBRE,"CBRE GROUP, IN",37.2B,128.47,182.17,41.8%,12.0,100%,100%,7.0,12.0,0,E,41.8%,1.2,74,N,29.4,14.1,0.5,0.7,--,1.5%,-43.8,--,15.8,117.8,4.4%,06/30,7.5k,H,value,90
YUM,"YUM! BRANDS, I",37.2B,136.34,173.02,26.9%,26,67%,50%,9,26,+2,E,17.9%,0.6,80,N,17.2,19.6,0.8,1.8,2.18%,4.1%,114.9,--,--,--,2.2%,06/30,6.5k,H,value,90
HOLN.SW,HOLCIM AG,36.8B,66.62,82.44,23.7%,21.0,57%,57%,21.0,21.0,+1,A,13.5%,0.7,81,N,95.2,15.4,0.7,0.3,2.49%,--,--,1.31,2.8,65.6,2.9%,07/31,6k,H,value,90
CRDO,CREDO TECHNOLO,36.6B,194.79,281.09,44.3%,20,71%,95%,7,20,+1,E,31.6%,3.2,63,Y,68.3,20.1,0.6,--,--,5.1%,56.6,34.42,30.7,1.0,0.7%,07/31,7.5k,H,value,90
BWLPG.OL,BW LPG LIMITED,36.6B,241.00,246.87,2.4%,4.0,50%,50%,4.0,4.0,0,A,1.2%,0.1,98,Y,8.6,12.6,0.7,--,10.57%,--,110.5,--,25.5,45.4,1.1%,06/30,5k,H,value,90
OKTA,"OKTA, INC.",36.6B,209.11,212.25,1.5%,44.0,82%,77%,74.0,44.0,+3,E,1.2%,0.8,98,Y,124.5,47.8,1.4,1.7,--,5.5%,169.8,--,4.3,0.8,2.8%,07/31,5k,H,--,30
ORA.PA,ORANGE S.A.,36.4B,13.71,19.04,39.0%,16.0,62%,62%,16.0,16.0,+1,A,24.2%,0.2,73,N,9.3,12.0,0.8,0.3,5.46%,--,--,--,14.2,161.5,17.5%,06/30,7k,H,value,90
DGE.L,DIAGEO PLC,36.1B,1624.00,2029.95,25.0%,22.0,59%,59%,22.0,22.0,-2,A,14.7%,0.3,85,Y,28.0,12.1,0.5,0.5,2.77%,--,--,--,15.0,171.3,7.1%,08/06,6k,H,value,90
UAL,UNITED AIRLINE,36.0B,110.95,156.35,40.9%,25.0,100%,92%,17.0,25.0,-1,E,40.9%,1.3,80,Y,10.4,7.6,0.3,--,--,5.7%,-15.2,--,23.3,201.6,2.5%,06/30,7.5k,H,value,90
ODFL,OLD DOMINION F,36.0B,173.84,230.91,32.8%,24.0,53%,41%,15.0,24.0,+2,E,17.5%,1.2,69,N,33.4,26.0,1.0,2.2,0.67%,4.9%,29.4,--,24.8,0.4,2.7%,06/30,6.5k,H,value,90
2883.HK,CHINA OILFIELD,35.8B,7.50,10.16,35.4%,12,91%,91%,12,12,+2,A,32.2%,0.6,64,N,7.9,6.0,0.3,--,4.31%,--,7.1,17.03,8.8,33.4,6.1%,06/30,7.5k,H,value,90
BMPS.MI,BANCA MONTE DE,35.7B,11.75,11.77,0.1%,6,66%,66%,6,6,-1,A,0.1%,0.9,97,Y,9.8,13.2,0.9,--,7.22%,--,38.4,--,15.0,--,--,06/30,5k,H,value,90
VOW.DE,VOLKSWAGEN AG,35.4B,70.60,107.50,52.3%,6,83%,83%,6,6,0,A,43.4%,1.0,64,N,6.8,3.4,0.1,0.6,7.30%,--,-42.5,--,2.8,138.7,39.9%,06/30,7.5k,H,value,90
VOW3.DE,VOLKSWAGEN AG,35.3B,70.46,104.11,47.8%,19.0,57%,57%,19.0,19.0,-2,A,27.2%,1.0,65,N,6.8,3.2,0.1,0.6,7.40%,--,-42.5,--,2.8,138.7,39.9%,06/30,7.5k,H,value,90
ABN.AS,ABN AMRO BANK ,35.2B,43.14,44.04,2.1%,20.0,70%,70%,20.0,20.0,0,A,1.5%,0.7,98,Y,15.5,11.6,0.8,1.3,3.15%,--,26.6,--,9.1,--,--,06/30,5k,H,value,90
VIK,VIKING HOLDING,35.0B,78.33,109.55,39.9%,23.0,75%,86%,16.0,23.0,+2,E,29.9%,1.4,71,N,26.0,17.9,0.8,--,--,3.7%,14.3,29.54,139.6,374.8,1.2%,06/30,7.5k,H,value,90
PROT.OL,PROTECTOR FORS,35.0B,425.60,583.75,37.2%,4.0,100%,100%,4.0,4.0,0,A,37.2%,0.4,76,N,17.2,14.9,1.0,--,4.67%,--,3.3,--,30.6,31.6,5.1%,06/30,7.5k,H,value,90
0101.HK,HANG LUNG PROP,34.7B,6.67,9.46,41.8%,13.0,84%,84%,13.0,13.0,0,A,35.1%,0.8,65,N,20.2,10.9,0.4,0.3,7.80%,--,--,-18.85,1.4,36.5,12.9%,07/31,7.5k,H,value,90
KR,THE KROGER CO.,34.6B,58.62,68.14,16.2%,24.0,80%,50%,5.0,24.0,+1,E,13.0%,0.4,77,N,31.7,10.6,0.5,0.6,2.57%,5.0%,148.6,--,14.4,413.2,7.3%,07/31,6k,H,value,90
DNP.WA,DINO POLSKA S.,34.4B,35.07,35.87,2.3%,18.0,50%,50%,18.0,18.0,+3,A,1.1%,0.5,75,Y,21.9,1.9,0.1,--,--,--,-17.0,--,18.2,9.1,1.1%,06/30,5k,H,value,90
AXON,AXON ENTERPRIS,34.3B,422.52,704.11,66.6%,21.0,86%,85%,7.0,21.0,0,E,57.1%,1.4,55,N,176.8,40.1,1.5,2.1,--,5.3%,1446.2,--,6.2,50.4,0.6%,06/30,7.5k,H,value,90
MLM,MARTIN MARIETT,34.1B,479.81,652.71,36.0%,24.0,60%,66%,15.0,24.0,+2,E,21.6%,1.1,67,N,31.2,22.5,1.0,1.8,0.70%,4.6%,-29.1,--,8.9,54.9,1.7%,06/30,7k,H,value,90
TKO,TKO GROUP HOLD,34.0B,179.72,231.42,28.8%,22.0,100%,81%,9.0,22.0,+1,E,28.8%,0.6,79,N,64.4,38.4,2.5,1.6,1.78%,12.6%,147.7,-8.14,7.1,59.2,2.5%,06/30,7.5k,H,value,90
SGO.PA,COMPAGNIE DE S,33.7B,69.04,97.55,41.3%,18.0,72%,72%,18.0,18.0,-1,A,29.7%,1.2,72,N,12.8,10.2,0.4,1.1,3.30%,--,--,--,11.0,66.3,9.2%,07/30,7.5k,H,value,90
3888.HK,KINGSOFT CORPO,33.7B,24.82,32.76,32.0%,9.0,66%,66%,9.0,9.0,-1,A,21.1%,0.6,65,N,10.3,22.7,1.5,--,0.52%,--,2.9,-27.86,14.6,0.8,5.3%,06/30,7k,H,value,90
NTR,NUTRIEN LTD.,33.5B,70.25,76.81,9.3%,25,67%,60%,9,25,-2,E,6.2%,1.1,82,Y,14.2,14.0,0.6,2.0,3.09%,1.6%,161.6,27.05,9.4,49.1,4.8%,06/30,5.5k,H,value,90
BIIB,BIOGEN INC.,33.4B,225.88,238.18,5.4%,35.0,63%,62%,19.0,35.0,+1,E,3.4%,0.2,98,Y,40.1,13.7,0.5,2.3,--,4.4%,-79.1,--,4.6,44.3,3.8%,06/30,5.5k,H,value,90
ALNY,ALNYLAM PHARMA,33.0B,246.74,371.12,50.4%,29.0,79%,75%,24.0,29.0,+1,E,39.9%,0.3,50,N,43.0,19.8,0.7,0.3,--,7.2%,-34.5,-46.44,96.6,220.6,0.8%,06/30,7.5k,H,value,90
CCL,CARNIVAL CORPO,33.0B,24.54,34.05,38.7%,29.0,86%,82%,22.0,29.0,+1,E,33.5%,--,72,N,10.6,9.6,0.4,0.8,1.83%,3.8%,-71.0,--,24.0,177.1,5.3%,05/31,7.5k,H,value,90
IRM,IRON MOUNTAIN ,33.0B,110.95,144.91,30.6%,12.0,100%,91%,5.0,12.0,+1,E,30.6%,1.2,82,N,78.7,40.6,1.4,--,3.10%,3.6%,20.3,--,--,--,-1.3%,06/30,7.5k,H,value,90
RKT,ROCKET COMPANI,32.6B,11.51,17.70,53.8%,17,55%,58%,11,17,+2,E,29.3%,2.2,47,N,--,13.5,0.9,0.5,--,6.5%,285.7,--,3.0,140.9,-10.9%,06/30,7.5k,H,value,90
QSR,RESTAURANT BRA,32.6B,71.08,86.17,21.2%,27.0,50%,62%,12.0,27.0,-1,E,10.6%,0.5,87,N,17.9,16.1,0.7,0.9,3.64%,6.3%,58.9,--,34.8,290.1,5.3%,06/30,6k,H,value,90
ZS,"ZSCALER, INC.",32.5B,199.42,210.13,5.4%,46.0,91%,78%,32.0,46.0,-2,E,4.9%,0.9,59,Y,--,35.6,1.0,2.2,--,6.1%,71.0,--,-2.9,71.9,3.3%,07/31,5.5k,H,value,90
2331.HK,LI NING COMPAN,32.3B,12.49,18.90,51.3%,30.0,76%,76%,30.0,30.0,-3,A,39.0%,0.9,53,N,9.2,9.8,0.4,1.5,5.40%,--,--,-25.84,10.8,6.9,5.0%,08/20,7.5k,H,value,90
DTG.DE,DAIMLER TRUCK ,31.8B,41.83,51.26,22.5%,18,61%,61%,18,18,0,A,13.7%,0.9,84,N,28.8,8.7,0.3,0.3,4.51%,--,-44.8,--,5.0,127.0,17.1%,06/30,6k,H,value,90
VMC,VULCAN MATERIA,31.7B,244.63,321.78,31.5%,24.0,50%,66%,8.0,24.0,+1,E,15.8%,1.1,74,N,29.2,23.0,1.0,1.7,0.86%,4.9%,-14.3,--,13.2,58.2,2.7%,06/30,6.5k,H,value,90
RKT.L,RECKITT BENCKI,31.7B,4992.00,6239.05,25.0%,19.0,73%,73%,19.0,19.0,+1,A,18.2%,0.3,77,N,11.2,13.9,0.6,2.1,4.43%,--,--,--,48.0,179.7,9.8%,07/28,6.5k,H,value,90
MING.OL,SPAREBANK 1 SM,31.5B,218.20,222.50,2.0%,4.0,50%,50%,4.0,4.0,-1,A,1.0%,0.4,98,Y,11.7,11.0,0.7,--,6.19%,--,3.6,--,14.1,--,--,06/30,5k,H,value,90
HBAN,HUNTINGTON BAN,30.8B,15.26,19.75,29.4%,20,75%,70%,16,20,-1,E,22.1%,0.9,78,N,11.7,8.6,0.6,1.6,4.06%,2.6%,15.6,--,9.0,--,--,06/30,7k,H,value,90
CNC,CENTENE CORPOR,30.7B,62.12,71.78,15.5%,21,50%,38%,10,21,+1,E,7.8%,1.1,89,Y,--,11.6,0.4,0.7,--,3.3%,116.5,--,-20.4,71.1,31.4%,06/30,5.5k,H,value,90
PUK,PRUDENTIAL PLC,30.5B,24.74,38.05,53.8%,4,100%,100%,4,4,+1,A,53.8%,0.9,73,N,8.7,12.3,0.8,2.4,2.20%,0.1%,--,-10.26,18.7,28.7,13.6%,08/27,7.5k,H,value,90
EQT,EQT CORPORATIO,30.4B,48.56,67.50,39.0%,26.0,100%,84%,13.0,26.0,+3,E,39.0%,0.6,71,N,11.3,12.9,0.8,1.5,1.35%,4.1%,-37.1,-12.51,11.1,19.6,8.1%,06/30,7.5k,H,value,90
TLX.DE,TALANX AG,30.3B,117.50,128.43,9.3%,7,57%,57%,7,7,0,A,5.3%,0.3,91,Y,11.7,10.2,0.7,3.2,3.01%,--,22.7,--,20.4,40.4,8.7%,06/30,5.5k,H,value,90
JBL,JABIL INC.,30.1B,286.86,427.33,49.0%,10.0,83%,90%,12.0,10.0,+1,E,40.8%,1.3,67,N,35.9,13.7,0.4,--,0.10%,3.2%,26.1,--,65.9,297.1,4.0%,05/31,7.5k,H,value,90
ON,ON SEMICONDUCT,29.9B,76.87,103.69,34.9%,30.0,52%,46%,23.0,30.0,+3,E,18.2%,2.0,57,N,50.2,17.0,0.5,0.2,--,10.4%,-11.1,--,8.3,65.1,5.5%,06/30,6.5k,H,value,90
HLN.L,HALEON PLC,29.7B,337.60,418.47,24.0%,18.0,61%,61%,18.0,18.0,0,A,14.6%,0.2,81,N,18.8,14.8,0.5,2.1,2.17%,--,--,--,10.1,50.2,6.1%,07/30,6k,H,value,90
BPE.MI,BPER BANCA SPA,29.6B,14.15,15.33,8.4%,11,63%,63%,11,11,-1,A,5.3%,0.7,94,Y,13.0,10.9,0.7,--,8.88%,--,-23.3,--,15.3,--,--,06/30,5.5k,H,value,90
SIG.AX,SIGMA HEALTHCA,29.5B,2.56,3.20,24.7%,16.0,68%,68%,16.0,16.0,0,A,16.8%,0.3,80,N,42.8,28.8,1.0,--,1.54%,--,--,-12.35,14.7,40.5,1.3%,08/27,6.5k,H,value,90
SIKA.SW,SIKA AG,29.5B,184.00,200.05,8.7%,21.0,61%,61%,21.0,21.0,-1,A,5.3%,1.2,93,Y,28.6,22.2,1.0,2.5,2.00%,--,--,6.86,16.0,89.2,3.5%,02/20,5.5k,H,value,90
GEHC,GE HEALTHCARE ,29.5B,65.37,83.05,27.1%,20,55%,75%,11,20,+1,E,14.8%,0.8,73,N,15.1,12.1,0.4,1.6,0.24%,4.2%,25.6,--,19.4,94.0,5.3%,06/30,6k,H,value,90
TSCO.L,TESCO PLC,29.2B,468.80,514.67,9.8%,15,73%,73%,15,15,0,A,7.1%,0.6,92,Y,17.4,14.0,0.6,2.1,3.08%,--,--,--,15.5,131.6,7.7%,--,5.5k,H,--,30
EXR,EXTRA SPACE ST,29.0B,131.51,158.50,20.5%,21.0,55%,47%,11.0,21.0,+1,E,11.2%,1.2,83,N,29.0,27.3,0.9,5.3,4.85%,3.1%,-3.5,--,7.0,101.7,5.2%,06/30,6k,H,value,90
ZTS,ZOETIS INC.,28.9B,69.83,96.00,37.5%,17.0,54%,47%,13.0,17.0,-3,E,20.2%,0.7,47,N,11.4,10.7,0.4,6.7,3.02%,4.8%,-4.2,--,64.9,294.0,7.0%,06/30,6.5k,H,value,90
CBOE,CBOE GLOBAL MA,28.7B,275.29,315.64,14.7%,17,50%,23%,6,17,0,E,7.3%,0.4,74,N,21.5,18.1,1.2,2.4,1.31%,3.0%,17.4,14.8,26.3,28.1,2.4%,06/30,5.5k,H,value,90
RYAAY,RYANAIR HOLDIN,28.5B,55.01,68.68,24.9%,6.0,100%,100%,6.0,6.0,+1,A,24.9%,1.0,74,N,13.4,11.9,0.4,5.2,1.63%,0.5%,-68.7,--,22.4,1.9,-0.8%,06/30,7k,H,value,90
CCI,CROWN CASTLE I,28.4B,66.65,94.45,41.7%,23.0,67%,52%,9.0,23.0,+2,E,27.8%,1.0,66,N,27.2,23.0,0.8,0.6,6.34%,2.8%,7.9,--,--,--,3.7%,06/30,7.5k,H,value,90
0257.HK,CHINA EVERBRIG,28.3B,4.60,6.28,36.5%,8,100%,100%,8,8,0,A,36.5%,0.6,78,N,6.8,6.3,0.2,--,6.09%,--,--,9.62,6.4,116.0,13.3%,08/28,7.5k,H,value,90
LDO.MI,LEONARDO S.P.A,28.3B,49.00,69.15,41.1%,19.0,73%,73%,19.0,19.0,+3,A,30.0%,0.4,74,N,25.1,17.1,0.6,1.3,1.28%,--,-40.5,--,11.9,41.5,3.9%,06/30,7.5k,H,value,90
1128.HK,"WYNN MACAU, LI",28.2B,5.34,6.94,29.9%,14.0,78%,78%,14.0,14.0,+1,A,23.4%,0.9,73,N,10.1,10.5,0.4,0.4,8.35%,--,--,-19.9,--,--,5.5%,08/27,7k,H,value,90
TDY,TELEDYNE TECHN,28.1B,606.81,758.08,24.9%,12.0,50%,75%,6.0,12.0,-1,E,12.5%,0.9,87,N,29.4,22.7,0.7,--,--,2.3%,14.0,5.52,9.2,18.6,3.2%,06/30,6k,H,value,90
MDB,"MONGODB, INC.",28.0B,348.61,448.94,28.8%,41,85%,78%,46,41,+1,E,24.4%,1.6,74,Y,491.0,44.7,1.3,--,--,3.7%,2139.9,--,2.0,1.8,2.0%,07/31,7k,H,value,90
AMC.AX,AMCOR PLC,27.9B,60.33,72.61,20.4%,15.0,53%,53%,15.0,15.0,-4,A,10.8%,0.6,85,N,17.8,9.9,0.4,1.0,6.01%,--,48.5,4.05,9.4,128.3,5.4%,06/30,6k,H,value,90
TS,TENARIS S.A.,27.9B,55.18,64.20,16.3%,12.0,50%,58%,4.0,12.0,0,E,8.2%,0.5,85,Y,14.8,13.3,0.8,--,4.32%,2.4%,7.1,52.24,11.6,2.6,3.1%,06/30,5.5k,H,value,90
ADYEN.AS,ADYEN N.V.,27.7B,876.60,1382.43,57.7%,35,80%,80%,35,35,0,A,46.2%,1.9,55,N,24.6,18.7,0.5,0.9,--,--,--,--,21.3,6.9,-4.3%,08/13,7.5k,H,value,90
1797.HK,EAST BUY HOLDI,27.6B,26.16,28.76,9.9%,8.0,87%,87%,8.0,8.0,0,A,8.6%,-3.5,79,Y,43.6,24.2,1.0,--,--,--,--,0.69,10.1,0.6,2.4%,08/21,5.5k,H,value,90
AEE,AMEREN CORPORA,27.5B,99.38,117.88,18.6%,17.0,50%,64%,16.0,17.0,+1,E,9.3%,0.5,84,N,17.5,17.1,1.0,2.5,2.99%,5.0%,29.8,--,11.9,157.8,-6.5%,06/30,6k,H,value,90
RDDT,"REDDIT, INC.",27.4B,142.44,213.71,50.0%,34.0,69%,64%,13.0,34.0,+1,E,34.6%,2.0,54,N,33.1,14.7,1.0,0.8,--,13.7%,55.4,--,30.7,0.6,2.5%,06/30,7.5k,H,value,90
TOM.OL,TOMRA SYSTEMS ,27.1B,91.60,126.84,38.5%,5.0,100%,100%,5.0,5.0,-2,A,38.5%,1.2,59,N,31.4,14.3,0.5,--,2.31%,--,7.7,--,14.8,115.7,1.0%,06/30,7.5k,H,value,90
CFG,CITIZENS FINAN,26.9B,63.76,80.65,26.5%,18,74%,83%,19,18,-1,E,19.5%,1.0,85,N,13.9,9.8,0.6,--,2.88%,0.0%,18.8,--,8.3,--,--,06/30,6.5k,H,value,90
WTW,WILLIS TOWERS ,26.8B,288.23,378.53,31.3%,21.0,71%,66%,17.0,21.0,-1,E,22.1%,0.4,82,N,17.8,12.6,0.8,--,1.33%,3.0%,-24.7,--,19.8,91.4,5.3%,06/30,7k,H,value,90
III.L,3I GROUP ORD,26.7B,2624.00,3394.09,29.3%,12.0,75%,75%,12.0,12.0,0,A,22.0%,1.1,58,N,4.9,4.3,0.3,--,3.19%,--,--,--,19.1,4.1,12.7%,--,7k,H,value,90
TGS.OL,TGS ASA,26.6B,135.40,151.30,11.7%,8,50%,50%,8,8,+1,A,5.9%,-0.1,85,Y,29.1,10.8,0.6,--,4.32%,--,166.0,--,5.0,41.2,0.6%,06/30,5.5k,H,value,90
ZM,ZOOM COMMUNICA,26.5B,90.77,118.24,30.3%,30.0,54%,60%,13.0,30.0,0,E,16.3%,1.0,79,N,8.4,14.3,0.4,2.5,--,2.7%,151.7,--,32.1,0.5,7.5%,07/31,6.5k,H,value,90
HAL,HALLIBURTON CO,26.5B,31.80,43.44,36.6%,28,64%,75%,11,28,+1,E,23.3%,0.8,73,N,16.6,11.0,0.6,0.7,2.16%,5.7%,2866.7,--,14.9,74.2,7.7%,06/30,7k,H,value,90
FOXA,FOX CORPORATIO,26.4B,62.65,76.42,22.0%,19,75%,57%,8,19,+2,E,16.5%,0.6,82,N,16.4,10.7,0.7,1.1,0.93%,26.5%,15.4,2.17,14.3,64.1,2.1%,06/30,6.5k,H,value,90
ALC.SW,ALCON INC.,26.1B,53.98,76.25,41.2%,26,80%,80%,26,26,-1,A,33.0%,0.7,79,N,49.5,14.8,0.5,1.2,0.51%,--,-100.0,-8.47,2.9,24.5,4.9%,06/30,7.5k,H,value,90
2367.HK,GIANT BIOGENE ,26.0B,24.46,37.40,52.9%,17.0,76%,76%,17.0,17.0,-2,A,40.2%,0.7,43,N,13.1,10.7,0.5,--,2.53%,--,--,-54.61,18.0,0.1,-0.7%,--,7.5k,H,value,90
ECHO,ECHOSTAR CORPO,26.0B,89.41,131.44,47.0%,8,100%,100%,4,8,+6,E,47.0%,1.0,61,N,--,3.9,0.3,--,--,23.4%,166.2,12.47,-33.4,123.8,-72.6%,06/30,7.5k,H,value,90
PBA,PEMBINA PIPELI,25.9B,44.58,46.76,4.9%,19,63%,63%,19,19,+1,A,3.1%,0.7,86,N,22.2,19.7,1.2,1.7,4.74%,--,79.0,15.48,10.5,80.9,5.6%,06/30,5.5k,H,value,90
ATI,ATI INC.,25.8B,189.40,259.89,37.2%,9.0,100%,100%,7.0,9.0,0,E,37.2%,1.0,78,Y,55.7,29.7,1.1,--,--,4.8%,37.3,--,25.4,109.7,1.3%,06/30,7.5k,H,value,90
TSEM,TOWER SEMICOND,25.7B,227.43,312.93,37.6%,9.0,100%,88%,4.0,9.0,+4,E,37.6%,0.9,71,Y,87.5,34.2,1.0,3.4,--,2.4%,69.2,204.09,10.0,4.6,0.6%,06/30,7.5k,H,value,90
UMG.AS,UNIVERSAL MUSI,25.7B,14.27,21.82,52.9%,21.0,52%,52%,21.0,21.0,-2,A,27.5%,0.8,56,N,79.2,13.0,0.8,2.3,3.56%,--,--,--,7.7,152.3,7.0%,03/31,7.5k,H,value,90
0268.HK,KINGDEE INTERN,25.6B,7.34,13.24,80.3%,17.0,88%,88%,17.0,17.0,-1,A,70.7%,0.9,41,N,91.8,27.0,0.8,--,--,--,--,-58.08,2.9,0.8,-0.6%,08/11,7.5k,H,value,90
CPAY,"CORPAY, INC.",25.5B,388.60,461.00,18.6%,16.0,67%,81%,9.0,16.0,+1,E,12.4%,0.9,91,Y,23.8,12.4,0.4,0.8,--,4.9%,-10.7,--,29.2,275.3,7.6%,06/30,6k,H,value,90
ASKER.ST,ASKER HEALTHCA,25.5B,66.45,88.40,33.0%,5.0,60%,60%,5.0,5.0,-1,A,19.8%,--,70,N,37.3,19.7,0.7,--,0.61%,--,69.8,--,10.5,92.3,2.1%,06/30,6.5k,H,value,90
BXB.AX,BRAMBLES LIMIT,25.4B,19.08,22.00,15.3%,14.0,50%,50%,14.0,14.0,0,A,7.7%,0.5,75,N,19.3,16.1,0.6,--,3.36%,--,--,-21.61,28.8,93.7,2.1%,08/20,5.5k,H,value,90
ADS.DE,ADIDAS AG,25.4B,145.30,198.73,36.8%,31.0,74%,74%,31.0,31.0,0,A,27.2%,1.2,74,N,18.6,12.5,0.5,0.5,1.92%,--,-19.4,--,24.3,94.1,3.7%,06/30,7.5k,H,value,90
CPRT,"COPART, INC.",25.3B,27.28,39.00,43.0%,12.0,62%,58%,8.0,12.0,0,E,26.9%,1.0,59,N,17.6,15.6,0.6,2.8,--,4.6%,1.5,--,16.2,1.0,3.5%,07/31,7k,H,value,90
1585.HK,YADEA GROUP HO,25.3B,8.28,14.27,72.4%,12.0,100%,100%,12.0,12.0,-2,A,72.4%,0.6,55,N,8.8,6.8,0.3,--,6.40%,--,--,-37.09,25.3,11.9,7.3%,--,7.5k,H,value,90
NESTE.HE,NESTE OYJ,25.2B,32.74,34.26,4.6%,19.0,57%,57%,19.0,19.0,+2,A,2.6%,0.6,91,Y,16.5,12.7,0.7,--,0.61%,--,2225.0,--,19.4,55.5,4.2%,06/30,5k,H,value,90
FE,FIRSTENERGY CO,25.1B,43.33,52.92,22.1%,16.0,100%,56%,4.0,16.0,+1,E,22.1%,0.4,83,N,23.3,14.7,0.8,1.4,4.29%,6.9%,-34.7,--,9.5,200.9,-8.0%,06/30,7k,H,value,90
LH,LABCORP HOLDIN,25.0B,308.11,344.81,11.9%,18.0,70%,72%,10.0,18.0,-1,E,8.3%,0.9,90,Y,25.5,15.5,0.5,1.2,0.93%,3.0%,14.4,--,11.7,79.1,3.6%,06/30,5.5k,H,value,90
CPNG,"COUPANG, INC.",24.9B,13.87,23.51,69.5%,18.0,75%,77%,4.0,18.0,+1,E,52.1%,1.2,42,N,--,50.9,2.1,1.2,--,6.2%,-700.0,-57.23,-20.0,188.6,-1.0%,06/30,7.5k,H,value,90
HEI.DE,HEIDELBERG MAT,24.9B,141.75,210.20,48.3%,20.0,75%,75%,20.0,20.0,0,A,36.2%,0.9,59,N,12.3,9.9,0.4,1.3,2.49%,--,--,--,11.7,50.4,5.0%,11/02,7.5k,H,value,90
INSM,INSMED INCORPO,24.9B,114.14,197.74,73.2%,24.0,100%,100%,10.0,24.0,+2,E,73.2%,0.8,54,N,--,147.3,4.9,--,--,5.6%,96.4,-22.5,-87.2,97.7,-2.3%,06/30,7.5k,H,value,90
PPL,PPL CORPORATIO,24.8B,32.89,40.12,22.0%,17.0,92%,76%,12.0,17.0,+1,E,20.2%,0.6,82,N,19.5,15.5,0.9,1.2,3.50%,5.4%,-27.7,--,8.6,135.4,-7.8%,06/30,6.5k,H,value,90
BNTX,BIONTECH SE,24.7B,98.30,116.85,18.9%,20.0,80%,70%,5.0,20.0,-1,E,15.1%,1.3,79,Y,--,-17.6,--,--,--,3.5%,-2759.9,-3.83,-9.3,1.8,-1.0%,06/30,6.5k,H,value,90
TCOM,TRIP.COM GROUP,24.6B,39.10,58.49,49.6%,29.0,86%,89%,7.0,29.0,+1,E,42.5%,-0.1,49,N,7.6,9.5,0.4,--,--,1.9%,-112.4,--,15.6,16.8,--,06/30,7.5k,H,value,90
NWS.AX,NEWS CORPORATI,24.6B,45.59,55.72,22.2%,7.0,85%,85%,7.0,7.0,-1,A,18.9%,0.9,87,Y,31.0,20.2,1.3,2.8,0.61%,--,59.8,-12.65,8.0,31.6,4.2%,06/30,6.5k,H,value,90
INCY,INCYTE CORPORA,24.6B,121.35,127.96,5.4%,28,60%,42%,20,28,+1,E,3.3%,0.8,92,Y,15.2,13.7,0.5,10.8,--,8.4%,38.1,--,30.7,0.6,4.8%,06/30,5.5k,H,value,90
LVS,LAS VEGAS SAND,24.5B,37.81,59.07,56.2%,21.0,72%,66%,18.0,21.0,-1,E,40.6%,0.8,54,N,14.7,10.8,0.5,0.8,3.13%,14.4%,-17.4,--,122.9,1703.9,9.0%,06/30,7.5k,H,value,90
PCO.WA,PEPCO GROUP N.,24.5B,44.90,43.75,-2.6%,13.0,84%,84%,13.0,13.0,+1,A,-2.2%,1.1,95,Y,26.6,106.9,4.5,--,0.92%,--,--,--,85.1,1130.9,2.8%,--,5k,H,--,30
MTRS.ST,MUNTERS GROUP ,24.4B,133.55,212.50,59.1%,8.0,87%,87%,8.0,8.0,+1,A,51.4%,0.7,63,N,48.0,16.8,0.6,--,1.21%,--,14.8,--,9.9,148.5,3.4%,06/30,7.5k,H,value,90
3323.HK,CHINA NATIONAL,24.4B,3.22,5.97,85.4%,10,90%,90%,10,10,-1,A,76.9%,1.3,44,N,--,4.1,0.2,--,5.32%,--,--,-39.63,-2.5,118.1,-3.3%,03/31,7.5k,H,value,90
RYA.IR,RYANAIR HOLDIN,24.3B,23.49,28.57,21.6%,18.0,88%,88%,18.0,18.0,-1,A,19.0%,1.0,78,N,13.1,13.5,0.5,--,1.66%,--,-68.7,--,22.4,1.9,-0.9%,06/30,6.5k,H,value,90
LPLA,LPL FINANCIAL ,24.1B,305.80,429.33,40.4%,17.0,76%,76%,17.0,17.0,0,A,30.7%,0.5,76,N,24.3,10.2,0.7,0.4,0.39%,2.3%,1384.9,-3.18,18.6,135.4,--,06/30,7.5k,H,value,90
ODL.OL,ODFJELL DRILLI,24.0B,100.20,116.51,16.3%,4.0,75%,75%,4.0,4.0,-1,A,12.2%,0.3,89,Y,11.3,8.8,0.5,--,8.84%,--,35.5,--,15.7,67.1,-1.4%,06/30,6k,H,value,90
6186.HK,CHINA FEIHE LI,24.0B,2.73,3.72,36.1%,13,61%,61%,13,13,0,A,22.1%,0.5,61,N,12.4,9.4,0.4,0.8,7.76%,--,--,-26.64,7.4,2.1,7.0%,08/26,7k,H,value,90
ACS.MC,"ACS, ACTIVIDAD",23.7B,91.05,134.71,47.9%,16,68%,68%,16,16,+4,A,32.6%,0.6,64,N,23.9,18.4,0.7,--,2.51%,--,35.7,--,24.1,256.8,12.5%,06/30,7.5k,H,value,90
RBRK,"RUBRIK, INC.",23.6B,114.47,120.15,5.0%,28.0,95%,100%,22.0,28.0,+1,E,4.7%,1.2,98,Y,--,149.1,4.3,--,--,8.3%,3.2,38.87,--,--,2.0%,07/31,5.5k,H,value,90
IHG.L,INTERCONTINENT,23.6B,161.55,163.67,1.3%,16,56%,56%,16,16,+1,A,0.7%,1.0,92,Y,34.3,24.8,1.0,1.3,1.18%,--,--,--,--,--,3.9%,08/11,5k,H,value,90
XYL,XYLEM INC.,23.6B,101.27,153.88,51.9%,21.0,70%,66%,10.0,21.0,-1,E,36.4%,1.0,66,N,24.1,16.2,0.6,1.3,1.70%,6.0%,15.9,--,9.2,28.6,5.0%,06/30,7.5k,H,value,90
3800.HK,GCL TECHNOLOGY,23.6B,0.74,1.23,65.3%,12.0,100%,100%,12.0,12.0,0,A,65.3%,0.7,49,N,--,14.9,0.4,--,--,--,--,-43.13,-7.7,43.4,5.1%,08/28,7.5k,H,value,90
HACK.ST,HACKSAW AB (PU,23.5B,81.40,105.59,29.7%,4.0,100%,100%,4.0,4.0,0,A,29.7%,--,86,Y,12.0,94.5,6.2,--,5.28%,--,18.2,--,170.5,2.4,0.5%,06/30,7.5k,H,value,90
2386.HK,SINOPEC ENGINE,23.4B,5.33,6.95,30.6%,4.0,100%,100%,4.0,4.0,+1,A,30.6%,0.7,65,N,13.0,7.8,0.3,--,5.03%,--,--,-15.91,4.9,4.1,13.0%,08/17,7.5k,H,value,90
ULTA,"ULTA BEAUTY, I",23.4B,546.17,630.64,15.5%,28,70%,67%,10,28,0,E,10.8%,0.9,76,N,19.9,17.0,0.7,2.0,--,5.7%,22.1,--,46.1,95.5,3.9%,07/31,6k,H,value,90
AFRM,AFFIRM HOLDING,23.4B,69.23,99.09,43.1%,34.0,86%,79%,35.0,34.0,+4,E,37.0%,3.6,77,Y,12.5,14.3,0.9,8.3,--,5.5%,1903.4,-6.97,45.1,182.8,2.0%,06/30,7.5k,H,value,90
FWONK,FORMULA ONE GR,23.2B,92.40,119.29,29.1%,17.0,70%,88%,10.0,17.0,+1,E,20.4%,0.7,84,Y,114.1,47.2,3.1,--,--,4.0%,-92.4,--,2.7,59.9,2.8%,06/30,6.5k,H,value,90
PPG,PPG INDUSTRIES,23.2B,104.33,126.29,21.0%,24.0,50%,45%,8.0,24.0,+1,E,10.5%,1.1,78,N,15.0,12.1,0.5,1.5,2.79%,3.4%,-1.1,--,19.3,86.9,4.8%,06/30,6k,H,value,90
SYF,SYNCHRONY FINA,23.1B,70.97,89.43,26.0%,23,60%,69%,10,23,+1,E,15.6%,1.3,80,N,7.3,6.8,0.5,0.9,1.90%,7.7%,-17.8,--,20.8,--,--,06/30,6.5k,H,value,90
CATE.ST,CATENA AB (PUB,23.1B,347.80,476.38,37.0%,8.0,75%,75%,8.0,8.0,-1,A,27.7%,1.2,69,N,10.2,13.6,0.5,--,2.69%,--,190.6,--,8.5,93.1,5.9%,06/30,7.5k,H,value,90
SAMPO.HE,SAMPO OYJ,23.0B,8.73,10.56,21.0%,16.0,62%,62%,16.0,16.0,0,A,13.0%,0.2,84,N,13.6,14.3,0.9,31.5,4.11%,--,10.8,--,24.1,34.7,4.2%,06/30,6k,H,value,90
PRU.L,PRUDENTIAL PLC,23.0B,931.40,1420.04,52.5%,14,100%,100%,14,14,+1,A,52.5%,0.9,75,N,8.6,9.0,0.6,2.4,2.17%,--,--,--,18.7,28.7,18.0%,08/27,7.5k,H,value,90
VLTO,VERALTO CORPOR,23.0B,94.32,114.79,21.7%,16.0,57%,62%,7.0,16.0,-2,E,12.4%,0.8,87,Y,23.8,19.8,0.7,2.3,0.54%,3.1%,0.8,--,34.3,116.0,3.5%,06/30,6k,H,value,90
VIE.PA,VEOLIA ENVIRON,22.9B,30.81,39.56,28.4%,17.0,76%,76%,17.0,17.0,-1,A,21.6%,1.0,82,N,17.9,11.8,0.4,1.0,4.85%,--,--,--,13.4,250.3,9.6%,07/30,7k,H,value,90
SUNB.L,SUNBELT RENTAL,22.9B,5582.00,6442.94,15.4%,7.0,57%,57%,7.0,7.0,-3,A,8.8%,1.6,86,Y,22.1,15.7,0.6,1.1,1.44%,--,3.0,--,18.4,153.4,7.5%,07/31,5.5k,H,value,90
ASTS,AST SPACEMOBIL,22.9B,58.86,79.61,35.3%,14.0,71%,35%,7.0,14.0,+3,E,25.2%,2.7,44,N,--,-45.7,--,--,--,21.8%,-87.9,3.37,-45.6,124.9,-7.9%,06/30,7k,H,value,90
EXO.AS,EXOR N.V.,22.7B,69.00,106.00,53.6%,8.0,87%,87%,8.0,8.0,-1,A,46.7%,0.5,79,N,--,54.1,3.6,--,0.69%,--,--,--,-12.6,11.5,-11.5%,09/22,7.5k,H,value,90
AER,AERCAP HOLDING,22.6B,143.52,179.30,24.9%,10.0,88%,90%,8.0,10.0,+2,E,21.8%,0.9,90,N,7.1,7.9,0.3,--,1.10%,2.2%,-40.3,17.89,18.7,232.7,-6.9%,06/30,7k,H,value,90
CASY,CASEY'S GENERA,22.5B,608.46,790.53,29.9%,20,56%,75%,9,20,+2,E,16.6%,0.6,66,N,29.3,25.9,1.1,2.7,0.43%,4.6%,32.7,--,20.0,70.5,2.2%,07/31,6.5k,H,value,90
IOT,SAMSARA INC.,22.3B,38.13,52.16,36.8%,25.0,68%,76%,19.0,25.0,+2,E,25.2%,1.3,80,Y,254.2,40.2,1.2,--,--,9.1%,109.1,0.0,6.4,4.3,1.2%,07/31,7k,H,value,90
PHM,"PULTEGROUP, IN",22.1B,116.06,140.80,21.3%,16.0,64%,62%,11.0,16.0,+2,E,13.6%,1.2,80,N,11.9,10.5,0.4,1.0,0.88%,6.2%,-19.4,--,14.9,19.1,4.9%,06/30,6k,H,value,90
TW,TRADEWEB MARKE,22.0B,100.84,123.64,22.6%,15.0,50%,53%,10.0,15.0,0,E,11.3%,0.6,79,N,24.1,22.0,1.4,1.6,0.56%,3.0%,-2.3,-5.82,14.5,2.0,--,06/30,6k,H,value,90
DRI,DARDEN RESTAUR,21.9B,193.25,234.42,21.3%,27,69%,62%,29,27,0,E,14.7%,0.6,84,N,19.0,15.6,0.7,1.9,3.32%,7.2%,58.1,--,55.4,414.4,4.7%,05/31,6k,H,value,90
FPH.AX,FISHER & PAYKE,21.9B,37.18,37.22,0.1%,9,88%,88%,9,9,0,A,0.1%,0.9,99,Y,58.1,42.1,1.4,--,1.16%,--,--,15.86,23.4,6.9,1.8%,03/31,5k,H,--,30
VRSK,VERISK ANALYTI,21.8B,167.85,234.76,39.9%,19.0,60%,57%,5.0,19.0,+1,E,23.9%,0.7,66,N,25.8,19.3,0.7,1.4,1.19%,4.1%,1.4,--,--,--,4.8%,06/30,7k,H,value,90
MTSI,MACOM TECHNOLO,21.8B,284.82,395.33,38.8%,16,60%,81%,5,16,+1,E,23.3%,1.7,68,Y,91.0,33.5,1.0,--,--,4.3%,123.2,125.05,17.2,26.9,0.5%,06/30,7k,H,value,90
AMS.MC,AMADEUS IT GRO,21.8B,51.82,69.06,33.3%,22.0,81%,81%,22.0,22.0,+1,A,27.0%,0.6,75,N,17.1,13.4,0.4,1.3,2.93%,--,-4.7,--,26.5,78.6,13.4%,06/30,7.5k,H,value,90
WIHL.ST,WIHLBORGS FAST,21.7B,70.60,91.14,29.1%,7,57%,57%,7,7,-1,A,16.6%,1.2,71,N,9.9,11.4,0.4,--,4.60%,--,-33.4,--,9.3,148.8,6.9%,06/30,6.5k,H,value,90
EXPN.L,EXPERIAN PLC,21.7B,2465.00,3800.18,54.2%,18,88%,88%,18,18,-1,A,47.7%,0.8,66,N,20.0,14.2,0.5,1.2,2.10%,--,--,--,28.3,100.3,4.2%,--,7.5k,H,value,90
22UA.DE,BIONTECH SE,21.7B,86.40,--,--,208.0,56%,56%,208.0,208.0,--,A,--,1.3,82,Y,--,--,--,--,--,--,-2759.9,--,-9.3,1.8,-1.1%,06/30,5k,H,value,90
9896.HK,MINISO GROUP H,21.6B,18.45,28.12,52.4%,14,78%,78%,14,14,-2,A,40.9%,0.1,40,N,15.4,6.3,0.3,--,7.05%,--,-165.6,-58.45,11.8,126.8,10.6%,06/30,7.5k,H,value,90
KEY,KEYCORP,21.4B,20.07,25.82,28.7%,19,67%,57%,9,19,+1,E,19.1%,1.0,83,N,11.7,9.4,0.6,1.3,4.08%,0.0%,3.7,--,10.3,--,--,06/30,6.5k,H,value,90
THULE.ST,THULE GROUP AB,21.4B,198.80,265.00,33.3%,8.0,75%,75%,8.0,8.0,0,A,25.0%,1.3,77,N,18.4,14.0,0.6,--,4.24%,--,4.9,--,15.8,59.0,5.0%,06/30,7k,H,value,90
IFF,INTERNATIONAL ,21.3B,83.48,96.29,15.3%,20.0,67%,75%,6.0,20.0,-1,E,10.2%,1.0,93,Y,--,21.1,0.9,1.8,1.88%,8.8%,-20.0,--,-5.5,44.8,-8.1%,06/30,6k,H,value,90
BSP,BENDING SPOONS,21.2B,33.32,47.67,43.1%,12,58%,66%,12,12,+1,E,25.1%,--,57,N,77.5,17.4,0.5,--,--,--,257.8,-17.73,--,394.3,--,06/30,7k,H,value,90
RL,RALPH LAUREN C,21.2B,355.07,446.71,25.8%,19.0,100%,89%,10.0,19.0,+1,E,25.8%,1.4,84,N,22.4,17.0,0.7,1.9,1.12%,8.5%,26.4,--,37.5,110.4,4.2%,06/30,7k,H,value,90
JHX.AX,JAMES HARDIE I,21.2B,36.57,45.75,25.1%,19.0,68%,68%,19.0,19.0,-1,A,17.1%,1.0,83,Y,118.0,16.3,0.7,1.2,--,--,286.9,25.5,3.3,69.1,10.2%,06/30,6.5k,H,value,90
JBHT,J.B. HUNT TRAN,21.0B,224.05,298.00,33.0%,24.0,53%,62%,32.0,24.0,+2,E,17.5%,1.3,75,N,31.9,22.3,0.8,1.7,0.80%,3.2%,6.0,--,18.4,38.4,4.3%,06/30,6.5k,H,value,90
XPO,"XPO, INC.",20.6B,175.98,231.83,31.7%,25.0,60%,76%,15.0,25.0,+2,E,19.0%,1.7,76,N,51.9,27.2,1.0,1.7,--,5.5%,97.6,--,21.6,206.2,2.3%,06/30,6.5k,H,value,90
AV.L,AVIVA PLC,20.5B,686.40,729.66,6.3%,16.0,56%,56%,16.0,16.0,+1,A,3.5%,0.6,93,Y,40.4,9.9,0.7,1.7,5.79%,--,--,--,7.1,60.7,-11.1%,08/17,5.5k,H,value,90
PKG,PACKAGING CORP,20.4B,229.26,259.30,13.1%,11.0,75%,63%,12.0,11.0,-1,E,9.8%,0.8,88,Y,29.8,17.5,0.7,1.5,2.57%,4.4%,-15.3,--,14.9,94.5,2.1%,06/30,6k,H,value,90
LUV,SOUTHWEST AIRL,20.4B,41.64,49.79,19.6%,25,67%,44%,18,25,0,E,13.0%,1.1,76,N,26.2,8.9,0.3,0.2,1.73%,6.0%,331.5,--,11.1,97.3,-4.1%,06/30,6k,H,value,90
VACN.SW,VAT GROUP AG,20.4B,680.80,713.11,4.7%,18.0,55%,55%,18.0,18.0,0,A,2.6%,1.5,94,Y,98.1,40.2,1.5,1.2,1.03%,--,--,119.19,30.1,57.9,0.8%,--,5k,H,value,90
HBAN.SW,HELVETIA BALOI,20.3B,205.40,233.36,13.6%,8.0,75%,75%,8.0,8.0,0,A,10.2%,0.3,91,N,39.3,15.6,1.0,--,3.70%,--,--,9.43,3.9,136.8,-51.2%,09/17,6k,H,value,90
MTX.DE,MTU AERO ENGIN,20.2B,374.60,412.25,10.1%,20.0,55%,55%,20.0,20.0,+1,A,5.5%,0.9,93,Y,21.7,18.1,0.7,1.8,0.97%,--,--,--,22.6,55.6,1.6%,06/30,5.5k,H,value,90
NRG,"NRG ENERGY, IN",20.1B,95.65,188.56,97.1%,16.0,67%,81%,9.0,16.0,-1,E,64.8%,1.2,50,N,24.8,8.5,0.5,0.4,1.96%,3.7%,232.9,--,23.8,483.4,3.8%,06/30,7.5k,H,value,90
CADLR.OL,CADELER A/S,20.1B,52.10,70.14,34.6%,7,57%,57%,7,7,0,A,19.7%,0.7,75,N,8.9,4.0,0.1,--,--,--,46.9,--,12.7,90.8,-1.8%,06/30,6.5k,H,value,90
RGLD,"ROYAL GOLD, IN",20.0B,236.00,309.83,31.3%,12,100%,75%,5,12,0,E,31.3%,0.5,77,N,26.1,18.4,0.8,--,0.80%,3.0%,86.4,18.96,13.6,5.2,-0.9%,06/30,7.5k,H,value,90
EDP.LS,"EDP, S.A.",20.0B,4.84,5.21,7.6%,22.0,72%,72%,22.0,22.0,+3,A,5.5%,0.6,99,Y,16.7,15.6,0.9,2.6,4.29%,--,45.5,--,8.9,145.9,-4.7%,06/30,5.5k,H,value,90
USFD,US FOODS HOLDI,19.9B,92.21,116.00,25.8%,15.0,70%,80%,10.0,15.0,0,E,18.1%,0.8,83,Y,28.4,16.6,0.7,0.9,--,5.5%,79.7,--,16.4,126.3,4.0%,06/30,6.5k,H,value,90
SITM,SITIME CORPORA,19.6B,652.03,849.50,30.3%,11.0,80%,90%,5.0,11.0,+2,E,24.2%,2.9,72,Y,1105.1,43.7,1.3,--,--,6.0%,326.6,120.5,1.3,129.4,0.1%,06/30,7k,H,value,90
CMS,CMS ENERGY COR,19.5B,63.08,78.67,24.7%,15.0,54%,46%,13.0,15.0,-1,E,13.3%,0.3,78,N,19.0,15.2,0.8,2.3,3.59%,--,-56.7,--,9.2,185.6,-11.3%,06/30,6k,H,value,90
EXE,EXPAND ENERGY ,19.5B,84.09,125.52,49.3%,28,83%,82%,12,28,+3,E,41.1%,0.3,66,N,7.2,9.8,0.6,0.8,2.73%,4.1%,-4.6,--,14.9,19.2,7.5%,06/30,7.5k,H,value,90
WWD,"WOODWARD, INC.",19.4B,328.59,437.08,33.0%,13.0,83%,76%,6.0,13.0,0,E,27.5%,0.9,73,N,36.5,30.6,1.1,2.1,0.39%,2.0%,6.6,29.87,22.3,55.9,1.0%,06/30,7.5k,H,value,90
CRS,CARPENTER TECH,19.3B,388.82,625.88,61.0%,8.0,80%,87%,10.0,8.0,-1,E,48.8%,1.3,62,N,36.9,24.5,0.9,--,0.20%,3.7%,32.6,54.97,25.8,32.7,1.2%,06/30,7.5k,H,value,90
STZ,CONSTELLATION ,19.3B,113.06,163.35,44.5%,24,44%,58%,25,24,0,E,19.6%,0.4,67,N,10.8,9.2,0.4,1.5,3.65%,5.7%,40.3,--,23.7,123.2,11.4%,05/31,6.5k,H,--,30
IAG.L,INTERNATIONAL ,19.1B,437.70,542.53,23.9%,15,86%,86%,15,15,-1,A,20.6%,1.3,89,Y,8.0,6.5,0.2,--,1.95%,--,-47.8,--,42.1,160.7,5.7%,06/30,6.5k,H,value,90
NTNX,"NUTANIX, INC.",19.1B,70.41,76.76,9.0%,15.0,77%,53%,13.0,15.0,-1,E,6.9%,0.6,90,Y,13.4,26.5,0.8,1.4,--,5.7%,1944.6,--,37460.2,216.6,3.8%,07/31,5.5k,H,value,90
VIMIAN.ST,VIMIAN GROUP A,18.8B,35.60,37.27,4.7%,6,50%,50%,6,6,0,A,2.3%,1.2,98,Y,45.1,26.8,0.9,--,--,--,1.2,--,5.3,37.4,0.2%,06/30,5k,H,value,90
ONTO,ONTO INNOVATIO,18.8B,307.82,386.36,25.5%,11.0,100%,100%,5.0,11.0,+1,E,25.5%,1.6,80,Y,114.9,26.3,0.8,--,--,7.1%,112.9,124.29,6.8,76.5,1.1%,06/30,7k,H,value,90
NI,NISOURCE INC.,18.7B,39.00,49.13,26.0%,16.0,89%,81%,9.0,16.0,+1,E,23.1%,0.5,79,N,20.7,17.3,1.0,2.0,3.05%,3.9%,-52.0,--,8.5,146.6,-9.5%,06/30,7k,H,value,90
BIRG.IR,BANK OF IRELAN,18.7B,19.84,20.75,4.6%,13.0,69%,69%,13.0,13.0,-2,A,3.2%,0.5,96,Y,14.7,10.8,0.7,--,4.20%,--,--,--,10.5,--,--,07/31,5.5k,H,value,90
SBS,COMPANHIA DE S,18.7B,5.31,6.74,26.9%,6.0,100%,100%,6.0,6.0,0,A,26.9%,0.1,74,N,11.5,12.3,0.7,--,0.64%,0.6%,-32.2,--,18.8,114.0,-33.5%,06/30,7k,H,value,90
ESS,ESSEX PROPERTY,18.6B,269.39,304.07,12.9%,26.0,62%,38%,13.0,26.0,+2,E,7.9%,0.7,89,Y,42.0,42.8,1.5,--,3.78%,5.4%,-62.1,--,7.7,122.4,5.6%,06/30,5.5k,H,value,90
SQM,SOCIEDAD QUÍMI,18.5B,64.87,84.78,30.7%,18.0,57%,55%,7.0,18.0,+3,E,17.5%,1.0,66,N,13.3,9.2,0.4,0.3,3.67%,--,269.9,53.67,21.8,61.2,14.1%,06/30,6.5k,H,value,90
IMB.L,IMPERIAL BRAND,18.4B,2445.00,3259.09,33.3%,12,66%,66%,12,12,+1,A,22.0%,0.1,67,N,11.5,6.6,0.3,0.7,6.81%,--,--,--,37.2,243.8,13.6%,--,7k,H,value,90
PARKIN.AE,PARKIN COMPANY,18.3B,6.10,6.45,5.7%,9,66%,66%,9,9,+2,A,3.8%,0.6,94,Y,26.5,23.7,0.9,--,3.53%,--,12.0,--,138.1,226.0,2.6%,06/30,5.5k,H,value,90
NDSN,NORDSON CORPOR,18.3B,327.85,349.71,6.7%,7.0,80%,57%,5.0,7.0,-1,E,5.3%,1.0,97,Y,33.1,25.3,0.9,1.8,1.15%,3.1%,0.8,45.23,17.8,55.6,3.4%,07/31,5.5k,H,value,90
U,UNITY SOFTWARE,18.0B,40.93,49.39,20.7%,26.0,88%,84%,17.0,26.0,+4,E,18.2%,2.1,78,Y,--,23.5,0.7,--,--,6.7%,81.3,6.87,-17.4,70.2,3.3%,06/30,6.5k,H,value,90
ALR.WA,ALIOR BANK S.A,18.0B,137.70,151.77,10.2%,7.0,57%,57%,7.0,7.0,-3,A,5.8%,0.8,96,Y,8.9,7.8,0.5,--,6.53%,--,-42.7,--,16.8,--,--,06/30,5.5k,H,value,90
MKSI,MKS INC.,17.9B,265.36,410.86,54.8%,14,91%,85%,11,14,+1,E,49.8%,2.0,59,N,42.3,15.0,0.4,--,0.38%,10.2%,136.5,102.98,15.8,140.1,2.7%,06/30,7.5k,H,value,90
IONQ,"IONQ, INC.",17.8B,43.86,66.63,51.9%,14.0,85%,85%,14.0,14.0,+1,A,44.1%,3.3,52,Y,--,-33.9,--,--,--,10.0%,-77.0,-30.48,-60.5,1.6,-0.5%,06/30,7.5k,H,value,90
BMED.MI,BANCA MEDIOLAN,17.8B,23.97,25.43,6.1%,12,66%,66%,12,12,+1,A,4.0%,0.8,98,Y,13.5,15.2,1.0,--,5.52%,--,110.3,--,30.1,--,--,06/30,5.5k,H,value,90
0968.HK,XINYI SOLAR HO,17.8B,1.95,3.16,61.9%,17.0,64%,64%,17.0,17.0,+3,A,39.6%,1.4,48,N,97.5,11.3,0.3,--,0.53%,--,--,-43.09,-0.3,38.5,16.8%,07/31,7.5k,H,value,90
TSN,"TYSON FOODS, I",17.8B,50.53,64.25,27.2%,13,57%,38%,7,13,+1,E,15.5%,0.4,73,N,31.2,12.2,0.5,1.0,4.00%,3.4%,287.2,--,3.3,44.0,6.7%,06/30,6.5k,H,value,90
ZBRA,ZEBRA TECHNOLO,17.8B,373.31,411.45,10.2%,16.0,60%,62%,10.0,16.0,-4,E,6.1%,1.6,97,Y,34.0,16.8,0.5,0.6,--,4.6%,130.7,--,15.3,86.2,3.2%,06/30,5.5k,H,value,90
IP,INTERNATIONAL ,17.6B,33.17,47.91,44.4%,12.0,86%,83%,14.0,12.0,+2,E,38.1%,0.9,66,N,--,11.0,0.5,--,5.55%,16.0%,97.2,--,-16.5,68.5,9.4%,06/30,7.5k,H,value,90
GALP.LS,"GALP ENERGIA, ",17.5B,22.45,23.18,3.2%,18.0,61%,61%,18.0,18.0,+2,A,2.0%,-0.1,97,Y,14.3,11.9,0.7,--,3.02%,--,141.9,--,24.9,81.0,11.2%,06/30,5k,H,value,90
DD,DUPONT DE NEMO,17.5B,129.89,169.62,30.6%,17.0,100%,82%,4.0,17.0,0,E,30.6%,1.1,82,N,55.7,16.3,0.7,--,1.84%,4.1%,1030.8,--,1.8,22.9,10.5%,06/30,7.5k,H,value,90
KINV-B.ST,KINNEVIK AB,17.5B,62.06,67.29,8.4%,7.0,57%,57%,7.0,7.0,-1,A,4.8%,1.4,68,Y,--,11.8,0.8,--,--,--,174.3,--,-21.6,6.9,-30.3%,06/30,5.5k,H,value,90
CAP.PA,CAPGEMINI SE,17.3B,104.40,140.51,34.6%,17.0,70%,70%,17.0,17.0,0,A,24.2%,0.7,68,N,13.3,7.6,0.2,0.7,3.29%,--,--,--,12.2,87.5,11.0%,07/30,7k,H,value,90
CHRW,C.H. ROBINSON ,17.3B,147.96,197.56,33.5%,25,61%,76%,18,25,+3,E,20.5%,0.9,70,N,28.2,19.7,0.7,1.8,1.68%,5.0%,-3.4,--,37.1,121.2,2.8%,06/30,6.5k,H,value,90
FTAI,FTAI AVIATION ,17.2B,167.03,364.10,118.0%,10.0,100%,100%,10.0,10.0,0,A,118.0%,1.6,52,N,36.5,13.2,0.5,--,1.20%,9.4%,6.3,-2.76,174.5,865.5,-3.1%,06/30,7.5k,H,value,90
AMRZ.SW,AMRIZE AG,17.2B,31.37,44.76,42.7%,13.0,53%,53%,13.0,13.0,+1,A,22.6%,--,61,N,17.0,12.6,0.6,1.0,0.93%,--,-12.3,-17.23,9.7,55.1,6.6%,06/30,7k,H,value,90
TPG,TPG INC.,17.2B,44.13,60.44,37.0%,16,75%,81%,8,16,+2,E,27.7%,1.4,63,N,65.9,12.2,0.8,--,5.08%,7.5%,39.2,-17.83,18.6,82.1,--,06/30,7.5k,H,value,90
MTZ,"MASTEC, INC.",17.2B,213.62,413.40,93.5%,21.0,100%,95%,16.0,21.0,+1,E,93.5%,1.8,48,N,34.1,17.0,0.6,0.7,--,8.5%,-19.0,--,16.2,89.9,-0.3%,06/30,7.5k,H,value,90
NWS,NEWS CORPORATI,17.1B,31.72,--,--,8.0,87%,87%,8.0,8.0,0,A,--,0.9,89,Y,30.8,21.0,1.4,2.8,0.63%,8.7%,59.8,-1.62,8.0,31.6,6.1%,06/30,5k,H,--,30
RVTY,"REVVITY, INC.",17.1B,152.89,130.27,-14.8%,17,75%,29%,4,17,-1,E,-11.1%,1.1,97,Y,73.5,26.0,0.9,0.7,0.18%,8.4%,13.3,--,3.2,46.2,3.5%,06/30,5k,H,value,90
TECOM.AE,TECOM GROUP PJ,17.1B,3.41,4.41,29.2%,9.0,88%,88%,9.0,9.0,0,A,25.7%,0.4,82,N,7.9,10.0,0.3,--,5.19%,--,6.6,--,28.3,67.0,8.5%,06/30,7k,H,value,90
SBAC,SBA COMMUNICAT,17.0B,160.12,225.85,41.1%,21,62%,52%,8,21,+1,E,25.7%,1.0,71,N,17.0,19.6,0.7,10.8,3.12%,5.0%,-16.1,--,--,--,4.4%,06/30,7k,H,value,90
AUSS.OL,AUSTEVOLL SEAF,16.9B,83.60,101.25,21.1%,8,50%,50%,8,8,+1,A,10.6%,0.6,79,N,22.5,7.7,0.3,--,7.81%,--,-139.9,--,4.4,58.7,14.8%,06/30,6k,H,value,90
PME.AX,PRO MEDICUS LI,16.8B,160.96,202.47,25.8%,15.0,60%,60%,15.0,15.0,-3,A,15.5%,0.6,51,N,63.4,70.5,2.3,--,0.42%,--,--,-47.18,75.0,0.5,0.6%,08/18,6.5k,H,value,90
TOST,"TOAST, INC.",16.8B,28.99,38.92,34.3%,30.0,67%,66%,21.0,30.0,+1,E,22.8%,1.7,73,N,36.7,16.7,0.5,--,--,6.2%,46.7,-18.57,25.2,--,2.8%,06/30,7k,H,value,90
BURL,BURLINGTON STO,16.8B,267.19,364.75,36.5%,19.0,67%,68%,9.0,19.0,0,E,24.3%,1.4,71,N,24.0,19.5,0.8,--,--,9.2%,75.9,--,41.4,295.0,0.6%,07/31,7k,H,value,90
6060.HK,ZHONGAN ONLINE,16.5B,9.78,18.26,86.7%,13.0,92%,92%,13.0,13.0,0,A,79.7%,0.9,53,N,7.1,8.4,0.6,--,--,--,--,-44.4,8.2,27.9,-8.2%,08/25,7.5k,H,value,90
DIDIY,DIDI GLOBAL IN,16.4B,3.63,6.05,66.8%,13.0,92%,92%,13.0,13.0,+2,A,61.4%,0.5,53,N,--,15.6,0.5,--,--,1.3%,50.9,-44.15,0.8,25.6,-15.9%,03/31,7.5k,H,value,90
FDXF,FEDEX FREIGHT ,16.4B,109.38,162.93,49.0%,14.0,67%,64%,12.0,14.0,+4,E,32.6%,--,55,N,25.0,20.2,0.8,--,--,--,--,-27.56,69.1,--,-3.1%,11/30,7.5k,H,value,90
LNT,ALLIANT ENERGY,16.4B,63.30,78.04,23.3%,13,50%,61%,8,13,-1,E,11.6%,0.5,80,N,20.0,17.2,1.0,2.0,3.33%,11.2%,28.7,--,11.1,161.0,-6.9%,03/31,6k,H,value,90
NVR,"NVR, INC.",16.4B,6154.39,6717.80,9.2%,6.0,50%,33%,4.0,6.0,0,E,4.6%,0.9,75,N,16.0,15.4,0.7,--,--,7.5%,-31.0,--,31.5,32.1,5.6%,06/30,5.5k,H,value,90
TSCO,TRACTOR SUPPLY,16.3B,31.29,35.48,13.4%,30.0,64%,50%,14.0,30.0,-1,E,8.6%,0.5,54,N,16.3,15.3,0.6,2.0,3.05%,8.6%,39.1,--,39.5,248.7,0.6%,06/30,5.5k,H,value,90
6055.HK,CHINA TOBACCO ,16.2B,23.46,30.25,28.9%,5.0,100%,100%,5.0,5.0,+1,A,28.9%,1.0,50,N,18.0,14.4,0.6,--,2.22%,--,--,-46.74,24.8,51.4,2.3%,--,7.5k,H,value,90
TPE.WA,TAURON POLSKA ,16.2B,9.22,10.35,12.2%,6.0,66%,66%,6.0,6.0,0,A,8.1%,0.6,77,N,5.7,7.9,0.4,--,2.23%,--,-30.6,--,13.5,59.2,13.2%,06/30,5.5k,H,value,90
GN.CO,GN STORE NORD ,16.1B,110.75,114.00,2.9%,10.0,60%,60%,10.0,10.0,-1,A,1.8%,1.4,89,Y,98.0,22.9,0.8,2.2,--,--,-56.8,--,2.2,102.7,-51.4%,06/30,5k,H,value,90
EFX,EQUIFAX INC.,16.1B,137.24,212.14,54.6%,24,85%,79%,13,24,+2,E,46.2%,1.3,53,N,24.1,13.5,0.5,1.3,1.59%,7.6%,14.8,--,14.3,121.0,5.9%,06/30,7.5k,H,value,90
RGA,REINSURANCE GR,16.1B,246.24,277.33,12.6%,10,70%,70%,10,10,+1,E,8.8%,0.5,96,Y,10.8,8.3,0.6,--,1.55%,1.7%,82.6,--,11.7,41.4,61.2%,06/30,5.5k,H,value,90
IREN,IREN LIMITED,16.1B,40.88,77.69,90.1%,20.0,94%,75%,17.0,20.0,+4,E,84.8%,4.3,53,N,--,-10.3,--,--,--,21.7%,-277.8,-13.17,-23.4,187.3,-26.2%,06/30,7.5k,H,value,90
J,JACOBS SOLUTIO,16.0B,135.27,162.53,20.2%,16.0,60%,62%,5.0,16.0,-1,E,12.1%,0.7,80,Y,44.8,16.4,0.6,0.4,1.06%,3.1%,-0.5,--,8.0,124.7,4.0%,06/30,6k,H,value,90
AS,"AMER SPORTS, I",15.9B,27.29,47.45,73.9%,26,100%,96%,7,26,+3,E,73.9%,2.0,64,N,28.4,16.6,0.7,0.4,--,9.4%,-25.1,--,9.1,16.0,3.4%,06/30,7.5k,H,value,90
EN.PA,BOUYGUES SA,15.9B,41.63,60.33,44.9%,9.0,66%,66%,9.0,9.0,0,A,29.7%,0.7,78,N,12.7,10.6,0.4,1.9,4.93%,--,15.8,--,9.7,103.0,19.1%,06/30,7.5k,H,value,90
CCH.L,COCA-COLA HBC ,15.9B,4354.00,5149.10,18.3%,15,53%,53%,15,15,-1,A,9.7%,0.5,84,N,18.5,15.7,0.7,1.6,2.38%,--,--,--,26.0,147.1,10.0%,08/05,6k,H,value,90
ENX.PA,EURONEXT N.V.,15.8B,158.90,165.82,4.4%,17.0,52%,52%,17.0,17.0,+1,A,2.3%,0.9,96,Y,23.1,17.4,1.1,4.6,1.98%,--,19.1,--,16.7,63.1,5.7%,06/30,5k,H,value,90
SCATC.OL,SCATEC ASA,15.8B,99.00,131.62,33.0%,8.0,100%,100%,8.0,8.0,0,A,33.0%,1.2,72,N,--,10.6,0.6,--,--,--,-124.3,--,-3.7,284.5,-36.1%,06/30,7.5k,H,value,90
EMPOWER.AE,EMIRATES CENTR,15.7B,1.56,2.08,33.1%,13,92%,92%,13,13,0,A,30.4%,0.3,80,N,14.2,13.6,0.8,--,5.45%,--,0.6,--,31.1,156.0,6.3%,06/30,7.5k,H,value,90
INVH,INVITATION HOM,15.6B,26.33,33.52,27.3%,25,75%,56%,8,25,+1,E,20.5%,0.8,85,N,24.2,37.0,1.3,--,4.52%,3.6%,60.0,-5.1,7.1,94.4,7.5%,06/30,6.5k,H,value,90
DOCN,DIGITALOCEAN H,15.6B,133.39,175.20,31.3%,17.0,82%,82%,11.0,17.0,+3,E,25.6%,1.6,71,Y,60.6,72.4,2.1,--,--,9.2%,-77.6,271.87,62.3,212.5,-0.2%,06/30,7k,H,value,90
VALT.L,VALTERRA PLATI,15.6B,5925.00,7025.00,18.6%,4,75%,75%,4,4,0,A,13.9%,1.1,67,N,9.3,11.5,0.5,--,6.25%,--,--,--,37.8,3.0,195.6%,--,6k,H,value,90
FUTU,FUTU HOLDINGS ,15.5B,110.55,160.86,45.5%,18.0,88%,88%,18.0,18.0,0,A,40.1%,0.4,55,N,10.8,8.8,0.6,--,2.35%,7.6%,13.0,-36.34,30.5,72.2,--,06/30,7.5k,H,value,90
BRG.OL,BORREGAARD ASA,15.4B,154.20,176.25,14.3%,5.0,60%,60%,5.0,5.0,-1,A,8.6%,0.6,77,N,91.2,14.7,0.7,--,3.15%,--,-149.8,--,2.8,40.4,3.6%,06/30,5.5k,H,value,90
NCAB.ST,NCAB GROUP AB ,15.4B,82.50,91.33,10.7%,4.0,50%,50%,4.0,4.0,0,A,5.4%,1.0,92,Y,56.5,35.9,1.0,--,1.32%,--,109.2,--,18.9,87.7,1.9%,06/30,5.5k,H,value,90
BAER.SW,JULIUS BÄR GRU,15.3B,74.28,75.21,1.2%,17.0,58%,58%,17.0,17.0,0,A,0.7%,0.9,95,Y,13.4,12.0,0.8,1.0,3.39%,--,--,41.04,16.2,--,--,--,5k,H,value,90
PTC,PTC INC.,15.2B,140.30,174.21,24.2%,19.0,67%,68%,6.0,19.0,0,E,16.1%,1.0,68,N,13.6,15.7,0.5,1.3,--,9.2%,-65.8,--,35.1,46.3,6.8%,06/30,6.5k,H,value,90
RBA,"RB GLOBAL, INC",15.2B,81.39,128.64,58.0%,12.0,100%,91%,4.0,12.0,+1,E,58.0%,0.5,68,N,35.1,16.7,0.6,0.6,1.62%,11.5%,50.3,--,8.1,77.6,4.0%,06/30,7.5k,H,value,90
FN,FABRINET,15.2B,424.27,734.11,73.0%,9,83%,77%,6,9,0,E,60.9%,1.2,57,N,32.5,19.5,0.6,--,--,5.7%,45.2,14.26,21.3,0.2,-0.4%,06/30,7.5k,H,value,90
BESI.AS,BE SEMICONDUCT,15.2B,191.80,289.91,51.2%,23.0,69%,69%,23.0,23.0,+2,A,35.3%,1.3,58,N,73.2,29.1,0.8,0.6,0.82%,--,177.7,--,44.9,62.5,1.1%,06/30,7.5k,H,value,90
GFL,GFL ENVIRONMEN,15.1B,41.83,50.69,21.2%,21.0,60%,76%,5.0,21.0,+1,E,12.7%,0.5,88,Y,--,40.4,1.5,--,0.16%,7.6%,-239.8,-10.22,-2.3,134.5,2.2%,06/30,6k,H,value,90
SGH.AX,SGH LIMITED,15.1B,37.12,48.02,29.4%,12.0,75%,75%,12.0,12.0,+3,A,22.0%,--,71,N,23.1,13.9,0.7,--,--,--,--,-24.08,--,--,--,08/11,7k,H,value,90
WKL.AS,WOLTERS KLUWER,15.1B,67.72,89.78,32.6%,16,75%,75%,16,16,+2,A,24.4%,0.2,58,N,11.6,10.9,0.4,1.7,3.82%,--,--,--,146.1,590.2,8.3%,08/05,7k,H,value,90
STRL,STERLING INFRA,15.0B,491.78,845.43,71.9%,8.0,100%,100%,4.0,8.0,+1,E,71.9%,1.8,49,N,35.4,19.4,0.7,0.6,--,4.6%,69.2,45.53,40.0,24.2,2.3%,06/30,7.5k,H,value,90
ASND,ASCENDIS PHARM,15.0B,227.83,309.11,35.7%,20,100%,100%,16,20,+2,E,35.7%,--,81,N,17.9,20.9,0.7,--,--,7.1%,439.4,11.62,118.8,31.3,0.1%,06/30,7.5k,H,value,90
CLNX.MC,CELLNEX TELECO,14.9B,22.54,34.82,54.5%,24.0,70%,70%,24.0,24.0,0,A,38.1%,1.3,69,N,--,953.1,32.7,--,3.34%,--,59.3,--,-2.4,172.1,9.8%,06/30,7.5k,H,value,90
BONEX.ST,BONESUPPORT HO,14.9B,227.60,356.58,56.7%,5.0,100%,100%,5.0,5.0,0,A,56.7%,0.5,74,Y,71.1,52.1,1.7,--,--,--,54.3,--,24.5,1.1,1.0%,06/30,7.5k,H,value,90
H,HYATT HOTELS C,14.9B,158.56,196.83,24.1%,24,71%,62%,14,24,+1,E,17.2%,1.3,77,N,195.8,32.5,1.4,--,0.37%,28.7%,324.5,--,2.2,124.4,1.1%,06/30,6.5k,H,value,90
TLN,TALEN ENERGY C,14.8B,312.69,460.59,47.3%,17.0,75%,88%,8.0,17.0,0,E,35.5%,1.6,69,N,--,10.2,0.6,--,--,6.3%,-144.4,-26.77,-12.8,584.1,8.5%,06/30,7.5k,H,value,90
BALL,BALL CORPORATI,14.8B,56.03,72.57,29.5%,15,71%,80%,7,15,0,E,21.1%,1.0,82,N,16.1,12.4,0.5,1.0,1.41%,3.5%,-31.4,--,17.2,131.5,2.6%,06/30,7k,H,value,90
CSG.AS,CSG N.V.,14.7B,14.65,26.01,77.5%,13.0,84%,84%,13.0,13.0,+1,A,65.1%,--,41,N,21.2,10.7,0.4,--,--,--,--,--,--,145.3,--,12/31,7.5k,H,value,90
JHX,JAMES HARDIE I,14.7B,25.31,35.22,39.2%,10,73%,100%,11,10,+2,E,28.5%,1.0,81,Y,115.0,15.7,0.7,1.2,--,2.6%,286.9,28.61,3.3,69.1,14.7%,06/30,7.5k,H,value,90
STMN.SW,STRAUMANN HOLD,14.6B,91.54,113.00,23.4%,20,65%,65%,20,20,+3,A,15.2%,1.4,83,N,39.6,23.8,0.8,1.3,1.09%,--,--,9.02,17.0,20.8,2.7%,02/15,6.5k,H,value,90
LTM,LATAM AIRLINES,14.6B,49.89,74.26,48.8%,10.0,100%,100%,10.0,10.0,0,A,48.8%,0.9,71,N,9.2,7.8,0.3,--,3.00%,2.0%,-66.9,13.65,108.0,454.5,9.3%,06/30,7.5k,H,value,90
BNOR.OL,BLUENORD ASA,14.5B,568.00,597.00,5.1%,4,50%,50%,4,4,-2,A,2.6%,-0.2,93,Y,31.4,9.7,0.6,--,11.64%,--,2.7,--,13.7,229.7,4.8%,06/30,5k,H,value,90
ASRNL.AS,ASR NEDERLAND ,14.5B,72.16,76.07,5.4%,14,71%,71%,14,14,0,A,3.8%,0.5,96,Y,14.0,11.1,0.7,--,4.83%,--,--,--,12.2,215.0,40.8%,08/19,5.5k,H,value,90
NBIX,NEUROCRINE BIO,14.4B,141.84,207.81,46.5%,28.0,83%,85%,23.0,28.0,-1,E,38.4%,0.4,76,N,20.7,11.9,0.4,0.3,--,6.3%,-31.1,--,22.1,12.5,4.4%,06/30,7.5k,H,value,90
VNA.DE,VONOVIA SE,14.4B,17.00,26.51,56.0%,17.0,52%,52%,17.0,17.0,-2,A,29.1%,1.5,59,N,3.9,9.2,0.3,3.1,7.18%,--,-67.7,--,14.6,135.1,10.2%,06/30,7.5k,H,value,90
PFGC,PERFORMANCE FO,14.4B,91.51,125.58,37.2%,13.0,100%,84%,8.0,13.0,-1,E,37.2%,0.9,78,N,40.0,13.7,0.6,0.8,--,5.0%,73.4,--,7.7,158.8,5.0%,06/30,7.5k,H,value,90
VNOM,"VIPER ENERGY, ",14.3B,39.89,55.15,38.3%,20.0,100%,100%,4.0,20.0,+2,E,38.3%,0.2,78,N,--,15.8,0.9,1.0,6.11%,4.8%,284.4,9.08,1.1,16.3,0.3%,06/30,7.5k,H,value,90
OWL,BLUE OWL CAPIT,14.2B,9.09,12.79,40.7%,17,62%,58%,8,17,+1,E,25.5%,1.2,52,N,75.8,9.2,0.6,0.2,9.81%,17.5%,80.6,--,5.7,77.4,10.9%,06/30,7k,H,value,90
NLY,ANNALY CAPITAL,14.2B,18.89,24.23,28.3%,13,100%,69%,4,13,0,E,28.3%,1.2,77,N,4.6,6.1,0.2,--,14.76%,--,-1.2,--,19.6,737.5,--,06/30,7.5k,H,value,90
GIB,CGI INC.,14.1B,68.03,81.20,19.4%,15.0,53%,53%,15.0,15.0,-1,A,10.3%,0.2,71,N,12.0,9.8,0.3,0.9,0.72%,--,22.0,--,17.0,44.0,15.5%,06/30,6k,H,value,90
PNFP,PINNACLE FINAN,14.1B,93.61,120.18,28.4%,22.0,86%,81%,14.0,22.0,+3,E,24.3%,1.0,85,N,12.9,8.2,0.5,--,2.14%,3.7%,89.4,2.1,7.6,--,--,06/30,7k,H,value,90
CG,THE CARLYLE GR,14.1B,39.66,58.00,46.2%,19,60%,52%,10,19,+1,E,27.7%,1.8,59,N,41.3,7.8,0.5,0.7,3.53%,7.3%,15133.3,-32.92,7.8,197.6,--,06/30,7.5k,H,value,90
EQH,EQUITABLE HOLD,14.0B,51.27,62.09,21.1%,12,100%,91%,11,12,-1,E,21.1%,1.1,93,Y,--,5.7,0.4,--,2.18%,--,65.4,6.83,-25.1,586.1,-63.1%,06/30,7k,H,value,90
SUI,SUN COMMUNITIE,14.0B,110.78,138.68,25.2%,19.0,82%,73%,11.0,19.0,+1,E,20.6%,0.8,80,N,142.0,34.6,1.2,--,4.00%,6.3%,1321.3,--,1.7,72.8,13.4%,06/30,6.5k,H,value,90
YUMC,YUM CHINA HOLD,13.9B,41.10,61.91,50.6%,21,95%,95%,21,21,-2,A,48.1%,0.1,70,N,15.1,12.1,0.5,0.9,2.84%,1.8%,-13.5,--,16.8,38.0,6.2%,06/30,7.5k,H,value,90
UNM,UNUM GROUP,13.9B,87.73,101.85,16.1%,13,70%,69%,10,13,0,E,11.3%,0.3,91,Y,20.4,9.3,0.6,--,2.29%,3.5%,547.1,--,6.4,36.9,-16.1%,06/30,6k,H,value,90
BG.VI,BAWAG GROUP AG,13.8B,178.90,195.37,9.2%,9.0,88%,88%,9.0,9.0,-1,A,8.1%,0.8,97,Y,15.7,11.1,0.7,--,3.46%,--,--,--,19.9,--,--,06/30,5.5k,H,value,90
NETC.CO,NETCOMPANY GRO,13.8B,311.60,381.38,22.4%,8.0,62%,62%,8.0,8.0,0,A,13.9%,0.8,77,N,34.2,13.1,0.4,--,--,--,253.5,--,11.7,122.6,5.6%,06/30,6k,H,value,90
CVC.AS,CVC CAPITAL PA,13.7B,12.58,17.26,37.2%,10.0,60%,60%,10.0,10.0,-1,A,22.3%,0.8,78,N,16.3,13.7,0.9,1.1,7.91%,--,--,--,51.1,106.5,6.9%,09/03,7k,H,value,90
ARCC,ARES CAPITAL C,13.7B,19.10,20.77,8.7%,14.0,75%,78%,4.0,14.0,0,E,6.6%,0.6,90,N,14.3,9.9,0.7,--,9.92%,5.9%,-57.7,4.86,6.9,114.1,5.5%,06/30,5.5k,H,value,90
SUN,SUNOCO LP,13.7B,72.87,83.00,13.9%,7.0,100%,100%,5.0,7.0,-1,E,13.9%,0.4,91,Y,16.1,18.1,1.1,--,5.52%,3.5%,54.1,53.24,18.7,177.8,6.7%,06/30,6k,H,value,90
WY,WEYERHAEUSER C,13.7B,19.05,31.00,62.7%,12,71%,75%,7,12,0,E,44.8%,0.9,69,N,28.9,28.3,1.0,--,4.30%,4.5%,102.5,--,5.0,57.6,0.1%,06/30,7.5k,H,value,90
CX,"CEMEX, S.A.B. ",13.7B,9.51,14.81,55.8%,15.0,75%,73%,4.0,15.0,0,E,41.8%,0.8,70,N,27.2,10.5,0.5,--,1.29%,--,49.8,--,4.0,53.6,8.2%,06/30,7.5k,H,value,90
QAN.AX,QANTAS AIRWAYS,13.6B,9.02,11.53,27.9%,17,88%,88%,17,17,+1,A,24.6%,0.6,79,N,10.6,7.1,0.3,--,4.33%,--,--,-13.03,112.7,688.3,-3.2%,08/27,7k,H,value,90
AGI,ALAMOS GOLD IN,13.6B,32.39,46.25,42.8%,13.0,100%,100%,4.0,13.0,0,E,42.8%,1.4,58,N,11.5,10.7,0.5,--,0.48%,--,-2.1,-7.41,27.4,4.5,1.0%,06/30,7.5k,H,value,90
EDPR.LS,EDP RENEWABLES,13.6B,12.87,14.90,15.8%,23,60%,60%,23,23,0,A,9.5%,0.7,88,N,37.9,26.3,1.5,1.0,0.97%,--,--,--,3.8,81.9,-23.4%,07/28,6k,H,value,90
HTHT,H WORLD GROUP ,13.5B,42.80,60.64,41.7%,19.0,100%,100%,19.0,19.0,+1,A,41.7%,0.1,76,N,30.4,13.4,0.6,--,5.07%,4.6%,7.4,--,38.1,240.5,54.6%,06/30,7.5k,H,value,90
W,WAYFAIR INC.,13.5B,102.56,124.03,20.9%,33.0,71%,60%,17.0,33.0,+1,E,14.8%,3.0,85,Y,--,26.5,1.1,--,--,12.7%,99.0,--,--,--,3.5%,06/30,6k,H,value,90
1833.HK,PING AN HEALTH,13.5B,6.34,11.32,78.5%,14.0,50%,50%,14.0,14.0,0,A,39.2%,1.1,34,N,25.4,25.2,0.8,4.9,--,--,--,-65.35,4.7,0.3,-2.5%,11/19,7.5k,H,value,90
CACI,CACI INTERNATI,13.5B,609.11,736.79,21.0%,16.0,50%,75%,6.0,16.0,0,E,10.5%,0.6,89,Y,25.2,16.2,0.5,--,--,5.6%,25.6,18.24,12.8,120.7,4.5%,06/30,6k,H,value,90
CON.DE,CONTINENTAL AK,13.4B,67.12,77.62,15.7%,13.0,53%,53%,13.0,13.0,-3,A,8.3%,1.3,87,N,--,10.4,0.4,6.4,3.95%,--,124.5,--,-8.3,156.7,5.6%,06/30,5.5k,H,value,90
GLXY,GALAXY DIGITAL,13.4B,22.74,40.62,78.6%,16,87%,87%,16,16,0,A,68.4%,3.7,50,N,--,-66.7,--,--,--,18.1%,-123.9,-36.53,-10.4,186.7,258.1%,06/30,7.5k,H,value,90
TRMB,TRIMBLE INC.,13.3B,57.11,79.50,39.2%,12.0,100%,91%,7.0,12.0,-1,E,39.2%,1.4,68,N,--,13.8,0.4,1.4,--,4.4%,-523.0,--,-1.9,28.6,5.2%,06/30,7.5k,H,value,90
FLTR.L,FLUTTER ENTERT,13.2B,7588.00,12267.63,61.7%,14,71%,71%,14,14,-1,A,43.8%,1.1,33,N,--,868.6,36.5,0.2,--,--,64.2,--,-5.0,129.4,-6.7%,06/30,7.5k,H,value,90
LYC.AX,LYNAS RARE EAR,13.2B,13.07,17.78,36.0%,14,57%,57%,14,14,-1,A,20.5%,0.7,58,N,59.4,16.1,0.7,--,--,--,--,-23.09,7.6,9.7,-0.7%,08/26,6.5k,H,value,90
DKS,DICK'S SPORTIN,13.2B,134.29,158.27,17.9%,27.0,75%,48%,20.0,27.0,-2,E,13.4%,1.1,55,N,14.8,10.2,0.4,1.1,3.71%,13.7%,319.4,--,18.5,139.1,-6.2%,07/31,6k,H,value,90
ULS,UL SOLUTIONS I,13.2B,65.62,96.48,47.0%,13.0,80%,61%,5.0,13.0,+1,E,37.6%,0.6,61,N,26.5,25.2,0.9,1.3,0.89%,7.9%,146.0,-6.57,38.7,29.4,3.2%,06/30,7.5k,H,value,90
ELI.BR,ELIA GROUP SA/,13.1B,119.60,149.17,24.7%,15.0,80%,80%,15.0,15.0,+1,A,19.8%,0.8,84,N,20.6,16.4,0.9,--,1.74%,--,--,--,8.4,175.5,-29.7%,--,6.5k,H,value,90
ICLR,ICON PUBLIC LI,13.1B,169.99,186.76,9.9%,18,50%,55%,4,18,0,E,4.9%,1.2,83,Y,261.5,14.4,0.5,0.5,--,3.9%,125.5,-11.61,0.3,37.6,4.7%,06/30,5.5k,H,value,90
SGI,SOMNIGROUP INT,13.1B,62.11,93.44,50.4%,10,100%,100%,7,10,+2,E,50.4%,1.2,63,N,24.5,15.8,0.7,--,1.09%,10.4%,-37.5,--,17.5,198.1,5.3%,06/30,7.5k,H,value,90
ALTRA.ST,ALTRA FASTIGHE,13.1B,71.80,88.80,23.7%,5.0,100%,100%,5.0,5.0,0,A,23.7%,1.8,81,N,16.5,9.5,0.3,--,4.17%,--,310.3,--,5.2,141.4,6.0%,06/30,7k,H,value,90
AVY,AVERY DENNISON,13.1B,170.67,201.80,18.2%,11.0,67%,81%,6.0,11.0,0,E,12.2%,0.8,86,N,18.7,15.3,0.6,--,2.34%,3.3%,22.7,--,31.2,158.7,7.7%,06/30,6k,H,value,90
BSL.AX,BLUESCOPE STEE,13.1B,29.97,35.14,17.3%,13.0,53%,53%,13.0,13.0,+1,A,9.1%,1.2,85,N,16.6,12.2,0.5,--,4.27%,--,--,46.79,8.1,16.2,0.8%,08/17,6k,H,value,90
TYL,TYLER TECHNOLO,13.0B,318.60,424.77,33.3%,22.0,100%,86%,6.0,22.0,+1,E,33.3%,0.8,61,N,41.8,20.8,0.6,1.5,--,9.6%,10.8,-36.37,9.7,47.9,4.6%,06/30,7.5k,H,value,90
AMKR,AMKOR TECHNOLO,13.0B,52.38,76.40,45.9%,11.0,50%,63%,6.0,11.0,+2,E,22.9%,2.2,54,N,23.5,18.7,0.5,--,0.62%,16.1%,37.3,78.98,12.5,57.1,-2.9%,06/30,7k,H,value,90
BBIO,BRIDGEBIO PHAR,12.9B,65.80,109.10,65.8%,22.0,92%,86%,13.0,22.0,-3,E,60.7%,1.0,70,N,--,2395.3,79.6,--,--,12.3%,16.7,23.04,--,--,-2.5%,06/30,7.5k,H,value,90
URW.PA,UNIBAIL-RODAMC,12.9B,89.10,115.14,29.2%,16.0,75%,75%,16.0,16.0,+1,A,21.9%,1.4,84,N,8.2,9.5,0.3,1.9,4.96%,--,--,--,8.6,108.1,8.7%,07/30,7k,H,value,90
VITR.ST,VITROLIFE AB (,12.9B,95.10,129.60,36.3%,4,75%,75%,4,4,0,A,27.2%,1.7,62,N,--,19.8,0.7,--,1.19%,--,29.0,--,-46.5,19.7,4.3%,06/30,7.5k,H,value,90
QNT,QUANTINUUM INC,12.8B,48.06,97.17,102.2%,13.0,100%,92%,5.0,13.0,0,E,102.2%,--,55,N,--,-30.1,--,--,--,--,-475.6,-20.4,--,1.1,--,06/30,7.5k,H,value,90
SJM,THE J. M. SMUC,12.7B,118.91,142.12,19.5%,19.0,70%,52%,10.0,19.0,+1,E,13.7%,0.3,88,Y,55.6,10.9,0.5,--,3.71%,4.5%,34.4,--,3.9,120.7,11.5%,07/31,6k,H,value,90
RPM,RPM INTERNATIO,12.6B,98.67,129.80,31.5%,15,75%,93%,8,15,+1,E,23.7%,1.0,81,N,19.1,14.7,0.7,1.7,2.16%,3.3%,-2.8,--,21.4,89.0,3.8%,05/31,7k,H,--,30
SY1.DE,SYMRISE AG,12.6B,91.76,100.37,9.4%,16,68%,68%,16,16,-1,A,6.4%,0.6,97,Y,51.8,21.0,0.9,3.0,1.34%,--,--,--,6.7,60.6,1.8%,07/30,5.5k,H,value,90
BWXT,BWX TECHNOLOGI,12.6B,137.00,220.19,60.7%,18,73%,77%,11,18,+3,E,44.2%,0.7,57,N,35.5,26.2,1.0,--,0.77%,4.4%,8.4,-26.39,28.3,151.4,1.2%,06/30,7.5k,H,value,90
ALB,ALBEMARLE CORP,12.5B,105.78,171.56,62.2%,22.0,64%,59%,14.0,22.0,0,E,40.0%,1.3,48,N,391.8,9.4,0.4,0.8,1.52%,0.0%,398.7,--,2.6,19.0,10.7%,06/30,7.5k,H,value,90
AMH,AMERICAN HOMES,12.5B,30.39,37.11,22.1%,24.0,60%,62%,10.0,24.0,+1,E,13.3%,0.8,87,N,24.1,44.9,1.5,--,4.30%,4.7%,13.5,-3.49,7.1,68.8,6.6%,06/30,6k,H,value,90
WSO,"WATSCO, INC.",12.5B,302.69,379.20,25.3%,14,50%,21%,4,14,0,E,12.6%,1.0,66,N,25.9,22.8,0.8,1.2,4.39%,--,1.1,--,16.7,15.4,3.9%,06/30,6k,H,value,90
MKC,MCCORMICK & CO,12.5B,46.40,60.08,29.5%,15,56%,46%,9,15,-1,E,16.4%,0.6,64,N,7.7,14.1,0.6,1.9,3.97%,--,-33.4,--,24.7,65.1,5.7%,05/31,6.5k,H,value,90
CORT,CORCEPT THERAP,12.5B,115.23,141.00,22.4%,5.0,83%,80%,6.0,5.0,-1,E,18.6%,0.4,91,Y,256.1,26.2,0.9,--,--,11.1%,118.6,36.77,8.2,1.3,0.6%,06/30,6.5k,H,value,90
GGG,GRACO INC.,12.4B,76.84,91.29,18.8%,10.0,50%,30%,4.0,10.0,0,E,9.4%,0.9,80,N,24.2,22.0,0.8,2.3,1.51%,4.3%,5.3,-7.81,21.2,2.1,4.3%,06/30,6k,H,value,90
HAS,"HASBRO, INC.",12.4B,87.68,109.50,24.9%,15.0,78%,86%,9.0,15.0,+1,E,19.4%,0.5,82,N,15.6,13.5,0.6,1.6,3.17%,5.9%,-31.0,--,159.6,531.0,5.6%,06/30,6.5k,H,value,90
TOL,"TOLL BROTHERS,",12.4B,134.75,171.40,27.2%,17,100%,70%,6,17,0,E,27.2%,1.3,80,N,10.9,9.7,0.4,0.9,0.77%,5.2%,-37.3,--,14.4,34.1,4.5%,07/31,7.5k,H,value,90
MAIR,MADISON AIR SO,12.3B,24.60,41.89,70.3%,11.0,100%,81%,5.0,11.0,0,E,70.3%,--,55,N,57.2,19.1,0.7,--,--,6.7%,88.6,-22.52,--,87.4,--,06/30,7.5k,H,value,90
ELK.OL,ELKEM ASA,12.3B,34.00,36.67,7.8%,7.0,57%,57%,7.0,7.0,-1,A,4.5%,1.0,90,Y,70.8,9.4,0.4,--,1.11%,--,-2100.0,--,1.9,90.8,119.2%,06/30,5.5k,H,value,90
BF.A,BROWN-FORMAN C,12.3B,26.83,--,--,4.0,50%,50%,4.0,4.0,--,A,--,0.3,86,N,17.3,--,--,2.1,3.44%,1.8%,-21.4,--,18.1,61.5,5.6%,07/31,5k,H,value,90
NVMI,NOVA LTD.,12.3B,385.20,532.00,38.1%,8.0,80%,87%,5.0,8.0,0,E,30.5%,1.8,63,N,47.9,28.2,0.8,--,--,7.0%,22.1,16.26,21.1,54.8,0.9%,06/30,7.5k,H,value,90
UDR,"UDR, INC.",12.3B,33.55,41.45,23.6%,22,50%,40%,14,22,+1,E,11.8%,0.7,80,N,21.2,59.9,2.0,--,5.19%,4.2%,70.8,--,13.7,156.1,6.3%,06/30,6k,H,value,90
CDA.AX,CODAN LIMITED,12.3B,67.42,64.49,-4.3%,10,70%,70%,10,10,+2,A,-3.0%,1.4,96,Y,70.2,41.1,1.2,1.2,0.74%,--,--,126.62,30.9,9.4,1.4%,08/20,5k,H,value,90
GNRC,GENERAC HOLDIN,12.2B,206.95,289.56,39.9%,21,71%,66%,17,21,+1,E,28.2%,1.9,70,N,47.6,16.6,0.6,0.6,--,4.2%,116.5,--,9.5,49.0,2.4%,06/30,7.5k,H,value,90
DTM,"DT MIDSTREAM, ",12.2B,119.47,153.20,28.2%,14.0,71%,57%,7.0,14.0,+1,E,20.2%,0.7,78,N,26.2,24.4,1.4,--,2.89%,7.1%,-2.6,7.57,9.9,68.5,1.1%,06/30,6.5k,H,value,90
BWA,BORGWARNER INC,12.2B,60.11,79.93,33.0%,15.0,67%,66%,6.0,15.0,0,E,22.0%,1.1,76,Y,29.6,10.1,0.4,0.3,1.12%,3.6%,75.3,--,8.1,70.1,8.7%,06/30,7k,H,value,90
MONC.MI,MONCLER S.P.A.,12.1B,44.64,59.18,32.6%,25.0,60%,60%,25.0,25.0,+2,A,19.5%,1.1,75,N,19.0,17.5,0.7,2.2,3.15%,--,--,--,18.1,33.9,5.7%,03/31,6.5k,H,value,90
QXO,"QXO, INC.",12.1B,11.69,28.94,147.6%,18,100%,100%,4,18,+5,E,147.6%,2.3,42,N,--,18.2,0.7,1.0,--,11.8%,60.5,-37.39,-4.6,57.0,-21.0%,06/30,7.5k,H,value,90
GDDY,GODADDY INC.,12.1B,95.51,106.75,11.8%,18.0,50%,44%,10.0,18.0,0,E,5.9%,0.9,68,Y,14.1,8.7,0.2,0.5,--,8.4%,14.1,--,442.9,57334.3,10.0%,06/30,5.5k,H,value,90
FIVE,"FIVE BELOW, IN",12.1B,219.57,310.48,41.4%,25,68%,68%,19,25,+2,E,28.3%,1.0,83,Y,19.7,19.8,0.8,1.0,--,4.5%,506.5,--,28.3,82.3,3.0%,07/31,7.5k,H,value,90
NXT,NEXTPOWER INC.,12.0B,77.93,139.18,78.6%,29,88%,89%,16,29,+5,E,68.8%,1.9,48,N,20.1,13.5,0.4,3.2,--,8.0%,12.6,--,27.2,1.5,2.7%,06/30,7.5k,H,value,90
FROG,JFROG LTD.,12.0B,97.04,112.00,15.4%,23.0,92%,91%,26.0,23.0,0,E,14.2%,1.3,92,Y,--,84.8,2.5,--,--,6.6%,74.7,106.47,-4.9,1.5,1.7%,06/30,6k,H,value,90
PLS.AX,PLS GROUP LIMI,12.0B,3.71,5.12,37.9%,18,50%,50%,18,18,+2,A,19.0%,0.8,55,N,23.2,15.9,0.7,--,1.30%,--,--,58.86,13.8,30.2,6.7%,08/24,6.5k,H,value,90
BVI.PA,BUREAU VERITAS,11.9B,26.86,32.95,22.7%,17.0,76%,76%,17.0,17.0,+1,A,17.2%,0.7,89,N,23.8,16.5,0.6,2.2,3.40%,--,--,--,32.9,178.5,-0.1%,--,6.5k,H,value,90
WTS,WATTS WATER TE,11.8B,354.18,404.00,14.1%,10.0,62%,30%,8.0,10.0,0,E,8.8%,1.1,90,Y,30.9,25.2,0.9,3.2,0.64%,3.6%,43.9,28.15,18.8,9.7,1.9%,06/30,5.5k,H,value,90
GWRE,GUIDEWIRE SOFT,11.7B,142.58,213.29,49.6%,16.0,87%,81%,15.0,16.0,+1,E,43.0%,1.0,56,N,88.0,26.7,0.8,1.0,--,4.3%,0.3,--,10.5,59.9,2.9%,07/31,7.5k,H,value,90
AFRY.ST,AFRY AB,11.7B,103.60,132.17,27.6%,6,50%,50%,6,6,+1,A,13.8%,0.9,60,N,14.8,7.7,0.3,--,5.74%,--,0.5,--,6.3,57.2,21.2%,06/30,6k,H,value,90
NORCO.OL,NORCONSULT ASA,11.7B,37.30,45.80,22.8%,5.0,100%,100%,5.0,5.0,+1,A,22.8%,-0.1,76,N,19.1,12.7,0.5,--,4.77%,--,16.8,--,22.4,81.7,10.3%,06/30,7k,H,value,90
MDGL,MADRIGAL PHARM,11.6B,503.96,682.11,35.4%,19.0,100%,94%,5.0,19.0,+4,E,35.4%,-1.0,82,N,--,52.4,1.7,--,--,11.5%,49.3,12.21,-53.3,66.4,-0.7%,06/30,7.5k,H,value,90
MANH,MANHATTAN ASSO,11.6B,198.70,220.70,11.1%,11.0,88%,72%,8.0,11.0,-1,E,9.7%,0.9,88,Y,57.1,32.3,0.9,2.6,--,6.6%,-14.1,--,96.4,34.2,2.8%,06/30,6k,H,value,90
BJ,BJ'S WHOLESALE,11.6B,92.00,105.80,15.0%,23.0,60%,47%,5.0,23.0,+1,E,9.0%,0.2,87,N,20.1,18.3,0.8,2.1,--,7.8%,14.3,--,27.7,126.2,2.1%,07/31,6k,H,value,90
BMRN,BIOMARIN PHARM,11.6B,60.00,91.62,52.7%,27.0,64%,74%,14.0,27.0,0,E,33.9%,0.2,85,Y,162.2,9.1,0.3,0.4,--,5.2%,245.6,--,1.2,66.5,0.7%,06/30,7.5k,H,value,90
RMBS,RAMBUS INC.,11.6B,106.76,147.86,38.5%,8,75%,75%,8,8,0,A,28.9%,1.9,61,N,49.0,28.7,0.8,--,--,7.8%,39.7,3.51,17.8,1.5,1.7%,06/30,7.5k,H,value,90
SAIL,"SAILPOINT, INC",11.6B,20.36,21.12,3.7%,25,72%,76%,18,25,0,E,2.7%,--,85,Y,--,50.6,1.5,--,--,25.4%,-40.0,-10.66,-2.9,0.5,2.9%,07/31,5k,H,value,90
CCK,CROWN HOLDINGS,11.5B,105.41,136.57,29.6%,15,64%,73%,14,15,+1,E,19.0%,0.6,86,N,15.1,11.7,0.5,--,1.23%,2.7%,14.5,--,27.4,186.3,7.4%,06/30,6.5k,H,value,90
EMBLA.CO,EMBLA MEDICAL ,11.5B,27.15,33.50,23.4%,5,60%,60%,5,5,0,A,14.0%,0.5,72,N,18.7,15.3,0.5,--,--,--,39.8,--,10.7,57.7,0.8%,06/30,6k,H,value,90
ALLY,ALLY FINANCIAL,11.4B,37.62,51.95,38.1%,18.0,83%,83%,6.0,18.0,+1,E,31.7%,1.1,80,N,8.9,5.9,0.4,0.3,3.17%,4.9%,3.0,--,9.7,--,--,06/30,7.5k,H,value,90
AEIS,ADVANCED ENERG,11.3B,281.82,429.08,52.3%,12,80%,91%,20,12,+3,E,41.8%,1.3,71,N,52.1,18.4,0.7,--,0.14%,6.2%,163.9,--,16.3,94.6,0.3%,03/31,7.5k,H,value,90
JMT.LS,JERÓNIMO MARTI,11.3B,17.93,22.82,27.3%,22.0,86%,86%,22.0,22.0,+4,A,23.4%,0.5,79,N,17.8,13.5,0.6,1.4,3.61%,--,-34.1,--,20.0,179.5,6.2%,06/30,7k,H,value,90
WSE,WISE GROUP PLC,11.2B,11.39,16.94,48.8%,13.0,92%,92%,13.0,13.0,+5,A,44.9%,1.3,65,N,23.7,16.3,0.5,4.4,--,--,--,-26.04,27.2,25.1,-2.3%,--,7.5k,H,value,90
FIG,"FIGMA, INC.",11.2B,21.02,30.80,46.5%,15.0,75%,40%,4.0,15.0,+2,E,34.9%,--,29,N,--,60.1,1.7,8.0,--,17.8%,89.8,-58.21,-108.6,4.6,7.7%,06/30,7.5k,H,value,90
AA,ALCOA CORPORAT,11.1B,42.00,62.64,49.1%,13.0,62%,69%,13.0,13.0,-1,E,30.2%,1.6,50,N,8.7,7.4,0.3,--,0.95%,4.6%,75.4,--,18.2,29.9,8.7%,06/30,7.5k,H,value,90
AUR,AURORA INNOVAT,11.1B,5.54,12.05,117.5%,13.0,71%,61%,7.0,13.0,0,E,83.9%,2.6,65,Y,--,-12.3,--,--,--,18.0%,-34.3,6.33,-45.6,4.2,-3.7%,06/30,7.5k,H,value,90
CSGP,"COSTAR GROUP, ",11.1B,27.40,37.30,36.1%,21.0,50%,57%,12.0,21.0,-4,E,18.1%,0.7,32,N,152.2,15.4,0.5,0.1,--,3.7%,278.0,--,0.9,14.5,3.7%,06/30,6.5k,H,value,90
BXP,"BXP, INC.",11.1B,61.11,76.35,24.9%,22.0,60%,54%,15.0,22.0,0,E,15.0%,1.0,80,N,32.9,27.5,0.9,2.3,4.54%,10.3%,156.3,--,5.3,211.6,8.0%,06/30,6k,H,value,90
DFM.AE,DUBAI FINANCIA,11.1B,1.39,1.86,33.7%,5,60%,60%,5,5,0,A,20.2%,0.3,78,N,17.4,16.2,1.1,--,4.61%,--,-60.7,--,7.2,0.5,8.5%,06/30,6.5k,H,value,90
AAF.L,AIRTEL AFRICA ,10.9B,300.60,406.06,35.1%,6,50%,50%,6,6,0,A,17.5%,0.5,69,N,21.5,11.6,0.8,--,1.71%,--,255.4,--,26.4,183.6,12.2%,03/31,6.5k,H,value,90
RXL.PA,REXEL S.A.,10.9B,35.26,41.06,16.4%,11,72%,72%,11,11,+1,A,11.8%,1.0,89,N,15.6,12.0,0.3,--,3.30%,--,--,--,12.6,107.0,5.2%,07/27,6k,H,value,90
RGEN,REPLIGEN CORPO,10.8B,192.23,189.70,-1.3%,22.0,100%,81%,5.0,22.0,0,E,-1.3%,1.0,97,Y,259.8,72.5,2.4,1.8,--,11.9%,-66.4,--,2.0,32.7,1.0%,06/30,5k,H,--,30
TLC.AX,THE LOTTERY CO,10.8B,4.86,5.65,16.5%,16.0,50%,50%,16.0,16.0,-1,A,8.2%,0.4,83,N,37.3,27.6,1.2,--,3.49%,--,--,-14.21,97.2,948.1,13.1%,08/19,5.5k,H,value,90
REC.MI,RECORDATI INDU,10.8B,52.65,60.10,14.2%,8.0,50%,50%,8.0,8.0,-1,A,7.1%,0.5,97,Y,22.1,14.0,0.5,--,2.68%,--,5.9,--,24.9,108.6,5.0%,06/30,5.5k,H,value,90
ADM.L,ADMIRAL GROUP ,10.8B,3616.00,4005.27,10.8%,15,53%,53%,15,15,+1,A,5.7%,0.2,88,Y,16.6,13.2,0.9,2.3,3.95%,--,--,--,45.6,139.0,-41.1%,08/06,5.5k,H,value,90
WTC.AX,WISETECH GLOBA,10.7B,31.80,60.42,90.0%,16,68%,68%,16,16,-2,A,61.2%,1.1,35,N,41.8,17.1,0.5,--,0.68%,--,--,-64.8,9.8,115.3,3.9%,08/26,7.5k,H,value,90
DECK,DECKERS OUTDOO,10.6B,78.14,120.41,54.1%,27,62%,48%,8,27,+2,E,33.8%,1.1,64,N,11.1,9.4,0.4,1.0,--,7.8%,-51.5,--,42.6,20.5,8.2%,06/30,7.5k,H,value,90
PAYP,PAYPAY CORPORA,10.6B,15.70,24.17,53.9%,13,75%,84%,4,13,+1,E,40.4%,--,63,N,13.5,20.8,0.6,1.8,--,1.6%,-74.6,-13.55,37.3,170.3,443.3%,06/30,7.5k,H,value,90
ODF.OL,ODFJELL SE,10.6B,133.40,137.80,3.3%,4.0,50%,50%,4.0,4.0,+1,A,1.6%,-0.2,95,Y,6.7,7.9,0.3,--,7.39%,--,33.4,--,16.8,103.8,1.2%,06/30,5k,H,value,90
PINS,"PINTEREST, INC",10.6B,18.89,29.05,53.8%,38.0,60%,50%,15.0,38.0,+1,E,32.3%,0.9,53,N,55.6,7.9,0.5,0.2,--,15.9%,-150.7,--,6.5,41.4,11.3%,06/30,7.5k,H,value,90
EGP,EASTGROUP PROP,10.6B,197.45,227.90,15.4%,20.0,57%,75%,14.0,20.0,+1,E,8.8%,1.0,87,Y,34.7,35.5,1.2,--,3.45%,7.3%,12.8,--,8.7,46.1,3.6%,06/30,5.5k,H,value,90
SUZ,SUZANO S.A.,10.6B,8.57,12.56,46.5%,6.0,100%,100%,6.0,6.0,+2,A,46.5%,0.0,74,N,6.7,5.8,0.2,--,0.01%,1.1%,-64.1,--,17.6,199.4,1.7%,06/30,7.5k,H,value,90
HUT,HUT 8 CORP.,10.6B,86.10,157.09,82.5%,22,93%,95%,14,22,+4,E,76.6%,6.0,61,Y,--,-16.2,--,--,--,14.8%,-399.7,135.7,-43.4,437.2,-72.9%,06/30,7.5k,H,value,90
IAG,IAMGOLD CORPOR,10.5B,18.41,24.33,32.2%,13.0,67%,76%,6.0,13.0,+1,E,21.4%,2.3,74,Y,9.3,7.7,0.3,--,--,--,65.4,41.07,32.3,12.2,11.6%,06/30,7k,H,value,90
HII,HUNTINGTON ING,10.5B,267.07,367.25,37.5%,12.0,60%,50%,5.0,12.0,0,E,22.5%,0.2,58,N,15.9,12.8,0.5,0.8,2.13%,3.5%,43.4,--,13.0,55.3,-2.9%,06/30,7k,H,value,90
ALQ.AX,ALS LIMITED,10.5B,20.75,24.28,17.0%,13.0,76%,76%,13.0,13.0,0,A,12.9%,1.1,79,N,32.9,20.7,0.8,--,2.04%,--,--,4.84,21.4,92.2,3.1%,11/12,6k,H,value,90
AC.PA,ACCOR SA,10.5B,45.85,55.18,20.4%,17,76%,76%,17,17,0,A,15.5%,0.9,88,N,40.2,17.3,0.7,1.0,2.93%,--,--,--,8.0,106.7,-1.3%,03/31,6.5k,H,value,90
FNF,FIDELITY NATIO,10.4B,38.65,61.40,58.9%,5.0,50%,80%,4.0,5.0,0,E,29.4%,1.0,66,N,13.5,6.7,0.4,--,5.05%,2.8%,-19.6,--,10.2,54.3,34.6%,06/30,7.5k,H,value,90
AR,ANTERO RESOURC,10.3B,33.39,50.29,50.6%,20,77%,65%,13,20,-1,E,38.9%,0.3,73,N,9.6,7.7,0.5,0.4,--,4.5%,265.8,-4.55,14.2,55.5,3.8%,06/30,7.5k,H,value,90
KNX,KNIGHT-SWIFT T,10.3B,63.59,88.45,39.1%,21.0,88%,85%,16.0,21.0,+4,E,34.2%,1.2,77,N,235.5,15.8,0.6,0.2,1.25%,9.2%,449.4,--,0.6,38.4,4.7%,06/30,7.5k,H,value,90
TXRH,TEXAS ROADHOUS,10.3B,156.34,218.74,39.9%,28.0,60%,53%,15.0,28.0,+1,E,23.9%,0.8,72,N,25.0,20.1,0.8,1.6,1.92%,2.9%,46.6,--,27.7,68.8,2.3%,06/30,7k,H,value,90
VIAV,VIAVI SOLUTION,10.3B,41.92,61.43,46.5%,8.0,88%,87%,8.0,8.0,0,E,40.7%,1.2,69,Y,--,21.5,0.6,--,--,6.3%,252.8,--,-2.7,48.2,1.5%,06/30,7.5k,H,value,90
NORBT.OL,NORBIT ASA,10.2B,159.10,224.75,41.3%,4.0,100%,100%,4.0,4.0,+1,A,41.3%,0.4,65,N,22.6,16.4,0.5,--,3.14%,--,203.3,--,38.2,59.5,3.3%,06/30,7.5k,H,value,90
CART,MAPLEBEAR INC.,10.2B,43.12,58.14,34.8%,32.0,67%,56%,12.0,32.0,+1,E,23.2%,0.8,82,Y,23.4,8.8,0.4,1.7,--,10.6%,-22.9,15.14,16.0,1.3,9.0%,06/30,7k,H,value,90
MIN.AX,MINERAL RESOUR,10.2B,51.35,66.65,29.8%,14.0,50%,50%,14.0,14.0,0,A,14.9%,1.1,69,N,9.6,15.2,0.7,--,1.59%,--,--,31.47,28.7,121.1,5.3%,08/27,6k,H,value,90
SGP.AX,STOCKLAND,10.2B,4.18,5.15,23.3%,10.0,80%,80%,10.0,10.0,+2,A,18.7%,0.9,62,N,10.2,10.4,0.4,--,5.85%,--,--,-27.69,9.5,47.3,3.0%,08/19,6.5k,H,value,90
GMED,GLOBUS MEDICAL,10.1B,74.90,103.23,37.8%,15,67%,66%,6,15,+1,E,25.2%,1.0,74,N,19.2,13.9,0.5,--,--,6.1%,27.4,27.68,11.8,2.3,5.5%,06/30,7k,H,value,90
CHYM,CHIME FINANCIA,10.1B,26.64,39.41,47.9%,23.0,93%,91%,29.0,23.0,+5,E,44.6%,--,75,Y,5.0,16.5,0.5,--,--,7.3%,150.9,33.2,-1.3,12.9,4.3%,06/30,7.5k,H,value,90
JKHY,JACK HENRY & A,10.0B,143.24,189.72,32.5%,20.0,72%,70%,18.0,20.0,+3,E,23.4%,0.6,74,N,20.6,18.2,0.5,1.8,1.70%,7.0%,-22.8,--,24.0,3.8,3.5%,06/30,7k,H,value,90
CIBUS.ST,CIBUS REAL EST,10.0B,122.15,162.03,32.6%,7,57%,57%,7,7,-1,A,18.6%,1.2,71,N,10.5,131.3,4.5,--,7.84%,--,5.1,--,8.6,166.6,0.5%,06/30,6.5k,H,value,90
IBRX,"IMMUNITYBIO, I",10.0B,9.44,12.75,35.1%,4.0,100%,100%,4.0,4.0,+1,A,35.1%,0.1,76,Y,--,-74.5,--,--,--,31.3%,-242.6,280.65,--,--,-1.9%,06/30,7.5k,H,value,90
GET.PA,GETLINK SE,9.99B,18.42,19.90,8.0%,15,53%,53%,15,15,-1,A,4.3%,0.5,93,Y,30.7,29.6,1.1,--,4.29%,--,--,--,13.3,217.0,2.8%,--,5.5k,H,value,90
BEAN.SW,BELIMO HOLDING,9.98B,811.50,1008.90,24.3%,10.0,60%,60%,10.0,10.0,+1,A,14.6%,1.1,84,Y,48.5,34.5,1.3,--,1.21%,--,--,-0.86,35.2,21.0,0.3%,--,6k,H,value,90
XRO.AX,XERO LIMITED,9.95B,56.31,124.29,120.7%,14.0,85%,85%,14.0,14.0,-1,A,102.6%,0.7,35,N,--,29.5,0.8,--,--,--,--,-64.45,4.4,39.3,2.2%,--,7.5k,H,value,90
RTO,RENTOKIL INITI,9.94B,19.75,31.82,61.1%,4.0,75%,75%,4.0,4.0,-1,A,45.9%,0.4,57,N,30.9,13.0,0.5,0.9,3.17%,0.7%,--,--,6.0,111.4,10.6%,07/30,7.5k,H,value,90
MOD,MODINE MANUFAC,9.94B,187.20,310.29,65.8%,8.0,100%,100%,4.0,8.0,0,E,65.8%,1.7,58,N,69.9,17.0,0.7,0.7,--,6.4%,66.4,26.6,13.1,55.5,-0.7%,06/30,7.5k,H,value,90
ONON,ON HOLDING AG,9.90B,29.61,43.07,45.4%,31.0,89%,80%,19.0,31.0,+2,E,40.7%,2.1,58,N,20.9,14.5,0.6,0.5,--,9.2%,-11.7,-27.71,24.0,29.4,2.9%,06/30,7.5k,H,value,90
TFII,TFI INTERNATIO,9.85B,119.86,172.00,43.5%,19.0,69%,84%,16.0,19.0,+3,E,29.9%,1.5,71,N,29.4,15.2,0.6,--,1.54%,--,60.8,36.58,12.4,111.5,6.4%,06/30,7.5k,H,value,90
KRYS,KRYSTAL BIOTEC,9.84B,332.56,392.11,17.9%,12,100%,91%,4,12,+1,E,17.9%,0.5,87,Y,41.7,35.7,1.2,--,--,17.5%,-31.0,85.16,20.1,0.7,1.5%,06/30,6.5k,H,value,90
PAYC,PAYCOM SOFTWAR,9.81B,217.65,217.76,0.1%,21.0,54%,28%,13.0,21.0,0,E,0.0%,0.8,89,Y,23.0,15.6,0.5,1.2,0.69%,6.9%,-3.0,--,41.1,172.0,4.3%,06/30,5k,H,value,90
MSGS,MADISON SQUARE,9.76B,405.21,480.67,18.6%,8,100%,62%,5,8,+1,E,18.6%,0.6,92,Y,1227.9,-890.3,--,--,--,8.6%,421.6,76.34,--,--,0.6%,06/30,6.5k,H,value,90
AKZA.AS,AKZO NOBEL N.V,9.75B,56.86,65.38,15.0%,16,56%,56%,16,16,0,A,8.4%,1.2,84,N,15.3,13.3,0.6,2.2,3.49%,--,12.9,--,14.1,131.0,8.5%,06/30,5.5k,H,value,90
FGR.PA,EIFFAGE SA,9.73B,100.15,157.89,57.7%,18,72%,72%,18,18,0,A,41.5%,0.7,68,N,9.1,8.0,0.3,2.4,4.67%,--,--,--,17.7,172.3,21.0%,--,7.5k,H,value,90
ENLT,ENLIGHT RENEWA,9.71B,69.41,88.71,27.8%,8.0,100%,50%,4.0,8.0,0,E,27.8%,0.9,64,N,113.8,89.0,5.0,--,--,0.8%,33.3,--,6.0,262.4,-22.8%,06/30,7.5k,H,value,90
GKOS,GLAUKOS CORPOR,9.68B,164.19,198.69,21.0%,14,94%,92%,17,14,0,E,19.8%,0.8,86,Y,--,324.6,10.8,--,--,8.6%,-13.2,97.37,-26.0,15.8,0.2%,06/30,6.5k,H,value,90
AXSM,AXSOME THERAPE,9.66B,184.39,284.63,54.4%,22,88%,95%,16,22,+1,E,47.6%,0.7,71,N,--,39.4,1.3,--,--,9.3%,-8.6,55.51,-245.1,269.7,-0.0%,06/30,7.5k,H,value,90
SSB,SOUTHSTATE BAN,9.65B,99.56,119.50,20.0%,14.0,100%,85%,6.0,14.0,0,E,20.0%,0.7,89,N,10.5,9.6,0.6,--,2.64%,3.5%,-6.7,3.66,10.6,--,--,06/30,6.5k,H,value,90
ESTC,ELASTIC N.V.,9.63B,91.70,110.69,20.7%,30.0,62%,60%,32.0,30.0,-1,E,12.9%,1.0,85,Y,26.2,23.2,0.7,--,--,4.6%,67.4,5.86,33.1,45.9,5.2%,07/31,6k,H,value,90
WTFC,WINTRUST FINAN,9.57B,141.82,177.73,25.3%,15.0,83%,60%,6.0,15.0,0,E,21.1%,0.8,85,N,11.4,10.3,0.7,--,1.53%,3.9%,8.1,9.34,12.2,--,--,06/30,7k,H,value,90
WMS,ADVANCED DRAIN,9.55B,126.71,182.25,43.8%,12,100%,100%,5,12,+2,E,43.8%,1.3,71,N,21.6,17.2,0.6,1.2,0.62%,3.9%,11.6,-9.5,26.4,97.2,3.4%,06/30,7.5k,H,value,90
TNE.AX,TECHNOLOGY ONE,9.54B,29.14,30.94,6.2%,16,68%,68%,16,16,-1,A,4.2%,0.6,73,Y,67.8,48.3,1.4,--,0.97%,--,--,-23.0,33.5,11.6,1.6%,--,5.5k,H,value,90
ELO.OL,ELOPAK ASA,9.45B,35.20,39.34,11.8%,4,50%,50%,4,4,0,A,5.9%,0.8,63,N,13.0,10.8,0.5,--,5.08%,--,69.5,--,19.5,125.1,0.5%,06/30,5.5k,H,value,90
DKNG,DRAFTKINGS INC,9.43B,19.00,35.12,84.8%,37.0,95%,81%,19.0,37.0,+1,E,80.4%,1.6,50,N,--,11.3,0.5,0.1,--,7.8%,73.7,-45.96,-21.1,336.5,4.9%,06/30,7.5k,H,value,90
OGE,OGE ENERGY COR,9.38B,45.42,50.33,10.8%,14,62%,42%,8,14,+2,E,6.8%,0.5,90,N,20.1,17.4,1.0,3.0,3.78%,6.8%,-49.7,3.07,9.7,117.3,1.4%,06/30,5.5k,H,value,90
HSIC,"HENRY SCHEIN, ",9.36B,83.97,97.27,15.8%,16,62%,50%,8,16,-1,E,9.9%,0.8,91,Y,24.5,14.0,0.5,1.7,--,8.2%,-6.9,--,8.9,80.7,4.8%,06/30,6k,H,value,90
NDX1.DE,NORDEX SE,9.28B,39.16,49.31,25.9%,15,73%,73%,15,15,+3,A,18.9%,1.2,76,N,23.9,15.6,0.6,--,--,--,259.5,--,32.4,34.4,4.9%,06/30,6.5k,H,value,90
KESKOB.HE,KESKO OYJ,9.27B,23.28,22.30,-4.2%,5.0,80%,80%,5.0,5.0,0,A,-3.4%,0.8,100,Y,22.2,17.9,0.8,--,3.91%,--,9.5,--,16.0,149.4,4.8%,06/30,5k,H,value,90
MUSA,MURPHY USA INC,9.26B,504.03,617.80,22.6%,10,60%,60%,10,10,+1,A,13.5%,0.3,79,Y,15.4,16.4,0.7,--,0.51%,4.7%,61.0,--,86.4,352.9,4.2%,06/30,6k,H,value,90
TROAX.ST,TROAX GROUP AB,9.25B,154.60,162.31,5.0%,4,75%,75%,4,4,-1,A,3.7%,1.2,94,Y,343.6,224.1,8.3,--,1.68%,--,-535.7,--,1.5,126.2,0.0%,06/30,5.5k,H,value,90
OC,OWENS CORNING,9.23B,116.74,172.80,48.0%,17,85%,70%,13,17,+1,E,40.6%,1.3,73,N,--,9.8,0.4,--,2.67%,3.4%,162.6,--,-9.5,150.3,9.4%,06/30,7.5k,H,value,90
ARWR,ARROWHEAD PHAR,9.22B,65.45,107.23,63.8%,14.0,100%,92%,14.0,14.0,+2,E,63.8%,1.3,69,N,--,-13.3,--,--,--,9.1%,-718.0,--,-55.2,296.0,-0.5%,06/30,7.5k,H,value,90
KYMR,KYMERA THERAPE,9.20B,111.79,138.64,24.0%,23,82%,91%,11,23,-1,E,19.6%,2.0,86,Y,--,-21.9,--,--,--,16.3%,25.5,104.52,-24.2,5.2,-1.6%,06/30,6.5k,H,value,90
CYTK,"CYTOKINETICS, ",9.16B,65.91,109.90,66.7%,22.0,100%,90%,8.0,22.0,0,E,66.7%,0.4,75,N,--,-14.8,--,--,--,19.2%,35.1,18.03,--,--,-4.3%,06/30,7.5k,H,value,90
PTGX,PROTAGONIST TH,9.12B,140.89,174.69,24.0%,13,100%,100%,12,13,+1,E,24.0%,1.8,88,Y,136.8,-707.5,--,--,--,14.6%,514.0,120.14,11.0,1.1,1.1%,06/30,7k,H,value,90
TKA.DE,THYSSENKRUPP A,9.11B,14.64,16.38,11.9%,8,62%,62%,8,8,0,A,7.3%,1.6,92,Y,31.8,11.6,0.4,--,1.03%,--,-100.0,--,3.3,7.1,-9.9%,06/30,5.5k,H,value,90
PODD,INSULET CORPOR,9.05B,130.47,171.91,31.8%,25,53%,60%,17,25,-7,E,16.8%,1.1,37,N,24.1,16.9,0.6,--,--,8.3%,8.4,--,26.0,66.7,2.6%,06/30,6.5k,H,value,90
6185.HK,CANSINO BIOLOG,9.03B,36.54,47.50,30.0%,4.0,100%,100%,4.0,4.0,0,A,30.0%,1.2,68,Y,192.3,20.5,0.7,--,--,--,--,-26.18,0.8,19.7,-3.9%,08/27,7.5k,H,value,90
SOLS,SOLSTICE ADVAN,8.95B,56.32,80.25,42.5%,8.0,80%,87%,10.0,8.0,+5,E,34.0%,--,62,N,42.7,16.8,0.7,0.5,0.54%,4.2%,440.0,16.73,11.3,152.8,-0.3%,06/30,7.5k,H,value,90
APTV,APTIV PLC,8.93B,43.02,66.61,54.8%,20,85%,80%,13,20,-3,E,46.4%,1.3,48,N,19.5,6.6,0.3,1.0,--,4.9%,183.9,--,5.2,64.9,18.1%,06/30,7.5k,H,value,90
LTH,LIFE TIME GROU,8.91B,39.88,56.07,40.6%,14.0,100%,100%,9.0,14.0,+1,E,40.6%,1.5,84,Y,21.8,19.5,0.8,--,--,6.5%,-1.0,43.87,13.4,129.5,-3.9%,06/30,7.5k,H,value,90
SAIA,"SAIA, INC.",8.88B,333.74,434.38,30.2%,21.0,72%,66%,18.0,21.0,+6,E,21.8%,2.1,67,N,32.2,23.4,0.9,2.6,--,4.7%,9.2,13.56,10.8,9.9,1.5%,06/30,7k,H,value,90
SDLF.L,STANDARD LIFE ,8.86B,884.50,922.11,4.3%,12,50%,50%,12,12,-1,A,2.1%,0.9,92,Y,--,11.7,0.8,--,6.29%,--,--,--,-31.9,341.2,439.9%,09/07,5k,H,value,90
ESI,ELEMENT SOLUTI,8.84B,36.28,46.73,28.8%,11.0,83%,90%,6.0,11.0,+4,E,24.0%,1.3,74,Y,49.0,17.2,0.8,--,0.89%,3.9%,96.7,42.96,6.5,75.0,0.6%,06/30,7k,H,value,90
HLI,HOULIHAN LOKEY,8.83B,126.34,153.50,21.5%,11,75%,45%,8,11,+1,E,16.1%,1.0,62,N,21.2,14.4,0.9,--,2.20%,4.8%,-30.2,-35.96,17.8,20.8,--,06/30,6.5k,H,value,90
CHC.AX,CHARTER HALL G,8.77B,18.55,23.39,26.1%,11.0,54%,54%,11.0,11.0,0,A,14.1%,1.4,71,N,20.8,14.6,0.5,--,2.74%,--,--,-16.03,15.3,25.8,5.9%,08/21,6k,H,value,90
SGE.L,THE SAGE GROUP,8.75B,971.40,1131.06,16.4%,19.0,73%,73%,19.0,19.0,0,A,12.0%,0.3,82,Y,24.3,16.9,0.5,1.1,2.31%,--,--,--,75.6,919.1,7.2%,--,6k,H,value,90
R,"RYDER SYSTEM, ",8.74B,227.86,294.56,29.3%,11,50%,54%,8,11,-1,E,14.6%,1.0,80,N,18.5,12.9,0.5,--,1.75%,3.1%,-4.3,--,16.7,293.6,10.9%,06/30,6k,H,value,90
SIRI,SIRIUS XM HOLD,8.72B,25.88,33.23,28.4%,14.0,50%,42%,10.0,14.0,+2,E,14.2%,1.0,79,Y,10.4,7.8,0.5,1.0,4.19%,18.4%,-19.5,--,7.6,81.1,13.6%,06/30,6k,H,value,90
CAI,CARIS LIFE SCI,8.66B,30.63,28.15,-8.1%,14.0,80%,71%,5.0,14.0,0,E,-6.5%,--,91,Y,3.1,81.6,2.7,--,--,11.6%,-102.6,0.99,20.1,76.5,0.7%,06/30,5k,H,value,90
YMM,FULL TRUCK ALL,8.65B,8.27,12.49,51.0%,15.0,86%,86%,15.0,15.0,-1,A,43.9%,0.2,59,N,13.8,9.5,0.3,--,4.06%,2.2%,46.6,-34.75,10.4,0.1,69.5%,06/30,7.5k,H,value,90
ACKB.BR,ACKERMANS & VA,8.64B,264.60,311.86,17.9%,6,50%,50%,6,6,-1,A,8.9%,0.8,88,N,13.2,13.2,0.5,--,1.72%,--,--,--,11.8,26.9,5.9%,08/28,5.5k,H,value,90
ABVX,ABIVAX SOCIÉTÉ,8.64B,99.02,164.00,65.6%,12.0,83%,100%,12.0,12.0,+1,E,54.7%,-0.2,67,N,--,-25.5,--,--,--,8.0%,23.4,20.17,-252.3,0.3,-1.5%,06/30,7.5k,H,value,90
GPT.AX,THE GPT GROUP,8.58B,4.48,5.43,21.2%,12,58%,58%,12,12,0,A,12.3%,0.9,78,N,8.1,12.3,0.4,--,5.31%,--,--,-13.62,10.0,52.9,72.5%,08/17,6k,H,value,90
SOF.BR,SOFINA SOCIÉTÉ,8.58B,243.00,301.00,23.9%,4.0,100%,100%,4.0,4.0,0,A,23.9%,1.2,91,Y,6.3,--,--,--,1.49%,--,--,--,12.8,11.3,5.3%,09/02,7k,H,value,90
DIE.BR,D'IETEREN GROU,8.57B,163.00,236.25,44.9%,12.0,100%,100%,12.0,12.0,+1,A,44.9%,0.9,82,N,20.0,10.7,0.5,--,1.22%,--,--,--,--,2039.8,7.1%,09/09,7.5k,H,value,90
VOYA,VOYA FINANCIAL,8.56B,94.48,108.08,14.4%,12.0,71%,66%,17.0,12.0,0,E,10.2%,0.9,89,Y,16.1,8.3,0.6,--,1.98%,0.0%,-51.0,30.33,9.6,68.9,16.7%,06/30,6k,H,value,90
TGTX,TG THERAPEUTIC,8.54B,55.78,69.71,25.0%,8,83%,87%,6,8,0,E,20.8%,1.7,94,Y,20.4,20.6,0.7,--,--,28.5%,-98.0,52.57,100.3,124.9,0.7%,06/30,6.5k,H,value,90
CUBE,CUBESMART,8.52B,37.58,43.94,16.9%,18.0,50%,44%,6.0,18.0,+2,E,8.5%,1.1,87,N,25.6,23.9,0.8,--,5.60%,5.5%,8.0,--,12.0,134.3,5.7%,06/30,5.5k,H,value,90
WISE.L,WISE GROUP PLC,8.50B,864.40,1148.75,32.9%,20.0,70%,70%,20.0,20.0,0,A,23.0%,1.3,78,N,23.4,17.5,0.5,4.5,--,--,--,--,27.2,25.1,-3.0%,--,7k,H,value,90
KNTK,KINETIK HOLDIN,8.49B,50.20,57.31,14.2%,17,86%,76%,7,17,+2,E,12.1%,0.8,88,Y,17.6,23.0,1.4,--,6.27%,9.5%,691.8,32.24,19.2,136.6,-1.1%,06/30,6k,H,value,90
SPXC,SPX TECHNOLOGI,8.49B,169.56,270.67,59.6%,12.0,100%,91%,4.0,12.0,0,E,59.6%,1.3,68,N,29.9,17.5,0.6,1.0,--,3.5%,25.7,-8.8,14.7,26.2,2.8%,06/30,7.5k,H,value,90
BRX,BRIXMOR PROPER,8.47B,27.60,35.13,27.3%,15.0,75%,86%,8.0,15.0,-2,E,20.5%,1.0,84,N,19.7,28.5,1.0,--,4.41%,9.3%,-22.0,5.37,14.4,176.2,7.1%,06/30,6.5k,H,value,90
SPM.MI,SAIPEM SPA,8.45B,4.35,4.94,13.4%,18.0,72%,72%,18.0,18.0,+1,A,9.6%,1.6,90,Y,33.5,14.4,0.8,--,3.90%,--,--,--,10.9,129.0,13.3%,06/30,6k,H,value,90
MP,MP MATERIALS C,8.42B,47.29,74.29,57.1%,19.0,86%,94%,7.0,19.0,0,E,48.9%,2.0,47,N,--,54.1,2.4,--,--,20.5%,51.4,-30.08,-3.6,41.4,-5.1%,06/30,7.5k,H,value,90
IDCC,"INTERDIGITAL, ",8.41B,326.07,462.67,41.9%,4.0,100%,100%,4.0,4.0,0,A,41.9%,1.4,79,Y,38.4,28.1,0.8,--,0.93%,13.7%,72.4,--,26.4,33.4,7.1%,06/30,7.5k,H,value,90
CAR.AX,CAR GROUP LIMI,8.40B,22.17,33.32,50.3%,14.0,85%,85%,14.0,14.0,-1,A,42.7%,0.8,57,N,26.7,16.9,1.1,--,3.89%,--,--,-37.96,11.3,57.0,4.8%,08/10,7.5k,H,value,90
GBLB.BR,GROUPE BRUXELL,8.40B,71.10,88.44,24.4%,7.0,71%,71%,7.0,7.0,0,A,17.3%,0.7,83,N,--,25.1,1.7,--,7.08%,--,-507.6,--,-3.8,63.2,0.1%,03/31,6.5k,H,value,90
ADC,AGREE REALTY C,8.33B,66.81,83.83,25.5%,20.0,50%,60%,4.0,20.0,0,E,12.7%,0.5,81,N,35.9,34.6,1.2,--,4.74%,--,4.9,--,3.7,59.0,5.4%,06/30,6k,H,value,90
REXR,REXFORD INDUST,8.29B,36.27,40.38,11.3%,18.0,50%,33%,10.0,18.0,-1,E,5.7%,1.2,82,N,--,36.7,1.3,--,4.65%,6.6%,-660.7,--,-4.7,41.4,4.1%,06/30,5.5k,H,value,90
S,"SENTINELONE, I",8.27B,23.76,24.38,2.6%,34,58%,55%,24,34,-2,E,1.5%,0.8,97,Y,--,51.5,1.5,--,--,6.0%,-54.9,36.32,-23.0,--,3.6%,07/31,5k,H,value,90
RHP,RYMAN HOSPITAL,8.25B,119.53,139.79,16.9%,14,100%,100%,9,14,+1,E,16.9%,1.2,87,Y,29.2,25.1,0.9,--,3.93%,6.0%,165.9,--,22.6,334.6,6.9%,06/30,6.5k,H,value,90
ANDR.VI,ANDRITZ AG,8.19B,83.60,93.14,11.4%,7,85%,85%,7,7,+1,A,9.7%,1.3,95,Y,17.6,13.7,0.5,--,3.21%,--,6.4,--,20.2,25.4,7.0%,06/30,6k,H,value,90
MXL,"MAXLINEAR, INC",8.19B,90.31,94.55,4.7%,11,50%,63%,6,11,0,E,2.3%,3.9,70,Y,--,34.6,1.0,--,--,7.5%,103.9,--,-21.3,30.6,0.2%,06/30,5k,H,value,90
ALV,"AUTOLIV, INC.",8.19B,111.89,134.31,20.0%,18.0,50%,61%,6.0,18.0,-1,E,10.0%,1.4,85,N,13.2,9.6,0.4,--,3.08%,7.2%,-42.9,-7.89,25.9,87.5,9.1%,06/30,6k,H,value,90
WAL,WESTERN ALLIAN,8.19B,75.10,92.25,22.8%,16.0,58%,75%,12.0,16.0,+1,E,13.3%,1.3,77,N,8.6,6.7,0.4,--,2.22%,--,3.3,-10.87,13.0,--,--,06/30,6k,H,value,90
WYNN,"WYNN RESORTS, ",8.18B,79.43,132.00,66.2%,21.0,100%,100%,13.0,21.0,+3,E,66.2%,1.0,59,N,19.0,15.4,0.7,0.7,1.28%,10.2%,58.5,--,--,--,5.8%,06/30,7.5k,H,value,90
PRAX,PRAXIS PRECISI,8.13B,291.23,638.68,119.3%,19.0,88%,89%,8.0,19.0,+1,E,104.4%,2.8,74,N,--,-31.3,--,--,--,13.6%,-13.2,449.28,-38.9,0.1,-2.5%,06/30,7.5k,H,value,90
DY,DYCOM INDUSTRI,8.12B,269.08,520.91,93.6%,11.0,100%,100%,9.0,11.0,0,E,93.6%,1.5,48,N,24.6,12.9,0.5,--,--,5.4%,8.7,-7.74,19.2,147.7,4.0%,07/31,7.5k,H,value,90
EAT,BRINKER INTERN,8.11B,193.53,265.09,37.0%,23.0,82%,82%,28.0,23.0,+3,E,30.4%,1.3,76,Y,17.8,13.3,0.6,1.9,--,18.8%,31.8,--,119.6,395.8,4.5%,06/30,7.5k,H,value,90
NXT.AX,NEXTDC LIMITED,8.11B,10.66,20.18,89.2%,14.0,92%,92%,14.0,14.0,-1,A,82.0%,1.2,62,N,88.9,-53.5,--,--,--,--,--,-36.86,1.6,55.3,-21.2%,08/27,7.5k,H,value,90
TKR,THE TIMKEN COM,8.11B,116.75,146.47,25.5%,12.0,86%,58%,7.0,12.0,+1,E,21.8%,1.2,80,Y,31.6,16.0,0.6,1.3,1.23%,6.4%,-58.3,57.56,8.5,65.5,4.3%,06/30,7k,H,value,90
SATS.OL,SATS ASA,8.08B,42.30,51.80,22.5%,5.0,60%,60%,5.0,5.0,0,A,13.5%,0.8,89,Y,16.1,12.0,0.5,--,3.40%,--,21.0,--,36.2,461.3,18.0%,06/30,6k,H,value,90
STERV.HE,STORA ENSO OYJ,8.02B,10.16,11.37,11.8%,16,50%,50%,16,16,+1,A,5.9%,0.6,83,Y,14.1,14.1,0.6,--,2.44%,--,-154.2,--,5.4,36.4,9.4%,06/30,5.5k,H,value,90
KTOS,KRATOS DEFENSE,8.01B,42.69,102.76,140.7%,21.0,100%,90%,10.0,21.0,+1,E,140.7%,1.1,32,N,251.1,38.8,1.4,--,--,6.2%,-49.4,--,1.1,5.7,-1.5%,06/30,7.5k,H,value,90
QIA.DE,QIAGEN N.V.,8.00B,38.72,39.14,1.1%,7.0,57%,57%,7.0,7.0,-1,A,0.6%,0.6,81,Y,22.4,17.3,0.6,1.2,0.79%,--,-20.5,--,11.9,49.2,4.7%,06/30,5k,H,value,90
AGCO,AGCO CORPORATI,8.00B,114.23,124.00,8.6%,16,55%,43%,11,16,+2,E,4.7%,1.1,79,N,15.8,15.3,0.6,1.0,1.03%,6.1%,-74.7,--,11.8,66.1,5.6%,06/30,5.5k,H,value,90
MKS.L,MARKS AND SPEN,7.98B,385.70,445.00,15.4%,18,83%,83%,18,18,-1,A,12.8%,1.0,92,Y,32.1,10.9,0.5,0.6,1.10%,--,--,--,7.8,106.4,3.1%,--,6k,H,value,90
OSK,OSHKOSH CORPOR,7.95B,128.82,169.07,31.2%,18.0,83%,61%,6.0,18.0,0,E,26.0%,1.3,71,N,14.8,9.2,0.3,--,1.73%,3.7%,-6.6,--,12.4,24.4,9.2%,06/30,7k,H,value,90
MGM,MGM RESORTS IN,7.94B,31.05,49.33,58.9%,23,70%,43%,10,23,+1,E,41.2%,1.3,60,N,18.8,15.0,0.6,0.5,--,16.0%,202.5,--,18.9,893.3,11.1%,06/30,7.5k,H,value,90
SMIN.L,SMITHS GROUP P,7.94B,2825.00,2935.36,3.9%,15.0,53%,53%,15.0,15.0,+1,A,2.1%,0.7,98,Y,57.7,19.9,0.7,1.4,1.71%,--,--,--,6.7,47.1,14.1%,09/22,5k,H,value,90
ZETA,ZETA GLOBAL HO,7.92B,31.57,31.64,0.2%,15.0,100%,80%,8.0,15.0,-1,E,0.2%,1.4,96,Y,Infinity,26.1,0.8,--,--,8.0%,324.9,57.61,-0.3,23.8,3.2%,06/30,5k,H,--,30
GIL,GILDAN ACTIVEW,7.89B,42.63,82.00,92.4%,13.0,100%,84%,4.0,13.0,0,E,92.4%,1.1,58,N,33.0,7.8,0.3,0.4,2.33%,7.4%,-24.8,-27.17,8.7,147.6,-10.2%,06/30,7.5k,H,value,90
PCTY,PAYLOCITY HOLD,7.89B,142.57,172.15,20.7%,21.0,71%,85%,7.0,21.0,0,E,14.8%,0.5,88,Y,29.0,14.7,0.4,1.2,--,6.5%,25.7,-6.89,22.0,10.9,4.6%,06/30,6k,H,value,90
DYVOX.ST,DYNAVOX GROUP ,7.88B,74.30,112.60,51.5%,4,75%,75%,4,4,0,A,38.7%,0.8,65,N,35.0,35.4,1.2,--,0.66%,--,155.2,--,37.2,155.0,2.3%,06/30,7.5k,H,value,90
PCOR,PROCORE TECHNO,7.86B,51.72,68.19,31.8%,24,100%,75%,9,24,+2,E,31.8%,0.7,63,N,--,21.8,0.6,--,--,12.9%,285.9,-27.03,-3.1,5.3,3.9%,06/30,7.5k,H,value,90
ATS.VI,AT & S AUSTRIA,7.79B,200.50,272.20,35.8%,5.0,60%,60%,5.0,5.0,+1,A,21.5%,1.3,83,Y,147.4,17.1,0.5,--,--,--,173.1,--,5.9,143.0,1.4%,06/30,7k,H,value,90
INPST.AS,INPOST S.A.,7.78B,15.57,17.42,11.9%,12.0,58%,58%,12.0,12.0,-2,A,6.9%,1.1,98,Y,77.8,20.0,0.7,--,--,--,-44.0,--,13.2,324.1,9.8%,06/30,5.5k,H,value,90
SYRE,SPYRE THERAPEU,7.73B,89.03,120.08,34.9%,16.0,91%,93%,11.0,16.0,-2,E,31.7%,3.0,81,Y,--,-25.3,--,--,--,14.7%,-223.7,440.89,-23.0,--,-1.2%,06/30,7.5k,H,value,90
ZWS,ZURN ELKAY WAT,7.71B,46.47,58.00,24.8%,10,83%,40%,6,10,-1,E,20.7%,0.8,84,N,28.9,22.8,0.8,1.5,0.94%,4.0%,88.8,0.21,16.9,33.2,4.2%,06/30,6.5k,H,value,90
LNC,LINCOLN NATION,7.71B,40.26,47.92,19.0%,13.0,67%,46%,12.0,13.0,+1,E,12.7%,1.1,84,Y,3.4,4.6,0.3,--,4.40%,0.0%,199.3,--,22.6,63.8,26.8%,06/30,6k,H,value,90
ABVX.PA,ABIVAX SOCIÉTÉ,7.66B,87.80,135.01,53.8%,8.0,75%,75%,8.0,8.0,0,A,40.3%,-0.2,63,N,--,-30.3,--,--,--,--,23.4,--,-252.3,0.3,-1.6%,06/30,7.5k,H,value,90
RAL,RALLIANT CORPO,7.65B,69.17,78.10,12.9%,11.0,67%,54%,9.0,11.0,0,E,8.6%,--,92,Y,--,20.6,0.6,--,0.29%,7.4%,43.4,57.22,-53.9,79.8,4.4%,06/30,5.5k,H,value,90
CNM,"CORE & MAIN, I",7.65B,41.48,55.14,32.9%,15,67%,53%,6,15,-1,E,22.0%,0.9,70,N,17.1,11.8,0.4,1.5,--,5.5%,5.1,-21.14,23.6,130.7,6.2%,07/31,7k,H,value,90
PLSV.OL,PARATUS ENERGY,7.64B,46.95,60.26,28.3%,4.0,75%,75%,4.0,4.0,+1,A,21.3%,0.7,89,N,8.1,8.2,0.5,--,17.73%,--,-81.3,--,76.4,776.2,-2.1%,06/30,7k,H,value,90
ACM,AECOM,7.59B,58.95,86.92,47.4%,13.0,70%,84%,10.0,13.0,0,E,33.2%,0.9,43,N,20.8,9.2,0.3,0.7,2.11%,6.2%,-163.5,--,16.6,138.9,5.0%,06/30,7.5k,H,value,90
LEVI,LEVI STRAUSS &,7.58B,19.70,27.93,41.8%,15,73%,80%,11,15,-1,E,30.4%,1.3,77,N,14.1,11.5,0.5,--,3.25%,8.1%,-22.3,--,25.4,101.0,7.8%,05/31,7.5k,H,--,30
STN,STANTEC INC.,7.57B,67.36,--,--,11.0,100%,100%,11.0,11.0,0,A,--,0.7,59,N,22.0,13.7,0.5,--,1.05%,--,0.2,-37.77,15.7,81.0,8.6%,06/30,5k,H,--,30
RIOT,RIOT PLATFORMS,7.56B,20.15,32.52,61.4%,22.0,100%,95%,12.0,22.0,+2,E,61.4%,3.8,66,Y,--,-21.5,--,--,--,14.8%,-327.0,6.44,-48.2,40.0,-9.5%,06/30,7.5k,H,value,90
IDA,"IDACORP, INC.",7.56B,130.73,157.33,20.3%,9.0,60%,77%,5.0,9.0,0,E,12.2%,0.5,84,N,21.7,18.8,1.1,1.8,2.68%,11.5%,-17.6,--,9.4,106.0,-16.2%,06/30,6k,H,value,90
RNO.PA,RENAULT SA,7.49B,25.90,38.91,50.2%,20.0,50%,50%,20.0,20.0,-1,A,25.1%,0.8,68,N,7.9,3.8,0.2,--,8.44%,--,--,--,5.0,327.7,41.1%,07/29,7k,H,value,90
RTO.L,RENTOKIL INITI,7.48B,297.20,469.19,57.9%,19.0,68%,68%,19.0,19.0,+1,A,39.4%,0.4,59,N,29.7,12.8,0.5,0.9,3.15%,--,--,--,6.0,111.4,14.1%,07/30,7.5k,H,value,90
TPG.AX,TPG TELECOM LI,7.46B,3.80,4.09,7.7%,12,50%,50%,12,12,0,A,3.8%,0.1,65,N,126.7,41.4,2.7,--,5.21%,--,--,-20.67,0.6,49.0,64.4%,08/21,5.5k,H,value,90
IONS,IONIS PHARMACE,7.42B,44.65,83.64,87.3%,23.0,81%,78%,27.0,23.0,-2,E,71.1%,0.4,51,N,--,-40.1,--,--,--,16.7%,10.9,--,-105.5,497.8,-4.7%,06/30,7.5k,H,value,90
EMN,EASTMAN CHEMIC,7.41B,64.84,81.60,25.8%,16.0,67%,56%,6.0,16.0,0,E,17.2%,1.1,78,N,16.9,9.4,0.4,0.5,5.11%,6.8%,-23.6,--,7.3,88.5,7.3%,06/30,6.5k,H,value,90
RMS.AX,RAMELIUS RESOU,7.40B,3.92,5.10,30.0%,10,90%,90%,10,10,0,A,27.0%,1.3,76,Y,56.0,11.8,0.5,3.0,1.53%,--,--,2.07,4.3,2.0,8.8%,08/21,7.5k,H,value,90
WULF,TERAWULF INC.,7.38B,14.80,33.69,127.6%,24,94%,95%,17,24,+6,E,120.1%,4.2,50,N,--,-61.8,--,--,--,28.5%,-106.6,29.03,-1211.8,3549.6,-3.2%,06/30,7.5k,H,value,90
MRL.MC,MERLIN PROPERT,7.38B,11.92,17.25,44.7%,21.0,80%,80%,21.0,21.0,-3,A,35.7%,0.9,75,N,8.1,21.1,0.7,2.5,1.76%,--,17.1,--,9.9,55.8,3.4%,06/30,7.5k,H,value,90
SFD,SMITHFIELD FOO,7.37B,18.72,26.07,39.3%,7,75%,71%,4,7,0,E,29.5%,--,63,N,7.0,8.5,0.4,--,6.58%,12.1%,-4.0,-16.0,15.5,32.8,7.2%,06/30,7.5k,H,value,90
IMI.L,IMI PLC,7.36B,3136.00,3250.31,3.6%,17.0,58%,58%,17.0,17.0,-1,A,2.1%,1.0,98,Y,23.1,20.2,0.8,2.1,1.13%,--,--,--,35.8,80.3,4.3%,07/31,5k,H,value,90
CPR.MI,DAVIDE CAMPARI,7.35B,6.13,7.12,16.2%,21.0,52%,52%,21.0,21.0,+3,A,8.4%,0.5,90,Y,26.6,17.5,0.7,1.5,1.66%,--,-152.9,--,6.7,70.3,2.3%,12/31,5.5k,H,value,90
KRU.WA,KRUK SPÓLKA AK,7.34B,375.50,523.40,39.4%,4.0,100%,100%,4.0,4.0,+1,A,39.4%,0.3,74,N,7.4,6.4,0.4,--,5.28%,--,-12.1,--,20.5,136.1,0.1%,06/30,7.5k,H,value,90
KCR.HE,KONECRANES PLC,7.33B,30.84,35.50,15.1%,4.0,100%,100%,4.0,4.0,0,A,15.1%,1.3,89,Y,19.2,14.7,0.5,--,7.21%,--,-9.8,--,19.8,19.9,5.1%,06/30,6.5k,H,value,90
BGN.MI,BANCA GENERALI,7.33B,64.25,72.38,12.7%,5,60%,60%,5,5,-2,A,7.6%,0.7,92,Y,14.0,16.7,1.1,--,4.53%,--,69.5,--,36.5,--,--,06/30,5.5k,H,value,90
CHRD,CHORD ENERGY C,7.33B,134.07,173.12,29.1%,17.0,69%,82%,13.0,17.0,+1,E,20.2%,0.4,85,Y,9.1,8.3,0.5,--,3.88%,8.2%,303.6,39.26,10.3,18.0,13.1%,06/30,6.5k,H,value,90
CHWY,"CHEWY, INC.",7.32B,18.20,28.64,57.3%,26,69%,69%,16,26,-2,E,39.4%,1.4,45,N,28.0,9.7,0.4,0.4,--,10.3%,36.0,--,72.0,313.4,6.1%,07/31,7.5k,H,value,90
APLD,APPLIED DIGITA,7.29B,24.37,66.43,172.6%,15,73%,86%,11,15,+2,E,125.5%,5.7,48,N,--,-50.4,--,--,--,22.1%,-315.8,-2.52,-8.4,136.2,-68.1%,05/31,7.5k,H,--,30
PIRC.MI,PIRELLI & C. S,7.27B,6.70,7.16,6.9%,15.0,66%,66%,15.0,15.0,-2,A,4.5%,1.1,94,Y,13.4,11.5,0.5,--,3.64%,--,1.0,--,9.1,46.9,13.4%,06/30,5.5k,H,value,90
AVAV,"AEROVIRONMENT,",7.23B,142.22,219.35,54.2%,20,86%,85%,7,20,+1,E,46.5%,1.4,34,N,--,31.9,1.2,--,--,11.8%,70.4,--,-4.6,19.4,-0.4%,07/31,7.5k,H,value,90
CWEN,CLEARWAY ENERG,7.22B,29.27,41.62,42.2%,13.0,75%,92%,4.0,13.0,+2,E,31.6%,0.9,70,N,34.0,17.9,1.0,--,6.34%,7.9%,-48.3,3.23,-3.2,176.9,5.8%,06/30,7.5k,H,value,90
NFG,NATIONAL FUEL ,7.21B,75.86,93.00,22.6%,4,50%,50%,4,4,0,A,11.3%,0.4,78,N,10.6,10.2,0.6,--,2.88%,6.3%,29.1,--,19.6,90.9,-0.3%,06/30,6k,H,value,90
SEI,SOLARIS ENERGY,7.16B,71.18,101.27,42.3%,14.0,100%,100%,11.0,14.0,+2,E,42.3%,1.3,83,Y,90.1,20.1,1.2,--,0.70%,24.9%,40.8,69.6,8.1,216.7,-11.3%,06/30,7.5k,H,value,90
SPIE.PA,SPIE SA,7.14B,42.26,57.82,36.8%,12.0,100%,100%,12.0,12.0,+2,A,36.8%,0.8,79,N,23.7,12.3,0.5,--,2.60%,--,--,--,15.1,171.2,13.7%,09/30,7.5k,H,value,90
NTSK,"NETSKOPE, INC.",7.13B,17.44,18.86,8.1%,18.0,100%,88%,15.0,18.0,-2,E,8.1%,--,70,Y,--,628.2,18.1,--,--,6.7%,75.5,-18.12,--,467.0,4.0%,07/31,5.5k,H,value,90
MGR.AX,MIRVAC GROUP,7.11B,1.80,2.11,17.3%,11,72%,72%,11,11,+2,A,12.5%,0.9,73,N,10.6,12.4,0.4,--,5.19%,--,--,-16.89,7.4,42.1,11.2%,08/19,6k,H,value,90
A2A.MI,A2A S.P.A.,7.08B,2.26,2.88,27.1%,7.0,71%,71%,7.0,7.0,+1,A,19.3%,0.8,82,N,10.3,10.7,0.6,--,4.62%,--,--,--,11.3,113.8,-3.0%,03/31,6.5k,H,value,90
VSXY,VICTORIAS SECR,7.06B,88.46,92.45,4.5%,12.0,50%,50%,8.0,12.0,+1,E,2.3%,2.1,86,Y,19.7,15.7,0.7,--,--,16.4%,594.6,201.4,46.9,275.8,4.8%,07/31,5k,H,value,90
STAG,STAG INDUSTRIA,7.05B,35.81,41.75,16.6%,12.0,67%,41%,6.0,12.0,+1,E,11.1%,1.0,84,N,27.5,40.7,1.4,--,4.20%,5.3%,8.8,--,7.0,93.8,6.7%,06/30,6k,H,value,90
TRNO,TERRENO REALTY,7.03B,64.55,74.12,14.8%,19.0,56%,57%,9.0,19.0,0,E,8.2%,1.0,82,N,17.4,36.6,1.2,--,3.44%,10.3%,-44.3,15.73,9.3,21.4,4.5%,06/30,5.5k,H,value,90
AMRX,AMNEAL PHARMAC,7.01B,20.14,22.71,12.8%,7.0,100%,100%,5.0,7.0,+3,E,12.8%,1.2,95,Y,42.0,16.9,0.6,--,--,4.6%,2334.0,94.03,613.0,2386.5,-1.6%,06/30,6k,H,value,90
WEIR.L,WEIR PLC,7.01B,2702.00,3298.33,22.1%,21.0,66%,66%,21.0,21.0,+1,A,14.6%,1.1,75,N,26.5,18.4,0.7,1.3,1.55%,--,--,--,13.9,91.1,1.8%,07/29,6k,H,value,90
NEM.DE,NEMETSCHEK SE,6.99B,60.55,86.19,42.3%,18,77%,77%,18,18,+2,A,32.6%,0.5,53,N,28.4,20.8,0.6,1.2,1.11%,--,26.0,--,26.3,52.1,4.6%,06/30,7.5k,H,value,90
VLY,VALLEY NATIONA,6.97B,12.62,16.68,32.2%,14.0,56%,78%,9.0,14.0,0,E,17.9%,1.0,83,N,10.7,8.2,0.5,--,3.49%,11.3%,4.6,23.42,9.0,--,--,06/30,6.5k,H,value,90
XVIVO.ST,XVIVO PERFUSIO,6.94B,220.20,335.60,52.4%,4.0,100%,100%,4.0,4.0,0,A,52.4%,1.5,70,N,78.4,37.3,1.2,--,--,--,935.1,--,4.1,5.5,-0.4%,06/30,7.5k,H,value,90
KEX,KIRBY CORPORAT,6.93B,131.25,165.50,26.1%,6.0,100%,100%,5.0,6.0,0,E,26.1%,0.9,83,N,20.2,15.7,0.6,--,--,4.4%,-3.0,--,10.4,35.6,5.0%,06/30,7k,H,value,90
CELH,CELSIUS HOLDIN,6.92B,27.35,42.29,54.6%,24.0,85%,75%,13.0,24.0,-2,E,46.2%,0.9,41,N,118.9,15.8,0.7,0.3,--,12.3%,190.6,-52.43,5.1,22.8,5.1%,06/30,7.5k,H,value,90
SSRM,SSR MINING INC,6.91B,33.32,42.40,27.3%,10.0,100%,100%,5.0,10.0,0,E,27.3%,1.0,84,Y,12.5,7.3,0.3,--,0.09%,4.2%,116.8,39.6,14.3,0.1,6.5%,06/30,7.5k,H,value,90
PRMB,PRIMO BRANDS C,6.90B,19.05,30.36,59.4%,12.0,100%,83%,4.0,12.0,0,E,59.4%,0.7,73,N,63.5,12.8,0.5,--,2.49%,32.8%,70.9,-11.09,3.6,191.2,5.8%,06/30,7.5k,H,value,90
ESE,ESCO TECHNOLOG,6.87B,265.11,390.75,47.4%,4,100%,100%,4,4,0,A,47.4%,1.1,73,N,49.2,28.7,0.8,--,0.12%,3.6%,-27.0,24.54,9.5,9.3,3.4%,06/30,7.5k,H,value,90
AXS,AXIS CAPITAL H,6.87B,94.20,123.09,30.7%,12,100%,66%,10,12,0,E,30.7%,0.5,79,N,6.7,7.0,0.5,--,1.85%,2.7%,-14.5,1.31,17.4,22.9,34.2%,06/30,7.5k,H,value,90
CMC,COMMERCIAL MET,6.87B,62.10,80.27,29.3%,12.0,50%,66%,10.0,12.0,+1,E,14.6%,1.5,73,N,11.7,8.5,0.3,--,1.29%,7.4%,14.0,--,13.8,80.0,2.0%,05/31,6k,H,value,90
BLTE,"BELITE BIO, IN",6.84B,169.82,228.89,34.8%,9.0,100%,100%,6.0,9.0,+1,E,34.8%,-1.2,85,Y,--,75.1,2.5,--,--,5.0%,-31.0,131.05,-22.1,--,--,06/30,7.5k,H,value,90
CNA.L,CENTRICA PLC,6.82B,147.70,205.85,39.4%,13.0,84%,84%,13.0,13.0,+2,A,33.1%,0.3,67,N,9.8,11.4,0.6,--,3.87%,--,--,--,19.9,74.1,31.4%,07/23,7.5k,H,value,90
COMP,"COMPASS, INC.",6.82B,8.88,15.42,73.6%,12.0,50%,75%,8.0,12.0,0,E,36.8%,2.3,64,N,148.0,10.5,0.4,--,--,6.0%,2100.0,16.38,3.6,137.6,9.8%,06/30,7.5k,H,value,90
ALKS,ALKERMES PLC,6.80B,40.52,56.56,39.6%,19.0,89%,73%,9.0,19.0,0,E,35.2%,0.3,73,Y,106.6,22.4,0.7,--,--,12.5%,-176.3,32.2,3.9,87.0,2.3%,06/30,7.5k,H,value,90
TABREED.AE,NATIONAL CENTR,6.80B,2.39,3.39,41.8%,8.0,87%,87%,8.0,8.0,+1,A,36.4%,0.1,72,N,18.4,12.3,0.7,--,4.87%,--,-21.2,--,6.1,95.1,4.8%,06/30,7.5k,H,value,90
ALGM,ALLEGRO MICROS,6.78B,36.35,54.82,50.8%,12.0,86%,91%,7.0,12.0,0,E,43.5%,1.9,51,N,519.3,24.6,0.7,--,--,10.6%,143.5,--,1.5,31.5,1.5%,06/30,7.5k,H,value,90
BROS,DUTCH BROS INC,6.76B,38.56,73.83,91.5%,26,100%,96%,15,26,+1,E,91.5%,2.3,52,N,53.6,29.1,1.2,1.3,--,39.8%,113.8,-25.17,14.6,123.8,0.0%,06/30,7.5k,H,value,90
IOVA,IOVANCE BIOTHE,6.71B,14.82,12.40,-16.3%,10,88%,80%,8,10,0,E,-14.3%,0.8,97,Y,--,-56.7,--,--,--,20.6%,48.1,570.59,-40.4,6.2,-2.8%,06/30,5k,H,value,90
TAL,TAL EDUCATION ,6.70B,12.07,16.10,33.4%,19.0,84%,84%,19.0,19.0,-2,A,28.0%,0.1,90,Y,7.5,10.3,0.4,2.8,--,9.4%,228.8,--,23.7,9.9,6.3%,05/31,7.5k,H,value,90
NOV,NOV INC.,6.68B,18.73,22.18,18.4%,20,60%,40%,5,20,0,E,11.1%,0.9,85,N,69.4,14.6,0.9,0.8,1.90%,14.1%,166.7,--,1.5,37.2,10.1%,06/30,6k,H,value,90
DOM.ST,DOMETIC GROUP ,6.65B,20.82,40.00,92.1%,7,85%,85%,7,7,0,A,78.3%,1.3,38,N,21.7,4.8,0.2,--,4.32%,--,-31.0,--,1.4,63.7,25.0%,06/30,7.5k,H,value,90
GTES,GATES INDUSTRI,6.63B,26.20,33.33,27.2%,12,67%,66%,9,12,0,E,18.2%,1.3,86,Y,18.6,13.6,0.5,--,--,5.6%,109.4,3.93,10.4,60.7,6.3%,06/30,6.5k,H,value,90
BZU.MI,BUZZI S.P.A.,6.62B,37.53,49.21,31.1%,16.0,50%,50%,16.0,16.0,+1,A,15.6%,1.0,69,N,7.9,7.7,0.3,--,1.87%,--,--,--,12.3,6.8,0.3%,08/04,6.5k,H,value,90
MAC,THE MACERICH C,6.60B,22.36,27.07,21.0%,15.0,50%,80%,8.0,15.0,+3,E,10.5%,2.1,84,Y,--,353.1,12.1,--,2.97%,16.0%,69.0,28.33,-6.2,168.9,5.9%,06/30,6k,H,value,90
LINK.OL,LINK MOBILITY ,6.58B,23.20,35.00,50.9%,4,75%,75%,4,4,-1,A,38.1%,1.2,64,N,37.4,14.1,0.9,--,--,--,90935.2,--,3.3,53.3,6.3%,06/30,7.5k,H,value,90
CIFR,CIPHER DIGITAL,6.57B,15.82,30.93,95.5%,22.0,87%,90%,15.0,22.0,+4,E,82.7%,3.2,53,N,--,120.1,3.5,--,--,21.3%,-8048.9,--,-167.5,950.6,-44.1%,06/30,7.5k,H,value,90
ETSY,"ETSY, INC.",6.56B,71.49,88.33,23.6%,30.0,52%,36%,21.0,30.0,+2,E,12.3%,1.8,81,Y,22.6,10.4,0.4,0.8,--,13.1%,51.4,--,--,--,2.6%,06/30,6k,H,value,90
RYTM,RHYTHM PHARMAC,6.56B,95.22,138.59,45.6%,18.0,86%,88%,7.0,18.0,+1,E,39.0%,2.0,78,N,--,-155.4,--,--,--,15.1%,6.8,-4.79,-117.0,50.5,-2.0%,06/30,7.5k,H,value,90
NICE,NICE LTD.,6.52B,111.27,132.77,19.3%,14,80%,64%,5,14,-1,E,15.5%,0.1,77,Y,16.2,8.8,0.2,0.8,--,2.1%,-42.5,-20.06,11.3,2.3,9.4%,06/30,6.5k,H,value,90
LNTH,LANTHEUS HOLDI,6.50B,99.53,107.74,8.2%,10,50%,30%,8,10,-8,E,4.1%,-0.0,89,Y,23.9,15.6,0.5,--,--,7.2%,170.2,--,22.2,47.6,6.9%,06/30,5.5k,H,value,90
GRF.MC,"GRIFOLS, S.A.",6.50B,9.55,14.76,54.5%,12.0,66%,66%,12.0,12.0,0,A,36.0%,1.2,74,N,14.5,8.4,0.3,--,0.87%,--,32.5,--,6.9,117.2,8.8%,06/30,7.5k,H,value,90
RAA.DE,RATIONAL AKTIE,6.47B,569.00,796.00,39.9%,14.0,71%,71%,14.0,14.0,0,A,28.3%,1.3,73,N,24.3,22.1,0.8,2.6,2.80%,--,15.3,--,32.2,3.3,3.2%,06/30,7.5k,H,value,90
FIGR,FIGURE TECHNOL,6.47B,28.85,54.50,88.9%,8,86%,87%,7,8,+1,E,76.2%,--,37,N,30.4,15.4,1.0,--,--,7.9%,-2.4,-23.72,26.1,104.3,-3.9%,06/30,7.5k,H,value,90
MGY,MAGNOLIA OIL &,6.45B,23.49,33.18,41.2%,19.0,62%,73%,13.0,19.0,+4,E,25.4%,0.7,72,N,10.3,7.2,0.4,--,2.80%,11.4%,140.9,0.62,20.9,19.2,5.2%,06/30,7k,H,value,90
OR,OR ROYALTIES I,6.44B,34.34,43.00,25.2%,5.0,50%,60%,4.0,5.0,-4,E,12.6%,1.4,71,N,22.9,24.9,1.1,--,0.76%,--,-25.9,-14.09,20.4,14.8,-2.6%,06/30,6k,H,value,90
LAD,"LITHIA MOTORS,",6.42B,291.83,447.73,53.4%,15,67%,66%,12,15,-2,E,35.6%,1.2,66,N,9.7,6.8,0.3,0.6,0.97%,13.4%,19.8,--,10.7,257.7,8.5%,06/30,7.5k,H,value,90
FLR,FLUOR CORPORAT,6.40B,47.88,61.69,28.8%,9.0,67%,44%,6.0,9.0,0,E,19.2%,1.3,82,N,--,14.2,0.5,1.1,--,10.8%,116.4,--,-45.2,38.5,0.3%,06/30,6.5k,H,value,90
MTDR,MATADOR RESOUR,6.38B,51.58,70.05,35.8%,21.0,57%,85%,14.0,21.0,+2,E,20.5%,0.8,77,N,8.8,5.6,0.3,0.6,2.96%,11.5%,121.5,--,13.6,69.1,-14.2%,06/30,6.5k,H,value,90
OMF,ONEMAIN HOLDIN,6.37B,55.39,69.29,25.1%,15,71%,66%,7,15,0,E,17.9%,1.2,77,N,8.4,6.5,0.4,--,7.45%,3.5%,-23.6,6.59,23.3,673.0,--,06/30,6.5k,H,value,90
TTAN,"SERVICETITAN, ",6.35B,65.79,97.53,48.2%,17.0,93%,88%,14.0,17.0,0,E,44.8%,--,59,N,--,39.8,1.1,--,--,17.3%,37.0,-35.29,-8.3,3.0,2.8%,07/31,7.5k,H,value,90
TFPM,TRIPLE FLAG PR,6.35B,30.81,39.50,28.2%,11.0,50%,72%,4.0,11.0,0,E,14.1%,0.3,74,N,15.4,20.0,0.9,--,0.77%,--,152.4,3.18,20.1,10.4,-6.2%,06/30,6k,H,value,90
TBBB,BBB FOODS INC.,6.35B,52.64,52.32,-0.6%,13.0,100%,84%,5.0,13.0,+2,E,-0.6%,0.0,97,Y,--,-2076.1,--,--,--,4.1%,72.9,110.64,-67.3,265.2,55.6%,06/30,5k,H,--,30
EDEN.PA,EDENRED SE,6.32B,27.59,30.57,10.8%,15,60%,60%,15,15,0,A,6.5%,0.7,89,Y,13.4,11.3,0.8,1.6,4.71%,--,--,--,--,--,15.7%,--,5.5k,H,value,90
CAVA,"CAVA GROUP, IN",6.32B,54.10,82.75,53.0%,28.0,73%,64%,15.0,28.0,+1,E,38.8%,1.7,55,N,96.6,72.7,3.1,4.6,--,13.4%,56.1,--,8.3,61.9,-0.0%,06/30,7.5k,H,value,90
GGAL,GRUPO FINANCIE,6.31B,37.24,66.57,78.8%,10.0,60%,60%,10.0,10.0,-1,A,47.3%,0.3,60,N,106.4,5.4,0.3,--,4.55%,18.0%,394.5,--,1.1,--,--,06/30,7.5k,H,value,90
DPC,DPC HOLDINGS P,6.31B,42.26,60.75,43.8%,4,67%,75%,6,4,0,E,29.2%,--,74,N,--,45.8,1.7,--,--,--,-147.4,-9.85,--,76.3,--,06/30,7.5k,H,value,90
CTPNV.AS,CTP N.V.,6.29B,12.84,19.87,54.8%,18,88%,88%,18,18,+1,A,48.2%,1.0,65,N,11.2,11.5,0.4,--,5.08%,--,-126.2,--,6.8,111.8,2.5%,06/30,7.5k,H,value,90
MBLY,MOBILEYE GLOBA,6.28B,7.39,11.47,55.3%,23.0,54%,47%,13.0,23.0,-2,E,29.8%,1.2,47,N,--,15.2,0.6,0.2,--,22.6%,78.1,--,-40.1,1.1,10.4%,06/30,7.5k,H,value,90
GDS,GDS HOLDINGS L,6.26B,31.23,50.38,61.3%,17.0,94%,94%,17.0,17.0,-2,A,57.6%,0.4,64,N,13.8,290.9,8.4,7.7,--,10.9%,15.0,-22.37,12.8,142.5,-73.5%,06/30,7.5k,H,value,90
ZG,"ZILLOW GROUP, ",6.23B,27.70,47.23,70.5%,25,61%,48%,18,25,-2,E,43.1%,2.0,36,N,120.4,9.5,0.6,--,--,20.2%,-140.0,-61.08,1.2,13.0,3.9%,06/30,7.5k,H,value,90
LGND,LIGAND PHARMAC,6.23B,312.37,344.25,10.2%,11.0,100%,100%,10.0,11.0,+2,E,10.2%,1.0,96,Y,32.2,26.2,0.9,--,--,15.8%,-58.6,74.43,22.0,116.9,2.2%,06/30,6k,H,value,90
CVLT,COMMVAULT SYST,6.21B,149.92,160.55,7.1%,19.0,100%,57%,4.0,19.0,0,E,7.1%,0.8,79,Y,96.1,24.2,0.7,--,--,9.6%,43.5,-19.35,32.8,1763.0,4.9%,06/30,5.5k,H,value,90
SFM,SPROUTS FARMER,6.19B,66.35,94.50,42.4%,16,50%,56%,8,16,+1,E,21.2%,0.7,58,N,12.7,11.1,0.5,1.4,--,16.2%,7.6,--,35.2,140.3,6.4%,06/30,7k,H,value,90
BILI,BILIBILI INC.,6.19B,15.02,26.75,78.1%,30.0,96%,96%,30.0,30.0,0,A,74.9%,0.7,41,N,28.3,11.7,0.8,0.3,--,8.6%,-26.9,--,10.1,59.8,--,06/30,7.5k,H,value,90
BGEO.L,LION FINANCE G,6.18B,14370.00,14780.00,2.9%,5,100%,100%,5,5,+1,A,2.9%,0.8,97,Y,9.3,7.8,0.5,--,2.40%,--,13.1,--,27.5,--,--,06/30,5k,H,--,30
BLDR,BUILDERS FIRST,6.13B,57.01,80.62,41.4%,23,62%,47%,13,23,0,E,25.5%,1.4,43,N,62.0,12.9,0.5,--,--,9.9%,-103.2,--,2.5,130.8,7.6%,06/30,7k,H,value,90
FNB,F.N.B. CORPORA,6.13B,17.21,20.83,21.1%,9,71%,77%,7,9,-1,E,15.0%,0.9,88,N,10.2,9.2,0.6,--,3.00%,8.2%,-0.7,10.45,9.0,--,--,06/30,6.5k,H,value,90
Z,"ZILLOW GROUP, ",6.10B,27.13,46.00,69.6%,7,50%,28%,4,7,0,E,34.8%,2.0,34,N,118.0,9.7,0.6,--,--,7.8%,-140.0,--,1.2,13.0,4.0%,06/30,7.5k,H,value,90
WHC.AX,WHITEHAVEN COA,6.09B,7.42,8.43,13.7%,14.0,57%,57%,14.0,14.0,0,A,7.8%,-0.3,75,N,15.4,14.0,0.8,--,1.56%,--,--,16.17,6.6,39.3,27.0%,08/19,5.5k,H,value,90
VAU.AX,VAULT MINERALS,6.08B,5.88,6.75,14.8%,6.0,66%,66%,6.0,6.0,-2,A,9.8%,1.1,82,Y,22.6,9.0,0.4,--,1.17%,--,--,37.93,13.5,3.5,6.8%,08/20,6k,H,value,90
PJT,PJT PARTNERS I,6.08B,142.71,187.80,31.6%,7.0,75%,42%,4.0,7.0,0,E,23.7%,0.8,73,N,19.4,15.7,1.0,--,0.69%,9.3%,15.0,-17.34,37.6,42.7,--,06/30,7k,H,value,90
BLCO,BAUSCH + LOMB ,6.07B,17.00,19.04,12.0%,14.0,75%,42%,8.0,14.0,+1,E,9.0%,0.6,90,Y,--,15.3,0.5,--,--,6.9%,50.0,15.88,-2.5,79.4,5.3%,06/30,6k,H,value,90
HEM.ST,HEMNET GROUP A,6.07B,67.90,112.55,65.8%,12.0,58%,58%,12.0,12.0,+2,A,38.1%,0.6,28,N,16.1,8.4,0.6,--,2.78%,--,-38.8,--,39.6,102.2,6.2%,06/30,7.5k,H,value,90
KCC.OL,KLAVENESS COMB,6.06B,102.20,121.73,19.1%,4,100%,100%,4,4,0,A,19.1%,0.2,93,Y,10.9,9.4,0.3,--,11.02%,--,208.7,--,16.0,90.3,-1.1%,06/30,6.5k,H,value,90
SHA0.DE,SCHAEFFLER AG,6.04B,6.39,8.70,36.2%,11.0,54%,54%,11.0,11.0,0,A,19.5%,1.6,53,N,--,9.7,0.4,--,4.69%,--,185.0,--,-10.7,286.6,6.1%,06/30,6.5k,H,value,90
TEX,TEREX CORPORAT,6.01B,52.60,79.94,52.0%,14.0,71%,64%,7.0,14.0,+1,E,37.1%,1.5,70,N,25.2,8.8,0.3,1.1,1.27%,7.2%,69.2,2.9,4.2,54.6,3.6%,06/30,7.5k,H,value,90
CRUS,"CIRRUS LOGIC, ",6.01B,119.97,165.00,37.5%,5,75%,60%,4,5,0,E,28.2%,1.2,66,N,14.5,13.5,0.4,--,--,8.3%,-41.6,--,20.9,6.0,7.5%,06/30,7.5k,H,value,90
GATX,GATX CORPORATI,6.00B,170.02,219.25,29.0%,4,100%,100%,5,4,0,E,29.0%,1.2,83,N,16.9,15.1,0.6,--,1.50%,11.5%,13.2,-1.14,11.8,347.6,-82.2%,03/31,7.5k,H,value,90
AMP.AX,AMP LIMITED,5.99B,2.48,2.45,-1.4%,9,77%,77%,9,9,-1,A,-1.1%,0.4,93,Y,35.5,16.4,1.1,--,1.92%,--,--,54.25,5.1,789.7,3.7%,08/06,5k,H,value,90
DLG.MI,DE'LONGHI S.P.,5.97B,40.32,47.51,17.8%,10.0,90%,90%,10.0,10.0,+1,A,16.0%,1.6,95,Y,17.7,15.3,0.6,--,2.12%,--,12.2,--,17.8,22.2,7.0%,06/30,6.5k,H,value,90
DOX,AMDOCS LIMITED,5.97B,57.18,79.25,38.6%,6,50%,50%,6,6,0,A,19.3%,0.4,67,N,13.5,7.1,0.2,0.8,3.98%,10.4%,-35.5,--,13.3,32.7,11.5%,06/30,6.5k,H,value,90
KOD,KODIAK SCIENCE,5.96B,94.80,116.67,23.1%,7,100%,85%,6,7,-1,E,23.1%,2.2,96,Y,--,-25.3,--,--,--,26.9%,-6.8,501.52,-368.4,86.3,-1.0%,06/30,7k,H,value,90
ELF,"E.L.F. BEAUTY,",5.96B,100.97,102.12,1.1%,18,82%,66%,22,18,+1,E,0.9%,1.6,68,Y,103.0,26.2,1.1,--,--,8.4%,2122.9,-25.32,6.0,79.5,4.7%,06/30,5k,H,--,30
MRO.L,MELROSE INDUST,5.93B,476.10,662.87,39.2%,15,66%,66%,15,15,+1,A,25.9%,0.9,70,N,36.6,10.4,0.4,0.5,1.59%,--,--,--,5.6,71.8,7.6%,07/31,7k,H,value,90
LTMC.MI,LOTTOMATICA GR,5.91B,25.53,32.41,27.0%,15,100%,100%,15,15,-1,A,27.0%,-0.1,90,Y,28.1,11.4,0.5,--,1.71%,--,55.8,--,54.6,889.7,4.7%,06/30,7.5k,H,value,90
SRRK,SCHOLAR ROCK H,5.88B,48.32,70.44,45.8%,18,95%,94%,19,18,-1,E,43.4%,0.7,78,N,--,-19.0,--,--,--,19.9%,-7.5,39.33,-167.8,80.3,-2.6%,06/30,7.5k,H,value,90
HSX.L,HISCOX LTD,5.87B,1854.00,1975.41,6.5%,14,78%,78%,14,14,0,A,5.1%,0.4,95,Y,13.0,12.0,0.8,--,2.08%,--,--,--,16.5,21.4,7.6%,08/05,5.5k,H,value,90
HLNE,HAMILTON LANE ,5.82B,86.86,133.43,53.6%,7.0,88%,85%,8.0,7.0,0,E,46.9%,1.2,56,N,13.2,11.8,0.8,--,2.76%,10.2%,13.5,-30.95,32.4,21.6,4.0%,06/30,7.5k,H,value,90
CWY.AX,CLEANAWAY WAST,5.80B,2.58,3.03,17.1%,12,75%,75%,12,12,-3,A,12.9%,0.5,87,Y,64.6,20.8,0.8,--,2.70%,--,--,-5.77,3.2,79.7,4.5%,08/20,6k,H,value,90
LKQ,LKQ CORPORATIO,5.78B,22.83,32.50,42.4%,9.0,50%,77%,4.0,9.0,0,E,21.2%,0.8,61,N,12.7,7.4,0.3,--,5.25%,7.7%,-24.7,--,7.1,82.1,12.5%,06/30,7k,H,value,90
HWC,HANCOCK WHITNE,5.78B,72.04,84.22,16.9%,10.0,71%,70%,7.0,10.0,0,E,12.1%,1.0,90,Y,14.1,9.9,0.7,--,2.78%,10.5%,-0.4,--,9.7,--,--,06/30,6k,H,value,90
SGHC,SUPER GROUP (S,5.77B,11.35,19.50,71.8%,8.0,100%,100%,6.0,8.0,0,E,71.8%,1.1,72,N,15.8,12.8,0.5,--,1.72%,17.6%,25.0,-14.78,49.5,12.9,5.1%,06/30,7.5k,H,value,90
XE,"X-ENERGY, INC.",5.76B,14.18,34.38,142.4%,9.0,75%,66%,4.0,9.0,0,E,106.8%,--,38,N,--,-25.9,--,--,--,10.3%,-478.6,-51.44,--,1.3,--,06/30,7.5k,H,value,90
NEX.PA,NEXANS S.A.,5.75B,131.90,171.73,30.2%,15.0,73%,73%,15.0,15.0,+2,A,22.0%,0.9,78,N,30.8,14.4,0.5,--,2.18%,--,--,--,9.8,115.8,-0.1%,--,7k,H,value,90
WEX,WEX INC.,5.75B,168.70,195.36,15.8%,15.0,50%,33%,4.0,15.0,0,E,7.9%,0.8,83,Y,16.9,8.0,0.2,1.0,--,9.6%,35.1,5.69,30.2,398.4,23.2%,06/30,5.5k,H,value,90
KNSA,KINIKSA PHARMA,5.74B,74.61,98.00,31.3%,8.0,100%,100%,7.0,8.0,0,E,31.3%,0.1,90,Y,75.4,46.1,1.5,--,--,9.7%,38.0,93.09,14.0,1.4,2.2%,06/30,7.5k,H,value,90
LW,LAMB WESTON HO,5.73B,41.69,54.33,30.3%,12,36%,33%,11,12,0,E,11.0%,0.5,62,N,20.0,12.4,0.5,0.7,3.51%,5.5%,70.5,--,16.3,221.2,7.9%,05/31,6k,H,--,30
ANF,ABERCROMBIE & ,5.72B,134.69,163.55,21.4%,15.0,57%,53%,14.0,15.0,0,E,12.2%,1.0,87,Y,11.6,10.5,0.4,--,--,17.2%,62.6,--,40.6,94.0,7.6%,07/31,6k,H,value,90
DTC.AE,DUBAI TAXI COM,5.72B,2.29,2.69,17.4%,9.0,88%,88%,9.0,9.0,+1,A,15.3%,0.5,79,N,25.4,17.0,0.6,--,5.29%,--,-86.4,--,52.6,253.2,4.8%,06/30,6.5k,H,value,90
IMCD.AS,IMCD N.V.,5.70B,96.62,117.36,21.5%,14.0,78%,78%,14.0,14.0,+1,A,16.7%,1.0,92,Y,24.8,14.8,0.7,--,1.88%,--,--,--,11.2,85.1,4.7%,03/31,6.5k,H,value,90
XMTR,"XOMETRY, INC.",5.68B,102.85,112.09,9.0%,12.0,62%,75%,8.0,12.0,+4,E,5.6%,1.3,95,Y,--,80.1,3.0,--,--,8.5%,54.2,96.13,-7.1,57.0,-0.2%,06/30,5.5k,H,value,90
LNWO,LIGHT & WONDER,5.68B,76.00,119.23,56.9%,6.0,83%,83%,6.0,6.0,-2,A,47.2%,0.4,62,N,22.4,8.5,0.4,--,--,10.6%,5.3,-10.15,54.0,1713.2,10.7%,06/30,7.5k,H,value,90
CCC.L,COMPUTACENTER ,5.67B,5405.00,6206.36,14.8%,11.0,72%,72%,11.0,11.0,+2,A,10.7%,1.0,89,Y,28.0,19.4,0.6,--,1.47%,--,--,--,22.6,20.5,5.1%,09/08,6k,H,value,90
FPE3.DE,FUCHS SE,5.64B,43.08,47.56,10.4%,10.0,80%,80%,10.0,10.0,-2,A,8.3%,0.8,99,Y,16.6,16.1,0.7,--,2.86%,--,6.0,--,17.6,8.6,3.9%,06/30,5.5k,H,value,90
HOMB,HOME BANCSHARE,5.64B,28.18,33.25,18.0%,10,50%,40%,6,10,+1,E,9.0%,0.7,89,N,11.6,10.8,0.7,--,3.03%,7.0%,-3.5,--,11.1,--,--,06/30,6k,H,value,90
ORA,ORMAT TECHNOLO,5.63B,91.49,132.42,44.7%,13.0,71%,61%,7.0,13.0,0,E,32.0%,0.9,62,N,44.8,35.6,2.0,3.6,0.53%,11.4%,12.2,--,4.8,124.3,-5.7%,06/30,7.5k,H,value,90
WFRD,WEATHERFORD IN,5.63B,78.68,117.08,48.8%,12,100%,83%,5,12,+1,E,48.8%,0.9,70,N,15.5,11.0,0.6,1.3,1.40%,6.6%,-51.9,13.95,22.8,90.7,9.9%,06/30,7.5k,H,value,90
STEP,STEPSTONE GROU,5.60B,43.40,69.56,60.3%,9,89%,88%,9,9,+1,E,53.6%,1.3,56,N,--,12.7,0.8,--,3.96%,7.4%,68.4,-29.76,-61.4,126.5,50.4%,06/30,7.5k,H,value,90
EPRT,ESSENTIAL PROP,5.60B,25.81,36.40,41.0%,20.0,100%,95%,6.0,20.0,0,E,41.0%,0.9,74,N,20.0,18.4,0.6,--,4.87%,9.1%,13.2,--,6.5,65.7,5.5%,06/30,7.5k,H,value,90
EPAM,"EPAM SYSTEMS, ",5.59B,108.36,122.82,13.3%,19.0,58%,47%,12.0,19.0,-2,E,7.8%,1.4,49,N,14.7,7.7,0.2,0.6,--,17.5%,-3.6,-28.85,11.2,4.3,11.6%,06/30,5.5k,H,value,90
SOI.PA,SOITEC SA,5.58B,155.95,157.00,0.7%,19.0,52%,52%,19.0,19.0,+4,A,0.4%,1.9,78,Y,--,47.6,1.4,18.1,--,--,--,--,-15.2,46.7,0.4%,11/14,5k,H,value,90
SXT,SENSIENT TECHN,5.56B,130.72,143.20,9.5%,5.0,75%,60%,4.0,5.0,0,E,7.2%,0.8,94,Y,35.2,26.2,1.1,--,1.27%,6.3%,39.0,--,13.1,60.6,-0.0%,06/30,5.5k,H,value,90
COGT,COGENT BIOSCIE,5.56B,32.02,55.82,74.3%,12,100%,91%,4,12,0,E,74.3%,0.3,73,N,--,-28.8,--,--,--,10.5%,-19.1,126.61,-109.7,45.9,-3.4%,06/30,7.5k,H,value,90
MIRM,MIRUM PHARMACE,5.55B,85.48,145.79,70.5%,14.0,100%,100%,10.0,14.0,0,E,70.5%,0.5,66,N,--,-246.6,--,--,--,12.4%,-2414.2,17.1,-703.0,--,1.4%,06/30,7.5k,H,value,90
ENDUR.OL,ENDÚR ASA,5.55B,108.80,134.00,23.2%,4,100%,100%,4,4,0,A,23.2%,0.4,86,Y,27.3,15.1,0.6,--,0.72%,--,-0.8,--,8.6,64.9,8.0%,06/30,7k,H,value,90
ZAL.DE,ZALANDO SE,5.54B,22.70,35.07,54.5%,24.0,75%,75%,24.0,24.0,0,A,40.9%,1.6,75,N,63.1,12.2,0.5,0.4,--,--,398.6,--,3.5,53.4,26.6%,06/30,7.5k,H,value,90
BC.MI,BRUNELLO CUCIN,5.52B,81.22,99.72,22.8%,19,63%,63%,19,19,+1,A,14.3%,0.9,79,N,0.0,31.0,1.3,2.6,1.25%,--,--,--,26.8,217.1,3.1%,07/30,6k,H,value,90
ORKA,ORUKA THERAPEU,5.51B,83.29,155.00,86.1%,13.0,100%,100%,9.0,13.0,0,E,86.1%,-0.2,72,Y,--,-29.1,--,--,--,16.8%,-36.1,347.31,-18.2,0.2,-1.2%,06/30,7.5k,H,value,90
PI,"IMPINJ, INC.",5.48B,179.29,180.89,0.9%,9.0,100%,77%,4.0,9.0,+1,E,0.9%,1.9,73,Y,--,64.0,1.9,--,--,14.6%,195.4,--,-12.9,115.1,1.0%,06/30,5k,H,--,30
TVTX,TRAVERE THERAP,5.48B,58.88,75.21,27.7%,15.0,100%,93%,11.0,15.0,0,E,27.7%,1.1,86,Y,--,10.4,0.3,--,--,17.9%,-235.4,137.52,-236.4,2515.7,-0.3%,06/30,7.5k,H,value,90
MMED,"MINIMED GROUP,",5.48B,19.47,24.92,28.0%,13.0,100%,84%,9.0,13.0,0,E,28.0%,--,80,Y,--,30.5,1.0,--,--,47.6%,100.0,5.3,-8.7,1.6,--,07/31,7.5k,H,value,90
NAVN,"NAVAN, INC.",5.47B,20.99,30.87,47.1%,15.0,100%,100%,7.0,15.0,0,E,47.1%,--,68,Y,--,52.5,1.5,--,--,29.0%,87.1,4.95,-49.4,12.9,2.1%,07/31,7.5k,H,value,90
PEGA,PEGASYSTEMS IN,5.47B,33.28,40.00,20.2%,10.0,50%,40%,12.0,10.0,-8,E,10.1%,0.9,49,N,18.9,12.7,0.4,3.0,0.36%,13.7%,-69.3,-41.39,54.7,12.9,9.3%,06/30,6k,H,value,90
AZM.MI,AZIMUT HOLDING,5.47B,38.90,42.04,8.1%,7,57%,57%,7,7,+1,A,4.6%,1.0,96,Y,10.5,10.7,0.7,--,5.07%,--,-20.6,--,29.3,4.3,5.4%,06/30,5.5k,H,value,90
SQN.SW,SWISSQUOTE GRO,5.46B,36.42,47.10,29.3%,11,54%,54%,11,11,+1,A,15.8%,1.1,66,N,15.2,15.0,1.0,--,2.04%,--,--,-33.15,28.0,23.2,--,08/13,6.5k,H,value,90
VRNS,VARONIS SYSTEM,5.45B,47.45,51.32,8.2%,24.0,89%,70%,18.0,24.0,-1,E,7.2%,0.8,74,Y,--,116.2,3.4,--,--,6.9%,-56.3,-17.93,-36.0,118.9,2.5%,06/30,5.5k,H,value,90
AGL.AX,AGL ENERGY LIM,5.44B,8.08,9.91,22.6%,9.0,55%,55%,9.0,9.0,0,A,12.4%,0.2,76,N,7.2,11.4,0.6,--,6.36%,--,--,-7.54,15.0,76.5,-2.5%,08/12,6k,H,value,90
ASB,ASSOCIATED BAN,5.41B,28.65,34.30,19.7%,10.0,67%,40%,6.0,10.0,0,E,13.1%,0.8,88,Y,10.0,8.6,0.6,--,3.35%,--,-0.9,16.11,9.7,--,--,06/30,6k,H,value,90
PTCT,PTC THERAPEUTI,5.41B,64.78,101.79,57.1%,14.0,88%,85%,8.0,14.0,+1,E,50.0%,0.5,71,N,--,24.2,0.8,--,--,15.8%,425.3,--,--,--,-5.3%,06/30,7.5k,H,value,90
NRP.AS,NEPI ROCKCASTL,5.38B,7.60,8.14,7.1%,5,60%,60%,5,5,0,A,4.3%,0.4,92,N,10.4,10.9,0.4,--,7.48%,--,--,18.11,10.3,65.9,2.0%,08/18,5.5k,H,value,90
KGS,KODIAK GAS SER,5.36B,52.97,83.13,56.9%,15.0,100%,100%,6.0,15.0,+1,E,56.9%,0.9,68,N,60.2,16.4,1.0,--,3.79%,9.8%,470.9,--,4.6,130.3,0.3%,06/30,7.5k,H,value,90
BIRK,BIRKENSTOCK HO,5.35B,32.41,50.70,56.4%,23,73%,78%,11,23,-1,E,41.0%,1.3,64,N,15.6,11.7,0.5,0.9,--,14.4%,16.7,--,12.4,69.0,2.9%,06/30,7.5k,H,value,90
CRSP,CRISPR THERAPE,5.35B,55.32,87.56,58.3%,22.0,100%,59%,6.0,22.0,-2,E,58.3%,1.8,70,Y,--,-15.8,--,--,--,22.6%,14.4,-16.38,-26.1,44.9,-4.0%,06/30,7.5k,H,value,90
SPX.L,SPIRAX GROUP P,5.35B,7255.00,8100.28,11.7%,18.0,55%,55%,18.0,18.0,+1,A,6.4%,1.1,90,Y,27.1,20.2,0.7,1.6,2.38%,--,--,--,16.6,86.8,3.0%,08/11,5.5k,H,value,90
BKH,BLACK HILLS CO,5.34B,70.08,86.60,23.6%,5.0,75%,100%,4.0,5.0,0,E,17.7%,0.7,89,N,17.7,15.2,0.9,2.5,4.00%,18.9%,53.4,20.37,8.0,111.7,-1.5%,06/30,6.5k,H,value,90
AED.BR,AEDIFICA NV/SA,5.33B,63.80,81.90,28.4%,10.0,80%,80%,10.0,10.0,0,A,22.7%,1.0,80,N,6.4,11.6,0.4,--,6.22%,--,53.4,--,12.2,74.8,5.6%,06/30,7k,H,value,90
WH,WYNDHAM HOTELS,5.33B,71.84,97.59,35.8%,17.0,71%,82%,7.0,17.0,0,E,25.6%,0.6,80,N,26.0,13.5,0.6,0.5,2.37%,10.7%,-2.9,-8.56,39.4,557.3,6.8%,06/30,7k,H,value,90
AROC,"ARCHROCK, INC.",5.31B,30.29,42.50,40.3%,7,100%,100%,4,7,-1,E,40.3%,0.9,72,N,16.3,13.8,0.8,1.2,3.07%,6.1%,-6.4,20.37,22.2,151.9,4.5%,06/30,7.5k,H,value,90
TFX,TELEFLEX INCOR,5.30B,125.04,154.73,23.7%,13,56%,46%,9,13,+2,E,13.2%,0.8,86,Y,--,11.4,0.4,--,1.08%,14.8%,110.2,--,-0.7,101.1,3.4%,06/30,6k,H,value,90
BLSH,BULLISH,5.29B,34.89,41.10,17.8%,11,50%,45%,6,11,+1,E,8.9%,--,49,Y,--,49.1,1.4,--,--,15.1%,-1568.7,-42.62,-57.1,21.1,-7.7%,06/30,5.5k,H,value,90
TLX.AX,TELIX PHARMACE,5.28B,15.53,24.14,55.5%,13,92%,92%,13,13,-2,A,51.0%,0.6,85,Y,110.9,-843.6,--,--,--,--,--,2.17,7.4,118.9,-1.2%,08/19,7.5k,H,value,90
SHC,SOTERA HEALTH ,5.28B,18.49,22.72,22.9%,10,75%,80%,4,10,0,E,17.2%,1.8,93,Y,32.4,17.2,0.6,--,--,5.0%,10.8,14.21,27.8,340.7,2.9%,06/30,6.5k,H,value,90
CHDN,CHURCHILL DOWN,5.27B,75.68,130.83,72.9%,12.0,100%,100%,6.0,12.0,0,E,72.9%,0.7,64,N,12.8,10.2,0.4,--,0.58%,6.7%,532.5,--,33.8,349.2,2.6%,06/30,7.5k,H,value,90
DEC.PA,JCDECAUX SE,5.24B,24.64,26.48,7.5%,13.0,69%,69%,13.0,13.0,0,A,5.1%,1.0,97,Y,16.1,15.6,1.0,--,2.60%,--,--,--,16.1,161.1,16.5%,07/30,5.5k,H,value,90
STJ.L,ST. JAMES'S PL,5.24B,1063.50,1644.12,54.6%,16.0,68%,68%,16.0,16.0,0,A,37.1%,1.0,68,N,9.9,10.0,0.7,--,1.70%,--,--,--,38.5,33.0,26.1%,--,7.5k,H,value,90
HER.MI,HERA S.P.A.,5.23B,3.54,4.54,28.3%,5.0,60%,60%,5.0,5.0,0,A,17.0%,0.8,80,N,11.1,10.7,0.6,--,4.55%,--,23.7,--,12.1,133.3,0.3%,06/30,6.5k,H,value,90
AN,"AUTONATION, IN",5.21B,157.44,244.17,55.1%,13.0,67%,84%,9.0,13.0,+1,E,36.7%,0.7,67,N,7.3,6.4,0.3,0.5,--,12.0%,137.7,--,32.8,501.6,6.8%,06/30,7.5k,H,value,90
EXLS,EXLSERVICE HOL,5.21B,34.38,44.62,29.8%,9,100%,100%,4,9,+1,E,29.8%,0.8,78,Y,21.8,13.2,0.4,0.9,--,7.5%,10.9,-21.35,25.9,56.6,5.0%,06/30,7.5k,H,value,90
EVN.VI,EVN AG,5.21B,29.20,33.25,13.9%,4,75%,75%,4,4,0,A,10.4%,0.6,96,Y,10.3,11.7,0.7,--,3.15%,--,1717.9,--,8.1,17.7,1.0%,06/30,6k,H,value,90
KGX.DE,KION GROUP AG,5.21B,39.72,57.87,45.7%,15,80%,80%,15,15,+2,A,36.5%,2.0,56,N,13.6,8.7,0.3,--,1.55%,--,18.7,--,6.5,121.1,20.7%,06/30,7.5k,H,value,90
TKMS.DE,TKMS AG & CO K,5.20B,81.90,109.88,34.2%,8,75%,75%,8,8,+3,A,25.6%,--,75,N,64.0,29.9,1.1,--,--,--,-10.7,--,6.5,3.6,-1.4%,06/30,7k,H,value,90
LBRDA,LIBERTY BROADB,5.18B,35.99,--,--,28.0,89%,89%,28.0,28.0,--,A,--,0.6,55,N,--,6.1,0.4,--,--,3.1%,-933.3,-42.89,-68.4,37.9,-0.7%,06/30,5k,H,--,30
VALMT.HE,VALMET OYJ,5.18B,28.14,31.18,10.8%,6.0,50%,50%,6.0,6.0,0,A,5.4%,1.1,93,Y,17.3,11.9,0.4,--,4.73%,--,167.9,--,12.3,63.2,5.4%,06/30,5.5k,H,value,90
9658.HK,SUPER HI INTER,5.18B,8.80,13.97,58.7%,5,80%,80%,5,5,0,A,47.0%,0.6,59,N,110.1,12.9,0.5,--,--,--,-152.6,-38.94,2.6,58.6,1.1%,06/30,7.5k,H,value,90
OBDC,BLUE OWL CAPIT,5.17B,10.49,13.17,25.6%,13.0,84%,84%,13.0,13.0,-1,A,21.5%,0.7,77,N,18.7,8.0,0.5,--,11.47%,3.9%,-48.7,--,3.9,112.4,9.3%,06/30,7k,H,value,90
MMSI,MERIT MEDICAL ,5.15B,86.23,101.45,17.7%,11.0,78%,81%,9.0,11.0,0,E,13.7%,0.5,91,Y,35.5,18.7,0.6,1.6,--,8.9%,39.8,5.06,9.2,48.8,3.4%,06/30,6k,H,value,90
CORZ,CORE SCIENTIFI,5.14B,15.98,33.90,112.2%,22.0,90%,90%,10.0,22.0,+4,E,101.0%,5.5,52,N,--,98.2,2.8,--,--,22.2%,-702.1,-11.07,--,--,9.1%,06/30,7.5k,H,value,90
HUB.AX,HUB24 LIMITED,5.13B,62.75,94.32,50.3%,17.0,76%,76%,17.0,17.0,+2,A,38.2%,1.0,51,N,43.0,28.5,1.9,--,1.33%,--,--,-37.31,22.2,13.0,--,08/18,7.5k,H,value,90
APE.AX,EAGERS AUTOMOT,5.13B,18.19,25.75,41.6%,15.0,66%,66%,15.0,15.0,0,A,27.4%,0.9,51,N,21.4,14.1,0.6,--,4.08%,--,--,-34.3,13.2,172.6,1.9%,08/27,7.5k,H,value,90
SOL.MI,SOL S.P.A.,5.12B,56.50,62.88,11.3%,4.0,100%,100%,4.0,4.0,0,A,11.3%,0.4,88,Y,29.4,24.7,1.1,--,0.80%,--,1.2,--,15.6,71.0,--,06/30,6k,H,value,90
DFTX,DEFINIUM THERA,5.11B,38.06,71.65,88.2%,18.0,100%,100%,18.0,18.0,+2,E,88.2%,2.2,77,Y,--,-20.0,--,--,--,8.8%,-136.4,208.68,-64.1,4.0,0.1%,06/30,7.5k,H,value,90
GXO,"GXO LOGISTICS,",5.10B,44.45,68.71,54.6%,17,100%,94%,6,17,+2,E,54.6%,1.5,66,N,39.3,12.6,0.5,1.1,--,6.6%,-57.6,-16.45,4.5,202.5,6.7%,06/30,7.5k,H,value,90
OLLI,OLLIE'S BARGAI,5.09B,85.65,99.93,16.7%,15,77%,80%,13,15,-1,E,12.8%,0.5,64,N,19.2,17.3,0.7,--,--,16.7%,85.1,--,14.9,38.3,2.4%,07/31,6k,H,value,90
UMI.BR,UMICORE SA,5.08B,21.12,25.63,21.4%,13.0,53%,53%,13.0,13.0,-1,A,11.3%,0.9,78,Y,10.5,11.7,0.4,--,2.37%,--,--,--,22.9,132.6,10.5%,07/31,6k,H,value,90
EVD.DE,CTS EVENTIM AG,5.08B,52.95,87.71,65.6%,12,91%,91%,12,12,+1,A,59.7%,1.2,61,N,16.5,14.4,0.9,--,2.55%,--,-5.2,--,29.8,10.0,2.8%,06/30,7.5k,H,value,90
FCC.MC,FOMENTO DE CON,5.07B,10.72,13.83,29.0%,6.0,66%,66%,6.0,6.0,0,A,19.2%,1.0,80,N,24.4,12.6,0.5,--,4.72%,--,--,--,8.6,114.8,7.4%,03/31,6.5k,H,value,90
MANE,"VERADERMICS, I",5.07B,121.23,163.50,34.9%,7,100%,100%,4,7,+1,E,34.9%,--,92,Y,--,-45.1,--,--,--,15.1%,-16.9,221.14,--,0.1,--,06/30,7.5k,H,value,90
CENER.BR,CENERGY HOLDIN,5.06B,23.84,24.59,3.1%,4,75%,75%,4,4,+1,A,2.4%,1.1,85,Y,21.5,17.8,0.7,--,1.09%,--,--,--,27.2,75.1,-1.4%,03/31,5k,H,value,90
MRCY,MERCURY SYSTEM,5.05B,83.00,115.70,39.4%,11.0,88%,72%,8.0,11.0,+2,E,34.5%,1.0,65,N,--,37.2,1.4,--,--,9.6%,106.4,--,-2.0,33.6,2.1%,06/30,7.5k,H,value,90
RRR,RED ROCK RESOR,5.05B,49.54,73.39,48.1%,18,92%,88%,12,18,+2,E,44.1%,1.3,72,N,17.5,12.6,0.5,--,2.10%,16.1%,-7.4,-15.72,108.9,1245.7,3.4%,06/30,7.5k,H,value,90
MRX,MAREX GROUP LI,5.02B,69.76,79.88,14.5%,8.0,100%,87%,7.0,8.0,0,E,14.5%,-0.1,88,Y,14.2,10.9,0.7,--,0.89%,3.8%,64.2,--,26.2,825.0,--,06/30,6k,H,value,90
NIQ,NIQ GLOBAL INT,5.02B,17.01,19.69,15.8%,14,90%,85%,10,14,0,E,14.2%,--,86,Y,--,13.2,0.7,--,--,--,84.6,10.53,--,--,--,06/30,6k,H,value,90
COV.PA,COVIVIO,5.00B,45.16,61.08,35.2%,8.0,62%,62%,8.0,8.0,+1,A,21.8%,1.1,72,N,7.7,8.9,0.3,--,8.18%,--,--,--,8.5,83.1,-0.1%,--,7k,H,value,90
WGX.AX,WESTGOLD RESOU,4.98B,5.28,7.23,36.9%,7.0,85%,85%,7.0,7.0,0,A,31.4%,1.2,65,N,11.2,7.2,0.3,--,1.87%,--,--,8.27,20.1,5.7,11.2%,08/28,4k,H,value,90
MP1.AX,MEGAPORT LIMIT,4.97B,20.48,26.97,31.7%,16.0,93%,93%,16.0,16.0,+2,A,29.5%,1.3,89,Y,--,24.3,0.7,--,--,--,--,32.23,-6.6,10.6,-2.8%,08/20,3.5k,H,value,90
VNT.AX,VENTIA SERVICE,4.95B,6.07,6.36,4.8%,12.0,58%,58%,12.0,12.0,0,A,2.8%,0.4,89,Y,19.0,16.4,0.6,--,3.84%,--,--,24.23,47.1,226.6,4.6%,08/24,2.5k,H,value,90
TE.PA,TECHNIP ENERGI,4.94B,28.54,40.03,40.3%,17.0,58%,58%,17.0,17.0,0,A,23.3%,0.6,69,N,18.8,9.6,0.6,--,3.47%,--,-4.4,--,12.6,78.8,18.8%,03/31,3.5k,H,value,90
DNTH,DIANTHUS THERA,4.93B,88.05,140.80,59.9%,16.0,100%,100%,6.0,16.0,+1,E,59.9%,0.1,75,Y,--,-19.1,--,--,--,18.1%,-36.6,126.18,-26.1,0.1,-1.9%,06/30,4k,H,value,90
VK.PA,VALLOUREC S.A.,4.91B,18.41,26.20,42.4%,11.0,81%,81%,11.0,11.0,+1,A,34.3%,0.4,67,N,13.7,9.2,0.4,--,9.35%,--,-70.9,--,15.8,36.4,11.6%,06/30,4k,H,value,90
CE,CELANESE CORPO,4.87B,44.37,63.24,42.5%,17.0,50%,64%,8.0,17.0,+1,E,21.3%,0.8,63,N,--,7.2,0.3,--,0.27%,10.1%,109.4,--,-22.2,270.2,19.5%,06/30,3.5k,H,value,90
WAY,WAYSTAR HOLDIN,4.86B,25.34,33.68,32.9%,22.0,91%,90%,11.0,22.0,-2,E,29.9%,0.2,63,Y,36.7,13.5,0.5,--,--,9.1%,33.3,-31.79,3.8,37.2,6.5%,06/30,3.5k,H,value,90
FLG,"FLAGSTAR BANK,",4.84B,11.67,16.18,38.6%,18.0,78%,66%,9.0,18.0,+3,E,30.0%,1.0,76,N,389.0,8.6,0.6,--,0.34%,0.0%,194.4,-0.04,0.6,--,--,06/30,4k,H,value,90
BAB.L,BABCOCK INTERN,4.84B,987.00,1408.50,42.7%,10.0,90%,90%,10.0,10.0,+1,A,38.4%,0.9,65,N,24.1,13.6,0.5,--,0.75%,--,--,--,33.7,174.5,3.9%,--,4k,H,value,90
SPHR,SPHERE ENTERTA,4.83B,134.44,179.92,33.8%,13.0,100%,92%,9.0,13.0,+1,E,33.8%,1.6,74,Y,--,-65.6,--,--,--,31.8%,62.1,110.99,-3.1,41.0,9.2%,06/30,4k,H,value,90
HAE,HAEMONETICS CO,4.79B,105.30,111.50,5.9%,11,78%,81%,9,11,+1,E,4.6%,0.5,95,Y,50.9,18.2,0.6,1.7,--,8.8%,-14.7,--,11.2,140.3,6.5%,06/30,2.5k,H,value,90
A2M.AX,THE A2 MILK CO,4.77B,6.55,7.57,15.6%,10,80%,80%,10,10,+3,A,12.5%,0.3,66,N,28.5,21.4,0.9,--,1.95%,--,--,-23.39,16.6,2.3,7.1%,08/17,3k,H,value,90
RSI,RUSH STREET IN,4.71B,20.33,35.83,76.3%,12.0,92%,91%,12.0,12.0,+1,E,69.9%,1.5,59,N,65.6,24.2,1.0,--,--,8.3%,90.7,1.4,30.3,1.5,2.7%,06/30,4k,H,value,90
MIDD,THE MIDDLEBY C,4.68B,103.58,155.89,50.5%,11.0,78%,81%,9.0,11.0,+1,E,39.3%,1.3,70,N,15.7,13.3,0.5,--,--,5.6%,110.6,--,11.0,90.5,12.9%,06/30,4k,H,value,90
WOR.AX,WORLEY LIMITED,4.68B,9.60,11.67,21.6%,10.0,50%,50%,10.0,10.0,0,A,10.8%,0.4,66,N,20.4,10.7,0.6,--,5.14%,--,--,-28.26,4.8,58.4,10.1%,08/26,3k,H,value,90
G24.DE,SCOUT24 SE,4.67B,67.00,106.12,58.4%,20.0,90%,90%,20.0,20.0,+1,A,52.6%,0.6,63,N,16.9,13.9,0.9,--,2.24%,--,61.9,--,22.8,59.5,5.6%,06/30,4k,H,value,90
WDP.BR,WAREHOUSES DE ,4.66B,19.24,26.70,38.8%,14,85%,85%,14,14,+1,A,33.0%,1.0,73,N,11.2,11.3,0.4,--,6.04%,--,-15.2,--,8.2,76.3,4.1%,06/30,4k,H,value,90
LAND.L,LAND SECURITIE,4.65B,624.50,716.44,14.7%,16.0,56%,56%,16.0,16.0,-1,A,8.2%,1.1,86,N,13.6,11.3,0.4,--,14.39%,--,--,--,5.3,69.1,6.3%,--,3k,H,value,90
CRDA.L,CRODA INTERNAT,4.64B,3333.00,3696.15,10.9%,13.0,69%,69%,13.0,13.0,-1,A,7.5%,0.9,95,Y,58.5,18.7,0.8,0.5,3.39%,--,--,--,3.7,35.8,1.7%,07/25,3k,H,value,90
ELIS.PA,ELIS SA,4.62B,21.52,29.82,38.6%,16.0,93%,93%,16.0,16.0,0,A,35.9%,1.2,76,N,14.1,9.8,0.4,--,1.20%,--,--,--,10.7,138.7,7.6%,07/29,4k,H,value,90
ADPT,ADAPTIVE BIOTE,4.61B,28.90,27.44,-5.1%,9,75%,88%,8,9,+1,E,-3.8%,2.1,96,Y,--,-158.9,--,--,--,10.7%,-516.8,98.49,-38.8,272.5,0.4%,06/30,2.5k,H,value,90
GFC.PA,GECINA,4.61B,62.25,87.44,40.5%,17.0,70%,70%,17.0,17.0,0,A,28.3%,1.1,72,N,28.6,9.3,0.3,--,8.68%,--,--,--,1.6,69.7,11.0%,03/31,3.5k,H,value,90
CHEF,THE CHEFS' WAR,4.58B,112.17,122.00,8.8%,8.0,78%,87%,9.0,8.0,0,E,6.8%,1.4,95,Y,53.4,36.7,1.5,--,--,15.0%,76.3,105.44,15.3,146.0,2.3%,06/30,3k,H,value,90
BTRW.L,BARRATT REDROW,4.58B,332.20,333.84,0.5%,19,63%,63%,19,19,-2,A,0.3%,1.4,81,Y,19.5,11.7,0.5,0.6,1.76%,--,--,--,3.1,3.2,5.1%,09/16,2.5k,H,value,90
LFST,LIFESTANCE HEA,4.57B,12.03,14.20,18.0%,11,89%,81%,9,11,0,E,16.0%,1.2,89,Y,92.5,22.7,0.8,--,--,8.9%,2092.4,120.73,3.4,32.1,3.8%,06/30,3k,H,value,90
FBIN,FORTUNE BRANDS,4.54B,38.05,56.27,47.9%,18.0,54%,38%,13.0,18.0,+3,E,25.8%,1.4,59,N,30.7,11.3,0.4,1.4,2.71%,7.4%,-131.8,--,6.4,121.3,6.6%,06/30,3.5k,H,value,90
AALB.AS,AALBERTS N.V.,4.54B,42.76,47.67,11.5%,10.0,80%,80%,10.0,10.0,0,A,9.2%,1.3,95,Y,30.8,13.0,0.5,--,2.65%,--,--,--,6.2,51.2,4.9%,--,3k,H,value,90
ITH.L,ITHACA ENERGY ,4.53B,274.40,304.99,11.1%,9,66%,66%,9,9,+2,A,7.4%,0.3,92,Y,22.9,14.7,0.9,--,12.37%,--,45.3,--,10.2,72.5,21.2%,06/30,3k,H,value,90
DKSH.SW,DKSH HOLDING A,4.53B,69.70,73.50,5.5%,8,75%,75%,8,8,0,A,4.1%,0.4,100,Y,21.2,17.3,0.6,--,3.61%,--,--,35.24,12.6,43.0,5.2%,--,2.5k,H,value,90
OGS,"ONE GAS, INC.",4.52B,71.87,88.72,23.4%,10,50%,70%,8,10,+2,E,11.7%,0.7,79,N,15.5,14.2,0.8,--,3.77%,8.0%,76.9,--,8.6,95.9,-4.9%,06/30,3k,H,value,90
RELY,REMITLY GLOBAL,4.52B,21.34,32.33,51.5%,10,100%,100%,6,10,0,E,51.5%,0.4,78,Y,15.4,13.2,0.4,--,--,9.1%,2232.2,31.89,32.2,3.4,4.3%,06/30,4k,H,value,90
ATAT,ATOUR LIFESTYL,4.51B,32.62,49.84,52.8%,20.0,100%,100%,20.0,20.0,+2,A,52.8%,0.6,76,N,15.5,11.6,0.5,--,1.64%,2.6%,15.6,-8.32,59.1,38.5,45.1%,06/30,4k,H,value,90
CRC,CALIFORNIA RES,4.51B,50.80,76.33,50.3%,13.0,91%,92%,11.0,13.0,+1,E,45.7%,0.9,71,N,--,12.2,0.7,0.4,3.17%,6.3%,703.1,-1.67,-3.6,39.6,6.6%,06/30,4k,H,value,90
LPX,LOUISIANA-PACI,4.51B,64.55,92.07,42.6%,14.0,88%,85%,8.0,14.0,+1,E,37.3%,1.6,64,N,83.8,21.2,0.8,--,1.82%,11.8%,188.9,--,3.1,21.6,-2.1%,06/30,4k,H,value,90
KVYO,"KLAVIYO, INC.",4.48B,15.73,26.57,68.9%,23.0,87%,91%,15.0,23.0,-1,E,59.7%,0.6,47,N,524.3,14.9,0.4,--,--,15.6%,-1977.2,--,0.7,11.8,6.4%,06/30,4k,H,value,90
SPINNEYS.AE,SPINNEYS 1961 ,4.45B,1.24,1.79,45.1%,7.0,100%,100%,7.0,7.0,0,A,45.1%,0.5,68,N,12.3,11.7,0.5,--,5.60%,--,109.5,--,82.1,237.7,10.5%,06/30,4k,H,value,90
TREX,"TREX COMPANY, ",4.44B,43.56,54.67,25.5%,19,52%,52%,19,19,0,A,13.3%,1.5,80,Y,25.6,21.6,0.8,--,--,10.0%,19.5,--,17.7,30.0,1.6%,06/30,3k,H,value,90
TEMN.SW,TEMENOS AG,4.43B,65.85,82.96,26.0%,16.0,50%,50%,16.0,16.0,+1,A,13.0%,0.6,76,N,27.7,15.4,0.4,2.8,2.12%,--,-59.2,4.62,42.8,226.4,6.0%,06/30,3k,H,value,90
EWTX,EDGEWISE THERA,4.41B,40.60,52.62,29.6%,13.0,83%,84%,6.0,13.0,+1,E,24.7%,0.3,84,Y,--,-22.4,--,--,--,12.4%,-41.0,162.95,-38.0,0.8,-2.1%,06/30,3.5k,H,value,90
DOW.AX,DOWNER EDI LIM,4.41B,6.76,7.82,15.6%,10,50%,50%,10,10,0,A,7.8%,1.0,78,N,21.1,13.1,0.5,1.6,4.28%,--,--,-4.9,10.3,66.0,9.8%,08/20,3k,H,value,90
BRG.AX,BREVILLE GROUP,4.39B,30.30,35.87,18.4%,14.0,85%,85%,14.0,14.0,0,A,15.6%,1.3,85,N,32.2,25.4,1.1,--,1.26%,--,--,2.27,13.6,14.5,2.8%,08/19,3k,H,value,90
CON,CONCENTRA GROU,4.39B,34.42,41.00,19.1%,9.0,100%,100%,6.0,9.0,+1,E,19.1%,0.6,94,Y,22.2,18.7,0.6,--,0.71%,4.5%,35.3,66.84,47.1,423.3,4.7%,06/30,3.5k,H,value,90
PSN,PARSONS CORPOR,4.38B,40.97,59.64,45.6%,14.0,88%,78%,8.0,14.0,+2,E,39.9%,0.7,46,N,28.3,12.0,0.3,--,--,14.3%,-123.7,--,8.2,59.9,4.9%,06/30,4k,H,value,90
LMP.L,LONDONMETRIC P,4.37B,179.20,221.91,23.8%,11,81%,81%,11,11,+3,A,19.3%,1.0,83,N,13.8,12.2,0.4,--,7.00%,--,--,--,6.7,68.3,4.3%,--,3.5k,H,value,90
DK,DELEK US HOLDI,4.37B,71.37,75.00,5.1%,12.0,80%,58%,10.0,12.0,+1,E,4.1%,0.6,87,Y,19.4,9.1,0.5,--,1.48%,10.4%,-4.9,--,78.8,812.3,11.4%,06/30,2.5k,H,value,90
DEME.BR,DEME GROUP NV,4.35B,172.60,218.89,26.8%,7.0,71%,71%,7.0,7.0,0,A,19.0%,0.8,84,N,12.7,12.3,0.5,--,2.57%,--,--,--,16.3,45.0,5.2%,09/30,3.5k,H,value,90
ACX.MC,"ACERINOX, S.A.",4.33B,17.36,19.09,10.0%,15.0,66%,66%,15.0,15.0,0,A,6.6%,1.1,93,Y,78.9,11.1,0.5,--,3.61%,--,186.4,--,1.5,107.6,2.1%,06/30,3k,H,value,90
HTFL,"HEARTFLOW, INC",4.33B,49.75,46.00,-7.5%,10,80%,80%,10,10,+1,E,-6.0%,--,95,Y,--,-193.4,--,--,--,9.4%,69.0,38.5,-154.2,9.7,-0.8%,06/30,2.5k,H,value,90
FCT.MI,FINCANTIERI S.,4.33B,12.04,17.78,47.7%,9.0,88%,88%,9.0,9.0,+2,A,41.9%,0.8,44,N,22.7,14.7,0.5,0.3,--,--,--,--,14.9,157.3,15.1%,03/31,4k,H,value,90
CNK,CINEMARK HOLDI,4.32B,37.30,39.82,6.8%,11.0,50%,54%,14.0,11.0,-2,E,3.4%,1.0,95,Y,21.0,14.2,0.9,--,0.94%,10.6%,181.6,--,45.8,587.5,5.3%,06/30,2.5k,H,value,90
ALK,ALASKA AIR GRO,4.32B,38.70,57.12,47.6%,16,93%,93%,14,16,0,E,44.2%,1.3,64,N,--,9.2,0.3,--,--,11.6%,-204.1,--,-4.6,207.5,-0.5%,06/30,4k,H,value,90
BBY.L,BALFOUR BEATTY,4.32B,922.00,1006.50,9.2%,10.0,60%,60%,10.0,10.0,+1,A,5.5%,0.6,95,Y,17.7,15.6,0.6,--,1.56%,--,--,--,23.5,94.8,8.1%,08/12,2.5k,H,value,90
MRP,MILLROSE PROPE,4.31B,25.97,37.17,43.1%,6.0,100%,100%,6.0,6.0,+1,A,43.1%,--,76,N,9.0,8.0,0.3,--,11.92%,5.9%,11.6,-14.44,8.1,42.6,-32.0%,06/30,4k,H,value,90
KRMN,KARMAN HOLDING,4.30B,32.42,88.20,172.1%,11,90%,100%,10,11,+1,E,154.8%,--,27,N,120.1,33.8,1.2,--,--,11.3%,83.6,-55.87,9.5,207.9,-1.3%,06/30,4k,H,value,90
EPR,EPR PROPERTIES,4.30B,56.13,64.68,15.2%,12,67%,41%,6,12,+1,E,10.2%,1.0,86,N,17.9,17.7,0.6,--,6.50%,13.3%,0.9,--,11.3,152.2,7.9%,06/30,3k,H,value,90
SEK.AX,SEEK LIMITED,4.30B,12.03,18.93,57.4%,14.0,71%,71%,14.0,14.0,-2,A,40.7%,0.9,42,N,--,17.2,1.1,--,4.33%,--,--,-56.4,-12.7,60.5,4.7%,08/12,4k,H,value,90
BMA,BANCO MACRO S.,4.28B,66.93,111.44,66.5%,9.0,88%,88%,9.0,9.0,-1,A,58.5%,0.4,63,N,17.3,6.0,0.4,--,7.95%,2.1%,3.5,72.23,7.1,--,--,06/30,4k,H,value,90
BBOX.L,TRITAX BIG BOX,4.27B,146.00,194.61,33.3%,13,92%,92%,13,13,+1,A,30.6%,--,83,N,14.6,15.7,0.8,--,--,--,--,--,--,--,--,08/06,4k,H,value,90
ONDS,ONDAS INC.,4.27B,7.33,19.42,164.9%,9.0,100%,100%,6.0,9.0,+1,E,164.9%,2.7,48,N,--,-366.5,--,--,--,41.0%,-1081.6,0.27,19.3,2.6,-1.6%,06/30,4k,H,value,90
CRGY,CRESCENT ENERG,4.26B,12.89,17.47,35.5%,17.0,78%,76%,9.0,17.0,+2,E,27.6%,0.9,83,Y,161.1,5.4,0.3,--,3.72%,11.5%,5283.2,49.24,1.5,100.2,14.1%,06/30,3.5k,H,value,90
ACE.MI,ACEA S.P.A.,4.25B,20.00,26.33,31.7%,6,100%,100%,6,6,0,A,31.7%,0.9,75,N,11.8,12.6,0.7,--,4.76%,--,-39.4,--,12.4,169.5,-8.9%,06/30,4k,H,value,90
IOS.DE,IONOS GROUP SE,4.25B,31.50,36.86,17.0%,12.0,75%,75%,12.0,12.0,+2,A,12.8%,0.5,79,Y,19.0,13.9,0.4,--,--,--,86.1,--,84.8,268.2,5.5%,06/30,3k,H,value,90
BILL,"BILL HOLDINGS,",4.24B,42.54,57.30,34.7%,22.0,50%,59%,10.0,22.0,-1,E,17.3%,1.1,74,N,--,9.8,0.3,0.4,--,17.6%,-523.8,--,-0.3,53.7,5.3%,06/30,3k,H,value,90
1U1.DE,1&1 AG,4.23B,23.95,25.21,5.3%,10.0,50%,50%,10.0,10.0,0,A,2.6%,0.3,88,Y,35.2,18.9,1.2,--,0.21%,--,-64.9,--,2.0,53.5,13.4%,06/30,2.5k,H,value,90
PSN.L,PERSIMMON PLC,4.22B,1315.00,1368.30,4.1%,20.0,85%,85%,20.0,20.0,+3,A,3.4%,1.4,85,Y,14.0,13.0,0.6,0.8,4.51%,--,--,--,8.6,7.6,-4.9%,08/06,2.5k,H,value,90
RSW.L,RENISHAW PLC,4.21B,5785.00,6081.25,5.1%,9.0,66%,66%,9.0,9.0,+3,A,3.4%,1.1,100,Y,35.5,23.7,0.7,--,1.44%,--,--,--,12.5,1.4,1.2%,09/23,2.5k,H,value,90
PDN.AX,PALADIN ENERGY,4.21B,9.36,13.69,46.3%,15,73%,73%,15,15,+2,A,33.8%,1.4,62,N,468.0,24.3,1.4,--,--,--,--,14.57,-1.0,17.3,0.1%,08/26,4k,H,value,90
UTDI.DE,UNITED INTERNE,4.21B,24.38,32.07,31.5%,11.0,72%,72%,11.0,11.0,+1,A,22.7%,0.5,81,N,13.9,10.9,0.7,--,2.01%,--,325.9,--,8.1,91.3,-3.3%,06/30,3.5k,H,value,90
HRI,HERC HOLDINGS ,4.17B,124.80,189.08,51.5%,11.0,67%,72%,6.0,11.0,+1,E,34.3%,1.9,66,N,73.0,11.4,0.4,0.0,2.20%,9.8%,-36.7,--,2.6,505.7,12.1%,06/30,4k,H,value,90
CTEC.L,CONVATEC GROUP,4.16B,217.00,304.93,40.5%,19.0,94%,94%,19.0,19.0,+1,A,38.1%,0.8,84,N,43.4,12.5,0.4,0.5,2.56%,--,--,--,7.7,121.8,4.4%,08/04,4k,H,value,90
HWDN.L,HOWDEN JOINERY,4.15B,762.00,1008.00,32.3%,16.0,75%,75%,16.0,16.0,0,A,24.2%,1.3,78,N,15.6,13.5,0.6,1.6,2.86%,--,--,--,23.9,62.4,5.5%,--,3.5k,H,value,90
PTEN,PATTERSON-UTI ,4.15B,10.92,14.07,28.9%,15.0,67%,60%,6.0,15.0,+1,E,19.2%,0.7,82,Y,--,32.8,1.9,--,3.66%,10.8%,46.2,112.2,-2.8,41.4,6.1%,06/30,3.5k,H,value,90
MAIRE.MI,MAIRE S.P.A.,4.12B,12.57,17.10,36.0%,10.0,70%,70%,10.0,10.0,+2,A,25.2%,1.0,75,N,15.1,12.2,0.5,--,4.64%,--,8.3,--,48.8,235.5,13.1%,06/30,3.5k,H,value,90
DAVE,DAVE INC.,4.10B,321.51,444.21,38.2%,15.0,92%,86%,12.0,15.0,+2,E,35.0%,3.8,70,Y,20.7,14.5,0.4,--,--,20.2%,-92.7,--,104.8,129.1,4.1%,06/30,4k,H,value,90
PARR,PAR PACIFIC HO,4.09B,81.62,86.57,6.1%,7.0,88%,85%,8.0,7.0,0,E,5.3%,0.8,93,Y,4.8,5.9,0.3,--,--,12.8%,76.0,133.8,53.5,56.2,2.0%,06/30,2.5k,H,value,90
SON.LS,"SONAE, SGPS, S",4.09B,2.10,2.27,8.0%,7.0,100%,100%,7.0,7.0,+1,A,8.0%,0.5,98,Y,19.1,12.8,0.5,--,2.95%,--,-19.7,--,8.7,107.7,10.0%,06/30,3k,H,value,90
NWL.AX,NETWEALTH GROU,4.09B,16.66,26.00,56.1%,16.0,68%,68%,16.0,16.0,+3,A,38.2%,1.1,50,N,66.6,24.5,0.7,--,2.49%,--,--,-42.8,33.6,43.5,2.5%,08/26,4k,H,value,90
AIR,AAR CORP.,4.08B,101.47,154.50,52.3%,7.0,67%,71%,6.0,7.0,0,E,34.8%,1.1,66,N,20.7,15.1,0.6,--,--,4.1%,47.4,20.31,12.9,56.2,1.0%,05/31,4k,H,value,90
BLND.L,BRITISH LAND C,4.08B,398.40,457.93,14.9%,16.0,56%,56%,16.0,16.0,0,A,8.4%,1.2,88,N,8.9,12.4,0.4,--,5.88%,--,--,--,7.8,53.1,5.3%,05/21,3k,H,value,90
PRIM,PRIMORIS SERVI,4.04B,74.52,117.80,58.1%,16.0,56%,68%,9.0,16.0,+1,E,32.3%,1.4,36,N,29.2,14.3,0.5,--,0.43%,13.9%,-125.6,--,8.9,79.6,2.0%,06/30,4k,H,value,90
FBP,FIRST BANCORP.,4.02B,26.34,31.57,19.9%,7,88%,71%,8,7,+1,E,17.4%,0.8,88,Y,11.1,10.3,0.7,--,3.04%,7.1%,-4.3,--,19.5,--,--,06/30,3k,H,value,90
FRVO,FERVO ENERGY C,4.01B,13.59,39.07,187.5%,14.0,100%,100%,8.0,14.0,+5,E,187.5%,--,32,N,--,-49.8,--,--,--,--,-550.9,-62.81,--,11.3,--,06/30,4k,H,value,90
SITE,SITEONE LANDSC,4.00B,90.31,127.08,40.7%,13.0,56%,61%,9.0,13.0,0,E,22.6%,1.3,54,N,24.7,17.6,0.7,--,--,9.5%,135.7,-29.19,10.1,66.8,4.7%,06/30,3.5k,H,value,90
RLAY,RELAY THERAPEU,3.96B,18.05,27.58,52.8%,13,100%,100%,7,13,+1,E,52.8%,1.7,85,Y,--,-11.0,--,--,--,23.6%,-12.9,239.29,-36.8,3.4,-3.0%,06/30,4k,H,value,90
ZEG.L,ZEGONA COMMUNI,3.95B,1752.00,2203.21,25.8%,13.0,84%,84%,13.0,13.0,+3,A,21.6%,3.4,87,Y,--,12.9,0.8,--,--,--,--,--,--,--,22.8%,07/15,3.5k,H,value,90
HBR.L,HARBOUR ENERGY,3.94B,263.00,333.95,27.0%,11.0,54%,54%,11.0,11.0,+2,A,14.6%,-0.3,82,Y,15.5,5.5,0.3,--,4.54%,--,--,--,6.5,115.5,121.7%,08/06,3k,H,value,90
SIG,SIGNET JEWELER,3.92B,102.33,125.90,23.0%,11.0,60%,45%,10.0,11.0,+1,E,13.8%,1.1,93,Y,11.9,7.4,0.3,--,1.34%,21.4%,160.5,--,19.9,66.7,10.8%,07/31,3k,H,value,90
JMKE,JERSEY MIKE'S ,3.92B,16.82,27.87,65.7%,25.0,84%,80%,32.0,25.0,+19,E,55.4%,--,67,N,--,21.6,0.9,0.8,--,--,276.2,-22.24,--,35.9,--,06/30,4k,H,value,90
AG1.DE,AUTO1 GROUP SE,3.91B,17.66,32.58,84.5%,13.0,84%,84%,13.0,13.0,0,A,71.0%,1.8,56,N,47.7,17.8,0.8,--,--,--,20.5,--,11.4,209.6,1.4%,06/30,4k,H,value,90
TGS,TRANSPORTADORA,3.91B,25.95,40.88,57.5%,8,87%,87%,8,8,+1,A,50.0%,-0.5,71,N,11.5,9.9,0.6,--,3.16%,0.8%,18.8,27.58,16.0,43.1,9195.4%,06/30,4k,H,value,90
CELC,CELCUITY INC.,3.89B,79.52,160.27,101.6%,12.0,100%,100%,9.0,12.0,0,E,101.6%,0.2,53,N,--,-994.0,--,--,--,34.8%,-80.0,75.85,-1433.7,--,-1.9%,06/30,4k,H,value,90
LEGN,LEGEND BIOTECH,3.87B,19.89,46.81,135.3%,13.0,75%,61%,12.0,13.0,-4,E,101.5%,0.4,53,N,--,18.9,0.6,--,--,17.8%,183.7,-39.1,-8.1,22.6,0.7%,06/30,4k,H,value,90
CDP,COPT DEFENSE P,3.87B,33.40,40.38,20.9%,8.0,71%,62%,7.0,8.0,0,E,14.9%,0.8,86,Y,23.2,22.9,0.8,--,3.73%,8.9%,11.0,--,10.8,164.2,6.6%,06/30,3k,H,value,90
VVV,VALVOLINE INC.,3.85B,30.14,43.69,44.9%,15.0,88%,73%,8.0,15.0,0,E,39.3%,1.0,73,N,37.2,15.1,0.6,--,--,11.5%,153.9,-15.86,28.4,475.0,1.9%,06/30,4k,H,value,90
IP.MI,INTERPUMP GROU,3.83B,36.48,46.81,28.3%,8.0,87%,87%,8.0,8.0,+1,A,24.6%,1.3,71,N,18.1,15.2,0.6,--,0.97%,--,16.9,--,10.3,31.2,4.9%,06/30,3.5k,H,value,90
TAC,TRANSALTA CORP,3.82B,12.08,12.99,7.5%,11,81%,81%,11,11,0,A,6.1%,0.5,68,N,--,28.9,1.6,--,1.71%,4.3%,200.0,-11.45,-1.4,229.3,7.6%,06/30,3k,H,value,90
TNL,TRAVEL + LEISU,3.79B,61.87,91.17,47.4%,12.0,83%,91%,6.0,12.0,0,E,39.5%,1.2,76,N,16.7,7.0,0.3,--,3.75%,14.9%,-1.8,--,--,--,14.7%,06/30,4k,H,value,90
MSGE,MADISON SQUARE,3.79B,80.11,91.62,14.4%,10,50%,40%,8,10,-1,E,7.2%,0.6,89,Y,58.1,27.6,1.8,--,--,4.7%,53.9,--,407.5,2567.4,9.1%,06/30,3k,H,value,90
R3NK.DE,RENK GROUP AG,3.77B,37.72,63.04,67.1%,17,88%,88%,17,17,+2,A,59.1%,2.2,42,N,38.1,17.2,0.6,--,1.51%,--,-39.9,--,22.6,112.6,1.8%,06/30,4k,H,value,90
1SXP.DE,SCHOTT PHARMA ,3.76B,24.95,23.68,-5.1%,13.0,76%,76%,13.0,13.0,+4,A,-3.9%,1.0,97,Y,27.7,22.8,0.8,--,0.73%,--,15.7,--,14.7,30.9,-0.5%,06/30,2.5k,H,value,90
IRTC,IRHYTHM HOLDIN,3.75B,113.66,176.14,55.0%,15,100%,100%,8,15,+1,E,55.0%,1.3,54,N,--,93.7,3.1,--,--,9.4%,92.7,--,-9.6,391.1,2.2%,06/30,4k,H,value,90
HP,HELMERICH & PA,3.71B,37.14,44.47,19.7%,16.0,50%,43%,6.0,16.0,0,E,9.9%,0.7,77,Y,--,25.1,1.5,--,2.73%,10.4%,231.9,65.39,-4.6,69.7,13.3%,06/30,3k,H,value,90
AMLX,AMYLYX PHARMAC,3.71B,29.10,42.36,45.6%,12.0,100%,91%,8.0,12.0,0,E,45.6%,-0.1,71,Y,--,-25.2,--,--,--,13.5%,-26.3,107.86,-74.7,2.2,-2.1%,06/30,4k,H,value,90
IDYA,IDEAYA BIOSCIE,3.71B,38.42,52.75,37.3%,14.0,100%,92%,6.0,14.0,-1,E,37.3%,-0.1,90,Y,--,-9.6,--,--,--,12.0%,-194.3,40.42,-16.2,2.4,-1.9%,06/30,4k,H,value,90
VCYT,"VERACYTE, INC.",3.70B,46.04,58.42,26.9%,13.0,64%,84%,11.0,13.0,+2,E,17.1%,1.9,76,Y,32.9,23.6,0.8,--,--,12.4%,33.2,--,8.8,2.9,2.9%,06/30,3k,H,value,90
OHB.DE,OHB SE,3.69B,178.00,304.22,70.9%,9.0,88%,88%,9.0,9.0,+7,A,62.4%,0.8,26,N,78.8,34.8,1.3,--,0.33%,--,-141.5,--,6.5,41.3,-3.9%,06/30,4k,H,value,90
NWH.AX,NRW HOLDINGS L,3.68B,8.00,8.28,3.4%,10.0,70%,70%,10.0,10.0,0,A,2.4%,1.1,95,Y,24.2,16.7,0.6,--,2.85%,--,--,73.28,23.6,84.9,5.7%,08/20,2.5k,H,value,90
BRBY.L,BURBERRY GROUP,3.68B,1020.00,1257.90,23.3%,21.0,52%,52%,21.0,21.0,-1,A,12.1%,0.7,74,N,170.0,18.2,0.8,0.4,--,--,--,--,2.1,161.0,10.9%,05/19,3k,H,value,90
EMG.L,MAN GROUP PLC,3.66B,330.00,361.03,9.4%,11.0,72%,72%,11.0,11.0,0,A,6.8%,0.6,95,Y,15.7,9.3,0.6,--,3.90%,--,--,--,21.3,19.1,-2.7%,07/28,3k,H,value,90
BOOT,BOOT BARN HOLD,3.65B,120.47,217.00,80.1%,16,100%,93%,7,16,0,E,80.1%,1.7,57,N,15.2,12.0,0.5,--,--,12.7%,66.1,-26.25,19.2,59.3,0.3%,06/30,4k,H,value,90
RUI.PA,RUBIS,3.64B,35.22,40.27,14.4%,7.0,71%,71%,7.0,7.0,0,A,10.2%,0.9,95,Y,10.8,10.5,0.6,--,5.91%,--,--,--,12.0,82.0,0.4%,09/08,3k,H,value,90
SEZL,SEZZLE INC.,3.64B,108.04,168.00,55.5%,7,50%,57%,6,7,0,E,27.7%,6.7,55,Y,23.7,16.3,1.1,0.1,--,26.4%,52.8,37.05,88.9,52.4,2.8%,06/30,3.5k,H,value,90
3IN.L,3I INFRASTRUCT,3.64B,394.50,417.67,5.9%,7,85%,85%,7,7,0,A,5.0%,0.5,99,Y,12.3,9.4,0.6,--,3.45%,--,--,--,8.1,14.3,6.1%,--,2.5k,H,value,90
AMV0.DE,AUMOVIO SE,3.63B,36.25,51.16,41.1%,11.0,81%,81%,11.0,11.0,+1,A,33.3%,--,77,N,--,6.7,0.3,--,--,--,-2215.8,--,-11.7,3.5,110.3%,06/30,4k,H,value,90
MGNI,"MAGNITE, INC.",3.62B,25.26,29.67,17.4%,15.0,83%,86%,12.0,15.0,0,E,14.5%,2.3,94,Y,23.0,19.6,1.3,--,--,9.0%,-3.4,--,19.6,44.5,4.4%,06/30,3k,H,value,90
XENE,XENON PHARMACE,3.60B,37.19,74.31,99.8%,19.0,86%,94%,7.0,19.0,-2,E,85.6%,0.6,51,N,--,-7.9,--,--,--,6.7%,-21.8,-4.93,-43.6,0.5,-5.7%,06/30,4k,H,value,90
ARIS,ARIS MINING CO,3.59B,17.40,37.00,112.6%,6.0,100%,100%,6.0,6.0,+1,A,112.6%,2.0,75,N,12.1,6.0,0.3,--,--,--,124.3,71.43,19.1,28.7,3.4%,06/30,4k,H,value,90
BMI,"BADGER METER, ",3.58B,123.54,156.67,26.8%,11.0,71%,72%,7.0,11.0,+1,E,19.2%,0.6,61,N,28.9,24.9,0.7,3.1,1.40%,19.3%,-15.3,-29.27,18.5,3.4,3.6%,06/30,3.5k,H,value,90
DAN.MI,DANIELI & C. O,3.56B,49.70,71.86,44.6%,7.0,100%,100%,7.0,7.0,+1,A,44.6%,1.2,64,N,15.6,11.1,0.4,--,0.62%,--,--,--,8.0,29.4,--,02/24,4k,H,value,90
IPAR,"INTERPARFUMS, ",3.55B,110.96,126.67,14.2%,6.0,50%,33%,6.0,6.0,-3,E,7.1%,1.1,86,Y,20.4,21.3,0.9,--,2.89%,11.6%,-53.7,21.73,19.1,15.1,6.1%,06/30,3k,H,value,90
ORLA,ORLA MINING LT,3.54B,9.44,18.60,97.0%,6.0,83%,83%,6.0,6.0,-2,A,80.5%,1.2,43,N,13.1,5.3,0.2,--,0.01%,--,56.4,--,42.0,42.5,15.5%,03/31,4k,H,value,90
LEG.DE,LEG IMMOBILIEN,3.52B,45.84,71.59,56.2%,15.0,60%,60%,15.0,15.0,0,A,33.7%,1.4,64,N,3.1,7.8,0.3,--,6.31%,--,-70.1,--,15.6,108.4,9.3%,06/30,4k,H,value,90
VAC,MARRIOTT VACAT,3.52B,102.28,123.30,20.6%,11.0,50%,63%,6.0,11.0,0,E,10.3%,1.2,78,Y,--,10.7,0.5,--,3.06%,8.6%,3950.0,--,-14.7,268.5,7.8%,06/30,3k,H,value,90
TUI1.DE,TUI AG,3.51B,6.91,9.93,43.7%,13.0,69%,69%,13.0,13.0,0,A,30.1%,1.4,72,N,6.3,5.1,0.2,--,1.46%,--,-90.2,--,35.7,160.6,-17.0%,06/30,4k,H,value,90
ACAD,ACADIA PHARMAC,3.47B,20.15,32.16,59.6%,20,85%,75%,20,20,-1,E,50.7%,0.9,65,N,9.0,22.7,0.8,--,--,8.9%,-56.1,--,35.7,5.7,2.0%,06/30,4k,H,value,90
QTWO,"Q2 HOLDINGS, I",3.46B,55.44,76.50,38.0%,13.0,75%,84%,8.0,13.0,+1,E,28.5%,1.3,73,N,39.0,16.5,0.5,--,--,11.5%,98.4,--,15.0,6.4,5.5%,06/30,3.5k,H,value,90
AUB.AX,AUB GROUP LIMI,3.44B,26.36,35.25,33.7%,12.0,100%,100%,12.0,12.0,+1,A,33.7%,0.5,65,N,33.8,12.4,0.8,--,3.67%,--,--,-16.97,6.3,55.4,4.5%,08/25,4k,H,value,90
KTB,KONTOOR BRANDS,3.44B,63.03,97.50,54.7%,10.0,100%,70%,6.0,10.0,0,E,54.7%,0.9,71,N,12.8,9.6,0.4,--,3.30%,15.2%,54.3,-20.92,49.5,205.8,12.8%,06/30,4k,H,value,90
SRAD,SPORTRADAR GRO,3.42B,11.56,18.27,58.0%,23.0,71%,69%,17.0,23.0,-1,E,41.0%,1.6,42,N,192.7,26.1,0.8,--,--,12.4%,-115.7,-56.39,2.0,7.8,10.2%,06/30,4k,H,value,90
2013.HK,WEIMOB INC.,3.39B,0.82,1.85,126.0%,8.0,62%,62%,8.0,8.0,+1,A,78.1%,1.1,28,N,--,21.2,0.6,--,--,--,--,-71.02,-15.7,83.9,-8.3%,08/18,4k,H,value,90
ARCAD.AS,ARCADIS NV,3.38B,39.70,47.06,18.5%,9.0,66%,66%,9.0,9.0,-2,A,12.2%,0.7,77,Y,17.0,10.8,0.4,--,2.54%,--,--,--,19.1,125.9,7.9%,12/31,3k,H,value,90
KRN.DE,KRONES AG,3.37B,106.60,147.90,38.7%,10.0,70%,70%,10.0,10.0,0,A,27.1%,0.9,74,N,11.5,9.6,0.4,--,2.60%,--,3.8,--,14.1,2.2,4.6%,06/30,3.5k,H,value,90
ELVN,ENLIVEN THERAP,3.36B,45.84,73.90,61.2%,12.0,100%,100%,9.0,12.0,+2,E,61.2%,0.2,74,Y,--,-19.6,--,--,--,17.0%,-61.2,131.22,-15.3,0.2,-1.3%,06/30,4k,H,value,90
HIK.L,HIKMA PHARMACE,3.35B,1618.00,1984.54,22.7%,11.0,90%,90%,11.0,11.0,0,A,20.4%,0.7,87,Y,12.2,8.6,0.3,--,4.00%,--,--,--,15.4,77.1,0.4%,08/06,3.5k,H,value,90
EROC,"EROCK, INC.",3.35B,12.26,22.50,83.5%,8,90%,100%,10,8,0,E,75.2%,--,59,N,43.8,25.6,0.9,--,--,--,-250.2,-34.61,--,11.8,--,06/30,4k,H,value,90
BPT.L,BRIDGEPOINT GR,3.34B,336.00,436.25,29.8%,9.0,77%,77%,9.0,9.0,+1,A,23.0%,1.4,96,Y,112.0,11.3,0.7,--,2.99%,--,--,--,3.4,53.4,13.4%,07/17,3.5k,H,value,90
FDR.MC,"FLUIDRA, S.A.",3.32B,17.68,26.10,47.6%,15.0,80%,80%,15.0,15.0,+1,A,38.1%,0.8,67,N,20.1,11.7,0.5,--,3.67%,--,-8.5,--,10.6,76.5,8.9%,06/30,4k,H,value,90
MNDY,MONDAY.COM LTD,3.32B,78.46,108.87,38.8%,25,55%,60%,11,25,-4,E,21.1%,1.1,37,N,33.2,11.7,0.3,--,--,17.1%,-73.5,-57.43,13.4,38.4,8.6%,06/30,3.5k,H,value,90
CLSK,"CLEANSPARK, IN",3.31B,12.88,23.89,85.5%,14,100%,100%,10,14,+1,E,85.5%,3.9,55,Y,--,-7.1,--,--,--,42.8%,-25828.9,-11.72,-68.6,234.7,1.5%,06/30,4k,H,value,90
COCO,THE VITA COCO ,3.31B,57.26,83.22,45.4%,11.0,72%,72%,11.0,11.0,0,A,32.7%,0.7,67,N,31.6,24.5,1.0,--,--,12.6%,106.0,35.0,31.4,3.5,3.2%,06/30,4k,H,value,90
POST,"POST HOLDINGS,",3.30B,72.85,105.17,44.4%,7.0,75%,71%,8.0,7.0,0,E,33.3%,0.3,62,N,13.2,10.1,0.4,--,--,15.3%,24.3,--,8.3,247.1,12.0%,06/30,4k,H,value,90
NIC.AX,NICKEL INDUSTR,3.30B,0.76,1.22,60.4%,7.0,71%,71%,7.0,7.0,0,A,42.9%,1.0,68,N,--,6.4,0.3,--,--,--,--,4.83,0.3,49.4,1.1%,08/26,4k,H,value,90
SHOO,"STEVEN MADDEN,",3.28B,44.77,52.40,17.0%,10.0,83%,80%,6.0,10.0,+1,E,14.2%,1.2,90,Y,22.4,16.1,0.7,--,1.88%,8.2%,35.1,33.3,15.9,38.8,6.7%,06/30,3k,H,value,90
LIF,"LIFE360, INC.",3.28B,40.27,60.70,50.7%,10,62%,80%,8,10,0,E,31.7%,1.1,36,N,23.4,22.6,0.7,--,--,11.9%,-48.3,-62.05,30.1,50.8,2.3%,06/30,4k,H,value,90
TGB,TREKOR METALS ,3.26B,8.91,10.35,16.2%,8.0,100%,100%,8.0,8.0,+1,A,16.2%,2.1,91,Y,445.5,11.3,0.5,--,--,--,179.8,112.65,2.2,89.4,-3.2%,06/30,3k,H,value,90
HG,HAMILTON INSUR,3.26B,33.04,38.57,16.7%,7,75%,57%,8,7,0,E,12.6%,0.4,89,Y,5.8,7.0,0.5,--,--,2.1%,5.6,44.19,31.1,5.1,3.3%,06/30,3k,H,value,90
SIX2.DE,SIXT SE,3.25B,69.20,93.50,35.1%,7.0,100%,100%,7.0,7.0,+1,A,35.1%,1.0,83,N,10.7,9.0,0.3,--,4.60%,--,-54.3,--,15.0,212.2,17.5%,06/30,4k,H,value,90
RCUS,ARCUS BIOSCIEN,3.25B,25.83,39.91,54.5%,13.0,83%,84%,6.0,13.0,+1,E,45.4%,0.8,81,Y,--,-7.6,--,--,--,17.7%,32.6,91.62,-90.8,51.3,-8.3%,06/30,4k,H,value,90
FIE.DE,FIELMANN GROUP,3.24B,38.55,55.25,43.3%,9.0,77%,77%,9.0,9.0,0,A,33.4%,0.6,75,N,15.5,13.8,0.5,--,3.66%,--,7.6,--,20.1,80.5,8.0%,06/30,4k,H,value,90
LIFE,ETHOS TECHNOLO,3.22B,33.57,35.62,6.1%,9.0,100%,100%,9.0,9.0,0,A,6.1%,--,79,Y,--,12.8,0.8,--,--,7.7%,23.0,99.23,-26.1,0.4,6.3%,06/30,3k,H,value,90
PFSI,PENNYMAC FINAN,3.21B,61.72,90.57,46.7%,8,50%,50%,8,8,-2,E,23.4%,1.4,38,N,8.5,5.7,0.4,--,1.89%,10.2%,-88.0,-50.32,9.4,549.4,--,06/30,3.5k,H,value,90
PNI.AX,PINNACLE INVES,3.20B,13.23,21.42,61.9%,10,90%,90%,10,10,+2,A,55.7%,1.3,63,N,17.0,13.2,0.9,--,4.52%,--,--,-23.74,17.0,23.4,0.8%,08/04,4k,H,value,90
CXW,"CORECIVIC, INC",3.19B,32.25,41.80,29.6%,4.0,100%,100%,6.0,4.0,0,E,29.6%,0.6,88,Y,25.6,13.6,0.5,--,--,18.0%,41.2,56.93,8.8,95.5,0.8%,06/30,3.5k,H,value,90
VGNT,VERSIGENT PLC,3.18B,44.94,56.78,26.3%,10,89%,100%,9,10,+3,E,23.4%,--,88,Y,6.6,5.8,0.2,--,1.14%,--,12.4,49.21,--,853.2,--,06/30,3.5k,H,value,90
CURB,CURBLINE PROPE,3.17B,27.83,33.83,21.6%,10.0,100%,70%,6.0,10.0,+1,E,21.6%,0.6,87,Y,103.1,103.1,3.5,--,2.44%,22.9%,-26.1,--,1.5,28.5,4.8%,06/30,3.5k,H,value,90
MTS.AX,METCASH LIMITE,3.17B,2.88,3.38,17.2%,12.0,58%,58%,12.0,12.0,+1,A,10.0%,0.4,72,N,11.5,11.3,0.5,--,6.53%,--,--,-19.98,16.7,110.4,10.7%,--,3k,H,value,90
BTE,BAYTEX ENERGY ,3.17B,4.53,6.67,47.3%,12.0,50%,50%,12.0,12.0,0,A,23.6%,0.6,85,Y,--,16.1,0.9,--,1.45%,--,427.4,95.66,-8.8,6.9,-7.1%,06/30,3.5k,H,value,90
CRL.MI,CAREL INDUSTRI,3.16B,28.05,34.29,22.2%,7.0,85%,85%,7.0,7.0,0,A,18.9%,1.0,85,Y,34.2,30.3,0.9,--,0.68%,--,--,--,19.6,23.3,3.6%,03/31,3.5k,H,value,90
SCYR.MC,"SACYR, S.A.",3.15B,3.97,5.30,33.6%,9.0,100%,100%,9.0,9.0,0,A,33.6%,0.8,80,N,23.3,17.4,0.6,--,4.99%,--,990.5,--,11.9,416.9,21.7%,06/30,4k,H,value,90
SK.PA,SEB SA,3.15B,57.40,74.41,29.6%,11,72%,72%,11,11,0,A,21.3%,1.2,86,Y,26.3,7.2,0.3,--,4.89%,--,--,--,4.9,105.5,15.7%,03/31,3.5k,H,value,90
FTK.DE,FLATEXDEGIRO S,3.13B,29.22,46.06,57.6%,13.0,69%,69%,13.0,13.0,+1,A,39.8%,1.0,68,N,15.9,12.1,0.8,--,1.02%,--,--,--,21.7,16.5,--,08/14,4k,H,value,90
PPLI,PEOPLE INCORPO,3.12B,41.96,56.80,35.4%,12.0,83%,66%,6.0,12.0,+1,E,29.5%,1.1,87,Y,7.1,17.1,1.1,--,--,20.0%,2448.1,--,9.0,27.6,2.4%,06/30,3.5k,H,value,90
ASH,ASHLAND INC.,3.11B,67.92,80.18,18.1%,12,57%,75%,7,12,0,E,10.3%,0.4,87,Y,43.5,15.8,0.7,--,2.45%,10.8%,24.2,--,4.0,78.9,8.7%,06/30,3k,H,value,90
MF.PA,WENDEL,3.11B,80.40,106.17,32.0%,6.0,50%,50%,6.0,6.0,0,A,16.0%,1.0,88,N,--,16.0,1.1,--,7.52%,--,--,--,8.0,113.4,-11.4%,07/30,3k,H,value,90
AMBA,"AMBARELLA, INC",3.07B,69.51,89.36,28.6%,14,67%,42%,6,14,-1,E,19.0%,2.1,72,Y,--,62.0,1.8,--,--,15.6%,55.7,--,-9.4,2.0,1.1%,07/31,3.5k,H,value,90
CIE.MC,CIE AUTOMOTIVE,3.05B,25.75,35.86,39.3%,9.0,100%,100%,9.0,9.0,-1,A,39.3%,0.9,78,N,9.0,7.7,0.3,--,3.66%,--,--,--,19.2,94.3,9.7%,07/27,4k,H,value,90
EXENS.PA,EXOSENS,3.04B,59.80,69.70,16.6%,10.0,80%,80%,10.0,10.0,+1,A,13.2%,0.8,81,Y,153.3,24.8,0.9,--,0.50%,--,--,--,12.7,59.8,1.0%,--,3k,H,value,90
HUH1V.HE,HUHTAMÄKI OYJ,3.04B,28.94,35.11,21.3%,10,80%,80%,10,10,0,A,17.1%,0.4,88,N,14.6,10.8,0.5,--,3.86%,--,112.3,--,11.4,81.7,6.6%,06/30,3k,H,value,90
JMAT.L,JOHNSON MATTHE,3.03B,2406.00,2840.72,18.1%,8.0,50%,50%,8.0,8.0,0,A,9.0%,0.9,74,N,--,10.1,0.4,--,4.31%,--,--,--,-4.2,70.3,-14.2%,--,3k,H,value,90
WIX,WIX.COM LTD.,3.02B,72.13,79.65,10.4%,22,50%,50%,14,22,-2,E,5.2%,1.0,40,N,--,10.6,0.3,0.2,--,18.9%,-12864.3,--,--,--,14.7%,06/30,2.5k,H,value,90
IMAX,IMAX CORPORATI,3.01B,54.80,56.68,3.4%,12.0,83%,83%,18.0,12.0,0,E,2.9%,0.4,95,Y,75.1,26.1,1.7,--,--,18.2%,-25.4,66.11,11.0,62.7,3.6%,06/30,2.5k,H,value,90
SPK.AX,SPARK NEW ZEAL,3.01B,1.59,2.80,75.9%,7.0,71%,71%,7.0,7.0,0,A,53.9%,0.2,74,N,7.6,13.2,0.9,--,7.61%,--,--,-16.87,30.7,119.6,32.4%,08/19,4k,H,value,90
DYN,DYNE THERAPEUT,3.01B,16.11,36.00,123.5%,17.0,90%,94%,10.0,17.0,+1,E,111.1%,1.1,59,N,--,-4.8,--,--,--,16.0%,-65.3,28.88,-81.6,33.2,-10.5%,06/30,4k,H,value,90
YETI,"YETI HOLDINGS,",2.99B,41.02,54.93,33.9%,16.0,50%,68%,10.0,16.0,+2,E,17.0%,1.7,76,N,18.0,12.2,0.5,--,--,14.5%,81.0,21.22,25.3,41.5,4.3%,06/30,3k,H,value,90
VID.MC,"VIDRALA, S.A.",2.98B,87.30,104.29,19.5%,12.0,75%,75%,12.0,12.0,+1,A,14.6%,0.8,94,Y,14.0,12.7,0.5,--,1.92%,--,--,--,12.9,27.3,2.8%,03/31,3k,H,value,90
LBRT,LIBERTY ENERGY,2.97B,18.22,28.61,57.0%,14,64%,64%,14,14,+1,A,36.5%,0.6,53,N,24.6,58.3,3.4,--,1.95%,14.7%,0.2,47.18,6.1,82.1,-10.2%,06/30,4k,H,value,90
AZE.BR,AZELIS GROUP N,2.94B,12.09,13.73,13.6%,14,57%,57%,14,14,0,A,7.7%,0.5,96,Y,25.7,14.6,0.6,--,1.88%,--,--,--,4.1,64.7,7.6%,07/30,3k,H,value,90
DAN,DANA INCORPORA,2.94B,27.31,39.00,42.8%,7.0,62%,71%,8.0,7.0,-1,E,26.8%,2.0,69,N,--,6.5,0.3,--,1.75%,6.2%,-33.3,--,-1.6,75.8,21.5%,06/30,3.5k,H,value,90
SMG,THE SCOTTS MIR,2.92B,50.11,77.00,53.7%,8.0,67%,62%,6.0,8.0,0,E,35.8%,1.8,67,N,20.0,10.6,0.5,0.7,5.33%,10.6%,168.2,--,--,--,8.5%,06/30,4k,H,value,90
RF.PA,EURAZEO SE,2.89B,45.64,71.73,57.2%,7.0,85%,85%,7.0,7.0,0,A,48.6%,1.2,73,N,--,5.3,0.3,--,6.41%,--,--,--,-1.8,26.3,-3.8%,--,4k,H,value,90
TMDX,TRANSMEDICS GR,2.88B,83.45,97.30,16.6%,12.0,75%,66%,8.0,12.0,0,E,12.4%,1.9,53,N,21.6,36.5,1.2,0.7,--,35.8%,-39.6,-27.37,36.3,167.5,1.5%,06/30,3k,H,value,90
GPI,GROUP 1 AUTOMO,2.87B,240.44,368.58,53.3%,12.0,60%,66%,10.0,12.0,-2,E,32.0%,0.8,52,N,9.9,5.5,0.2,0.3,0.91%,15.6%,686.3,--,9.5,195.7,4.7%,06/30,4k,H,value,90
WING,WINGSTOP INC.,2.87B,105.37,197.62,87.5%,28,82%,82%,28,28,-2,A,71.8%,1.8,35,N,24.1,19.7,0.8,1.2,1.25%,18.3%,9.9,-59.55,--,--,3.4%,06/30,4k,H,value,90
FOUR,SHIFT4 PAYMENT,2.86B,36.17,55.05,52.2%,24.0,77%,50%,13.0,24.0,+1,E,40.1%,1.4,45,N,56.5,5.8,0.2,0.3,--,19.1%,-21.7,--,6.5,262.3,12.4%,06/30,4k,H,value,90
ARCB,ARCBEST CORPOR,2.85B,127.44,170.92,34.1%,14,67%,57%,9,14,+2,E,22.7%,1.5,72,Y,190.2,13.3,0.5,--,0.38%,8.3%,-135.2,85.91,1.3,36.3,5.2%,06/30,3.5k,H,value,90
BTDR,BITDEER TECHNO,2.85B,10.49,21.79,107.7%,14.0,78%,92%,9.0,14.0,+3,E,83.8%,2.5,38,N,--,-28.2,--,--,--,30.0%,65.4,-41.72,-25.3,177.0,0.6%,06/30,4k,H,value,90
BRZE,"BRAZE, INC.",2.85B,25.10,37.30,48.6%,21.0,100%,100%,16.0,21.0,0,E,48.6%,0.9,67,Y,--,25.6,0.7,1.3,--,8.0%,47.6,-10.49,-18.5,16.0,6.9%,07/31,4k,H,value,90
KYIV,KYIVSTAR GROUP,2.85B,12.34,17.89,45.0%,8.0,87%,87%,8.0,8.0,-1,A,39.2%,--,75,N,17.1,0.2,0.0,1.3,--,5.2%,186.5,3.35,12.3,39.3,11.0%,06/30,4k,H,value,90
CLBT,CELLEBRITE DI ,2.83B,11.26,15.36,36.4%,8.0,100%,100%,6.0,8.0,0,E,36.4%,1.1,56,N,49.0,17.2,0.5,--,--,6.7%,-68.4,-39.14,12.4,4.3,4.4%,06/30,4k,H,value,90
TKO.PA,TIKEHAU CAPITA,2.82B,16.40,21.39,30.4%,11.0,54%,54%,11.0,11.0,0,A,16.4%,0.7,82,N,12.8,9.9,0.7,--,4.91%,--,--,--,7.4,57.0,7.7%,--,3k,H,value,90
FII.PA,LISI S.A.,2.82B,61.70,75.86,22.9%,7,85%,85%,7,7,-1,A,19.5%,1.1,85,Y,30.5,17.5,0.7,--,0.74%,--,--,--,8.7,44.8,3.2%,--,3.5k,H,value,90
ATE.PA,ALTEN S.A.,2.80B,82.00,101.50,23.8%,6.0,66%,66%,6.0,6.0,-1,A,15.7%,1.2,98,Y,27.0,9.5,0.3,--,1.85%,--,--,--,6.2,12.2,10.5%,03/31,3k,H,value,90
PENG,PENGUIN SOLUTI,2.80B,54.69,74.29,35.8%,7,78%,85%,9,7,0,E,27.9%,2.9,61,Y,38.5,16.4,0.5,--,--,19.7%,373.9,102.03,16.2,77.5,-3.8%,05/31,3.5k,H,--,30
DDR.AX,DICKER DATA LI,2.78B,15.30,15.86,3.7%,8.0,62%,62%,8.0,8.0,-1,A,2.3%,0.6,98,Y,25.9,23.1,0.7,--,3.04%,--,--,59.94,33.8,145.5,3.3%,--,2.5k,H,value,90
EFXT,ENERFLEX LTD.,2.78B,22.79,30.25,32.7%,10.0,90%,90%,10.0,10.0,+1,A,29.5%,2.0,78,Y,51.8,12.0,0.7,--,0.54%,--,-18.9,107.81,4.6,51.0,8.4%,06/30,3.5k,H,value,90
CARG,"CARGURUS, INC.",2.78B,31.16,42.00,34.8%,14.0,75%,64%,8.0,14.0,0,E,26.1%,1.2,76,N,16.1,10.3,0.7,0.7,--,17.0%,10.0,-17.02,53.5,70.0,8.7%,06/30,3.5k,H,value,90
FRPT,"FRESHPET, INC.",2.77B,57.56,84.25,46.4%,17.0,71%,76%,7.0,17.0,-1,E,33.1%,1.7,67,N,14.9,29.3,1.2,2.5,--,18.6%,-80.8,--,17.6,39.9,0.7%,06/30,4k,H,value,90
SMG.SW,SMG SWISS MARK,2.76B,28.50,41.58,45.9%,10.0,70%,70%,10.0,10.0,+1,A,32.1%,--,59,N,29.1,16.7,1.1,--,1.47%,--,--,-36.21,11.0,27.3,3.3%,08/25,4k,H,value,90
DRX.L,DRAX GROUP PLC,2.75B,815.50,923.22,13.2%,9.0,55%,55%,9.0,9.0,+2,A,7.3%,0.6,87,N,101.9,14.7,0.8,--,3.75%,--,--,--,0.8,68.8,10.0%,07/30,3k,H,value,90
SZG.DE,SALZGITTER AG,2.75B,50.85,66.90,31.6%,10.0,80%,80%,10.0,10.0,+3,A,25.3%,2.2,75,Y,48.4,6.6,0.3,--,0.40%,--,-198.3,--,1.4,51.4,-17.2%,06/30,3.5k,H,value,90
BANC,BANC OF CALIFO,2.73B,17.23,21.92,27.2%,12,83%,75%,6,12,-1,E,22.7%,1.1,79,N,--,8.1,0.5,--,2.77%,8.4%,-446.6,6.33,-0.7,--,--,06/30,3.5k,H,value,90
HOC.L,HOCHSCHILD MIN,2.73B,530.50,737.53,39.0%,11,90%,90%,11,11,+2,A,35.1%,1.0,62,N,12.1,9.1,0.4,--,1.28%,--,--,--,42.2,24.1,12.3%,08/26,4k,H,value,90
CWK.L,CRANSWICK PLC,2.73B,5100.00,6300.50,23.5%,10,100%,100%,10,10,+2,A,23.5%,0.6,88,N,17.6,15.1,0.6,2.8,2.22%,--,--,--,15.2,23.3,1.9%,--,3.5k,H,value,90
DIA.MC,DISTRIBUIDORA ,2.72B,47.25,49.78,5.4%,6,100%,100%,6,6,0,A,5.4%,0.7,97,Y,24.7,20.4,0.9,--,--,--,--,--,141.3,571.2,7.1%,07/30,2.5k,H,value,90
AVAH,AVEANNA HEALTH,2.71B,12.41,14.60,17.6%,11.0,56%,72%,9.0,11.0,0,E,9.8%,2.0,84,Y,9.8,13.7,0.5,--,--,6.1%,186.5,38.2,198.6,522.7,3.8%,06/30,3k,H,value,90
LOV.AX,LOVISA HOLDING,2.71B,24.45,28.77,17.7%,16.0,50%,50%,16.0,16.0,0,A,8.8%,1.1,62,N,28.4,19.7,0.8,--,3.51%,--,--,-31.55,122.2,649.0,5.6%,08/26,3k,H,value,90
SZU.DE,SÜDZUCKER AG,2.69B,13.18,12.38,-6.1%,6,33%,33%,6,6,0,A,-2.0%,-0.2,97,Y,--,16.9,0.7,--,1.69%,--,120.0,--,-8.6,58.9,10.3%,05/31,2.5k,H,--,30
WAF.DE,SILTRONIC AG,2.68B,81.30,96.00,18.1%,10.0,50%,50%,10.0,10.0,+3,A,9.0%,1.5,75,Y,--,-21.7,--,--,0.22%,--,-553.0,--,-10.4,66.4,-1.1%,06/30,3k,H,value,90
ENT.L,ENTAIN PLC,2.67B,417.10,936.10,124.4%,19.0,89%,89%,19.0,19.0,0,A,110.7%,0.8,47,N,--,6.5,0.3,--,4.85%,--,--,--,-38.9,335.2,-9.3%,08/13,4k,H,value,90
FUL,H.B. FULLER CO,2.66B,49.47,68.29,38.0%,7.0,88%,85%,8.0,7.0,0,E,33.3%,1.0,72,N,13.8,9.5,0.4,--,1.98%,7.4%,1.0,-14.28,9.6,100.9,5.7%,05/31,4k,H,value,90
BB.PA,SOCIÉTÉ BIC SA,2.65B,65.60,68.47,4.4%,6.0,50%,50%,6.0,6.0,0,A,2.2%,-0.0,94,Y,22.7,12.7,0.5,--,3.63%,--,--,--,6.9,19.4,9.4%,07/29,2.5k,H,value,90
CSQR,"CSQUARE, INC.",2.63B,15.81,28.50,80.3%,10.0,88%,90%,8.0,10.0,--,E,70.2%,--,67,N,--,-15.6,--,--,--,--,-39.8,-23.51,--,--,--,06/30,4k,H,value,90
VIRP.PA,VIRBAC SA,2.61B,311.50,412.75,32.5%,8.0,87%,87%,8.0,8.0,+1,A,28.3%,0.8,80,N,16.8,13.5,0.5,--,0.47%,--,--,--,13.6,29.7,5.3%,09/17,3.5k,H,value,90
NEU.AX,NEUREN PHARMAC,2.59B,20.40,26.03,27.6%,6.0,100%,100%,6.0,6.0,0,A,27.6%,1.6,86,Y,136.0,34.2,1.1,--,1.47%,--,--,3.42,6.2,--,-0.5%,--,3.5k,H,value,90
JET2.L,JET2 PLC,2.59B,1437.00,1636.40,13.9%,15,53%,53%,15,15,+1,A,7.4%,1.2,89,Y,6.9,7.5,0.3,--,1.18%,--,--,--,22.4,62.1,-10.4%,--,3k,H,value,90
HILS.L,HILL & SMITH P,2.58B,3320.00,3342.67,0.7%,9,77%,77%,9,9,+1,A,0.5%,1.3,100,Y,36.5,21.3,0.8,--,1.63%,--,--,--,15.0,41.0,3.3%,08/12,2.5k,H,value,90
NESR,NATIONAL ENERG,2.57B,25.47,43.14,69.4%,7,100%,100%,7,7,0,E,69.4%,0.4,69,Y,27.7,9.6,0.6,--,--,4.8%,148.2,145.14,9.4,29.3,5.4%,06/30,4k,H,value,90
ACHC,ACADIA HEALTHC,2.56B,27.50,33.79,22.9%,14.0,71%,57%,7.0,14.0,0,E,16.3%,0.6,77,Y,--,14.9,0.5,--,--,35.5%,-69.9,12.02,-41.4,118.1,-4.1%,06/30,3k,H,value,90
INCH.L,INCHCAPE PLC,2.55B,748.00,1031.33,37.9%,9.0,66%,66%,9.0,9.0,0,A,25.0%,1.0,84,N,11.9,7.4,0.3,--,4.50%,--,--,--,19.4,272.8,18.4%,--,3.5k,H,value,90
PAF.L,PAN AFRICAN RE,2.55B,119.60,161.14,34.7%,7,100%,100%,7,7,+2,A,34.7%,0.7,64,N,9.2,6.3,0.3,--,2.99%,--,--,--,45.1,5.8,12.9%,09/16,4k,H,value,90
CLDX,CELLDEX THERAP,2.55B,32.41,63.07,94.6%,15.0,100%,93%,13.0,15.0,-1,E,94.6%,0.8,72,Y,--,-7.6,--,--,--,13.5%,-9.6,--,-43.9,0.7,-5.2%,06/30,4k,H,value,90
HCM,HUTCHMED (CHIN,2.54B,14.63,22.01,50.4%,13.0,84%,84%,13.0,13.0,+1,A,42.3%,0.4,89,Y,146.3,56.4,1.9,--,--,0.2%,--,-8.33,1.5,7.4,-0.7%,07/30,4k,H,value,90
FIVN,"FIVE9, INC.",2.54B,34.01,35.80,5.3%,21.0,71%,71%,14.0,21.0,0,E,3.8%,1.5,85,Y,50.0,8.9,0.3,0.3,--,11.8%,-81.3,--,7.9,107.4,10.2%,06/30,2.5k,H,value,90
ILU.AX,ILUKA RESOURCE,2.53B,5.86,8.07,37.8%,10.0,70%,70%,10.0,10.0,0,A,26.5%,0.8,62,N,--,-24.5,--,--,1.00%,--,--,-7.9,-18.0,63.0,-16.3%,08/19,3.5k,H,value,90
SHC.L,SHAFTESBURY CA,2.53B,138.40,172.27,24.5%,11.0,72%,72%,11.0,11.0,+2,A,17.6%,1.0,89,N,6.6,25.8,0.9,--,3.12%,--,--,--,9.7,20.3,1.0%,07/29,3k,H,value,90
PRVA,PRIVIA HEALTH ,2.52B,19.69,31.47,59.8%,18.0,94%,94%,18.0,18.0,-1,A,56.2%,0.9,68,N,89.5,18.6,0.6,--,--,5.7%,31.9,--,4.3,1.0,3.8%,06/30,4k,H,value,90
SHAK,SHAKE SHACK IN,2.51B,58.68,81.38,38.7%,28,62%,53%,8,28,0,E,24.2%,1.7,55,N,61.8,41.4,1.7,3.0,--,11.0%,25.4,--,7.9,166.6,-1.7%,06/30,3.5k,H,value,90
OUT1V.HE,OUTOKUMPU OYJ,2.50B,5.30,5.97,12.6%,12.0,50%,50%,12.0,12.0,+2,A,6.3%,1.5,85,Y,--,10.7,0.5,--,2.65%,--,231.6,--,-2.4,17.3,2.3%,06/30,3k,H,value,90
FRME,FIRST MERCHANT,2.50B,39.78,48.00,20.7%,6,66%,66%,6,6,0,A,13.6%,0.8,88,N,12.8,8.9,0.6,--,3.72%,4.3%,-50.5,9.24,7.4,--,--,06/30,3k,H,value,90
HICL.L,HICL INFRASTRU,2.49B,134.20,150.00,11.8%,7,71%,71%,7,7,+1,A,8.4%,--,95,Y,9.6,12.4,0.6,--,--,--,--,--,--,--,--,--,3k,H,value,90
QQ.L,QINETIQ GROUP ,2.49B,489.00,563.50,15.2%,12,75%,75%,12,12,+1,A,11.4%,0.3,85,Y,24.4,12.9,0.5,1.6,2.28%,--,--,--,18.2,76.7,6.1%,--,3k,H,value,90
BWY.L,BELLWAY P.L.C.,2.47B,2212.00,2345.83,6.1%,18.0,61%,61%,18.0,18.0,0,A,3.7%,1.4,77,Y,16.8,13.6,0.6,1.4,3.21%,--,--,--,4.5,5.4,4.3%,--,2.5k,H,value,90
TRI.PA,TRIGANO S.A.,2.46B,129.10,179.88,39.3%,8.0,100%,100%,8.0,8.0,0,A,39.3%,1.1,72,N,10.1,8.1,0.3,--,3.48%,--,--,--,12.3,9.0,19.4%,--,4k,H,value,90
NRIX,NURIX THERAPEU,2.46B,23.71,33.93,43.1%,14,100%,92%,19,14,-2,E,43.1%,1.8,84,Y,--,-22.3,--,--,--,17.5%,-3.6,152.23,-80.3,14.4,-6.7%,05/31,4k,H,--,30
SRP.L,SERCO GROUP PL,2.46B,255.20,313.75,22.9%,12,66%,66%,12,12,+1,A,15.1%,0.5,78,N,17.0,12.5,0.5,--,1.85%,--,--,--,17.6,104.2,14.7%,08/06,3k,H,value,90
JUN3.DE,JUNGHEINRICH A,2.43B,23.84,35.45,48.7%,11.0,72%,72%,11.0,11.0,0,A,35.1%,1.8,62,N,64.4,7.9,0.3,--,1.22%,--,1.7,--,1.5,130.0,26.2%,06/30,4k,H,value,90
QLT.L,QUILTER PLC,2.42B,179.80,219.47,22.1%,16.0,62%,62%,16.0,16.0,+2,A,13.7%,0.8,86,N,20.0,12.5,0.8,0.8,3.61%,--,--,--,8.6,19.5,-68.1%,08/06,3k,H,value,90
VIS.MC,"VISCOFAN, S.A.",2.41B,53.20,69.28,30.2%,10.0,70%,70%,10.0,10.0,-2,A,21.2%,0.1,85,N,15.0,13.9,0.6,--,6.10%,--,-2.0,--,17.5,41.0,3.8%,06/30,3.5k,H,value,90
JEN.DE,JENOPTIK AG,2.40B,41.98,48.06,14.5%,9.0,77%,77%,9.0,9.0,+1,A,11.1%,1.2,87,Y,27.8,17.4,0.5,--,0.97%,--,7.1,--,8.8,42.4,3.9%,06/30,3k,H,value,90
PHP.L,PRIMARY HEALTH,2.38B,91.70,114.67,25.0%,9.0,88%,88%,9.0,9.0,0,A,22.0%,0.8,84,N,15.3,12.0,0.4,--,7.98%,--,--,--,8.1,131.4,7.6%,07/30,3.5k,H,value,90
BGL.AX,BELLEVUE GOLD ,2.38B,1.59,1.86,16.7%,9,100%,100%,9,9,+2,A,16.7%,1.6,80,Y,Infinity,9.3,0.4,--,--,--,--,35.74,0.9,40.3,2.0%,09/22,3k,H,value,90
RENE.LS,REN - REDES EN,2.36B,3.56,3.73,5.0%,9.0,55%,55%,9.0,9.0,0,A,2.8%,0.2,90,N,11.8,14.7,0.8,--,4.49%,--,49.7,--,12.4,154.4,0.6%,06/30,2.5k,H,value,90
BKV,BKV CORPORATIO,2.34B,21.34,34.00,59.3%,11.0,100%,100%,7.0,11.0,0,E,59.3%,1.1,65,N,7.6,11.0,0.7,--,--,23.4%,-1.4,-10.26,14.1,53.3,-29.9%,06/30,4k,H,value,90
SKWD,SKYWARD SPECIA,2.34B,52.80,70.55,33.6%,13.0,88%,69%,8.0,13.0,0,E,29.4%,0.3,80,Y,12.3,9.6,0.6,--,--,5.2%,6.8,17.65,17.3,34.5,-25.3%,06/30,3.5k,H,value,90
VRDN,VIRIDIAN THERA,2.33B,20.59,36.75,78.5%,17,100%,100%,7,17,0,E,78.5%,1.0,60,N,--,-7.5,--,--,--,17.8%,-267.4,-3.2,-65.7,37.0,-11.8%,06/30,4k,H,value,90
VERA,VERA THERAPEUT,2.33B,32.29,77.50,140.0%,14.0,67%,92%,9.0,14.0,0,E,93.3%,1.0,58,N,--,-7.6,--,--,--,26.9%,-36.3,12.16,-91.8,18.9,-9.2%,06/30,4k,H,value,90
KWS.DE,KWS SAAT SE & ,2.32B,70.30,83.80,19.2%,6,66%,66%,6,6,0,A,12.7%,0.3,87,N,14.6,11.8,0.5,--,1.78%,--,-10.6,--,9.5,26.4,6.5%,03/31,3k,H,value,90
ICHR,ICHOR HOLDINGS,2.32B,61.86,95.86,55.0%,7.0,83%,85%,6.0,7.0,0,E,45.8%,1.8,54,Y,--,18.9,0.6,0.2,--,8.8%,104.4,212.27,-5.2,17.8,0.4%,06/30,4k,H,value,90
SDGR,"SCHRÖDINGER, I",2.32B,31.05,21.43,-31.0%,7.0,71%,71%,7.0,7.0,-1,A,-22.0%,1.7,96,Y,--,-23.0,--,--,--,26.6%,118.2,46.39,-16.2,32.8,-1.3%,06/30,2.5k,H,value,90
VC,VISTEON CORPOR,2.31B,86.68,129.00,48.8%,11.0,83%,63%,6.0,11.0,-2,E,40.7%,1.3,68,N,16.7,8.3,0.3,--,1.73%,17.8%,-14.0,--,9.5,25.7,8.8%,06/30,4k,H,value,90
RH,RH,2.31B,121.75,165.82,36.2%,19.0,54%,31%,13.0,19.0,-1,E,19.5%,1.9,51,N,21.5,14.3,0.6,0.6,--,53.4%,65.9,--,280.7,3413.9,11.4%,07/31,3.5k,H,value,90
HVPE.L,HARBOURVEST GL,2.30B,3315.00,3537.17,6.7%,6.0,50%,50%,6.0,6.0,0,A,3.4%,0.4,95,Y,9.6,8.0,0.5,--,--,--,--,--,8.0,13.4,9.0%,--,2.5k,H,value,90
AERO,GRUPO AEROMEXI,2.30B,15.79,26.82,69.9%,9.0,88%,88%,9.0,9.0,0,A,61.5%,--,69,N,1.1,8.4,0.3,--,--,0.8%,-159.5,-22.41,--,--,25.9%,06/30,4k,H,value,90
EVT.AX,EVT LIMITED,2.30B,14.12,16.00,13.3%,6.0,83%,83%,6.0,6.0,-1,A,11.1%,0.5,87,Y,45.5,30.5,2.0,--,2.88%,--,--,10.38,5.4,151.0,4.2%,08/24,3k,H,value,90
ALM.MC,"ALMIRALL, S.A.",2.30B,10.56,14.32,35.7%,12.0,83%,83%,12.0,12.0,+2,A,29.6%,0.2,76,N,37.7,19.6,0.7,--,1.81%,--,93.7,--,4.0,23.8,3.3%,06/30,3.5k,H,value,90
MEL.MC,MELIÁ HOTELS I,2.28B,10.37,11.36,9.6%,11.0,54%,54%,11.0,11.0,-1,A,5.2%,0.7,83,Y,14.2,12.6,0.5,--,1.72%,--,-4.7,--,17.1,195.1,8.3%,06/30,2.5k,H,value,90
LUNR,INTUITIVE MACH,2.28B,14.24,29.50,107.2%,9,88%,88%,9,9,+1,A,94.3%,1.9,30,N,--,-91.9,--,--,--,27.7%,-578.8,34.21,-30.8,52.8,-3.5%,06/30,4k,H,value,90
KLR.L,KELLER GROUP P,2.25B,3340.00,3422.14,2.5%,7.0,85%,85%,7.0,7.0,+1,A,2.1%,1.0,95,Y,15.1,12.5,0.5,--,2.41%,--,--,--,25.3,47.8,8.4%,08/04,2.5k,H,--,30
THEON.AS,THEON INTERNAT,2.23B,28.76,39.41,37.0%,9,88%,88%,9,9,0,A,32.6%,0.9,73,N,17.3,16.5,0.6,--,1.07%,--,--,--,34.4,72.6,0.3%,09/07,4k,H,value,90
PHVS,PHARVARIS N.V.,2.23B,31.72,57.63,81.7%,14.0,100%,92%,13.0,14.0,+1,E,81.7%,-2.3,73,Y,--,-10.3,--,--,--,3.1%,-28.8,31.84,-70.5,0.2,-4.1%,06/30,4k,H,value,90
HDN.AX,HOMECO DAILY N,2.23B,1.07,1.34,25.2%,12,75%,75%,12,12,+1,A,18.9%,0.8,75,N,6.3,11.6,0.4,--,7.96%,--,--,-15.51,11.4,58.0,6.5%,08/13,3.5k,H,value,90
MLYS,MINERALYS THER,2.22B,25.13,48.50,93.0%,10.0,90%,90%,10.0,10.0,0,A,83.7%,0.7,53,N,--,-10.1,--,--,--,12.4%,-552.7,-36.88,-80.9,17.7,-9.2%,06/30,4k,H,value,90
UPST,UPSTART HOLDIN,2.20B,22.99,40.00,74.0%,15.0,78%,46%,9.0,15.0,-1,E,57.5%,2.2,42,N,44.2,6.6,0.4,--,--,32.5%,-48.0,-55.9,7.9,258.0,-6.0%,06/30,4k,H,value,90
PBH,PRESTIGE CONSU,2.17B,45.87,67.80,47.8%,7.0,71%,71%,7.0,7.0,0,A,33.9%,0.3,65,N,12.8,9.0,0.3,1.5,--,12.2%,-30.9,-27.6,9.1,107.9,6.8%,06/30,4k,H,value,90
TMC,TMC THE METALS,2.17B,3.84,10.90,183.9%,6,100%,100%,6,6,0,A,183.9%,2.1,34,N,--,-16.0,--,--,--,10.3%,67.4,-44.67,-1123.2,--,1.0%,06/30,4k,H,value,90
PDFS,"PDF SOLUTIONS,",2.16B,51.05,61.50,20.5%,8,88%,87%,8,8,+3,E,17.9%,1.6,71,Y,204.2,30.9,0.9,--,--,9.9%,230.1,94.7,3.3,19.2,-0.6%,06/30,3k,H,value,90
PNN.L,PENNON GROUP P,2.16B,458.00,576.23,25.8%,13,61%,61%,13,13,0,A,15.7%,0.6,76,N,24.1,13.7,0.8,--,6.63%,--,--,--,6.5,347.1,-15.8%,--,3k,H,value,90
HTWS.L,HELIOS TOWERS ,2.15B,212.80,289.43,36.0%,7.0,100%,100%,7.0,7.0,0,A,36.0%,1.1,86,Y,106.4,18.7,1.2,--,0.56%,--,--,--,32.9,2718.2,8.2%,03/17,4k,H,value,90
MFEB.MI,MFE-MEDIAFOREU,2.14B,3.05,3.99,30.5%,7,71%,71%,7,7,0,A,21.7%,1.1,70,N,16.1,5.8,0.4,--,7.11%,--,-82.6,--,5.6,88.6,18.8%,06/30,3.5k,H,value,90
BCRX,BIOCRYST PHARM,2.13B,8.33,20.73,148.8%,11.0,75%,81%,8.0,11.0,-1,E,111.6%,0.6,74,N,--,8.9,0.3,--,--,13.8%,507.8,13.03,--,--,15.2%,06/30,4k,H,value,90
TWEKA.AS,TKH GROUP N.V.,2.13B,53.45,62.79,17.5%,7.0,100%,100%,7.0,7.0,+1,A,17.5%,1.0,97,Y,16.7,14.1,0.4,--,2.48%,--,--,--,15.0,79.0,4.6%,08/11,3k,H,value,90
STUB,STUBHUB HOLDIN,2.13B,5.58,11.12,99.4%,14,83%,57%,6,14,+1,E,82.8%,--,26,N,--,9.2,0.6,--,--,9.8%,101.1,-67.39,-102.9,67.2,51.2%,06/30,4k,H,value,90
VU.PA,VUSION S.A.,2.13B,127.80,203.33,59.1%,6.0,100%,100%,6.0,6.0,0,A,59.1%,0.6,49,N,8.1,11.3,0.3,--,0.69%,--,--,--,76.7,9.8,-24.9%,03/31,4k,H,value,90
FLYW,FLYWIRE CORPOR,2.13B,17.50,21.15,20.9%,14,56%,57%,9,14,-1,E,11.6%,1.3,89,Y,64.8,13.0,0.4,--,--,10.0%,-127.5,29.92,4.2,0.2,7.9%,06/30,3k,H,value,90
ONT.L,OXFORD NANOPOR,2.12B,217.60,201.18,-7.5%,12.0,83%,83%,12.0,12.0,+1,A,-6.3%,1.0,108,Y,--,-30.1,--,--,--,--,--,--,-25.6,9.9,-2.3%,08/19,2.5k,H,value,90
EXA.PA,EXAIL TECHNOLO,2.12B,125.10,138.12,10.4%,8,25%,25%,8,8,-5,A,2.6%,1.1,79,Y,695.0,32.0,1.2,--,--,--,--,--,1.7,73.8,2.0%,--,2.5k,H,--,30
TEG.DE,TAG IMMOBILIEN,2.11B,11.08,17.50,57.9%,10,100%,100%,10,10,+1,A,57.9%,1.4,66,N,61.6,8.8,0.3,--,3.53%,--,-49.8,--,1.6,124.2,4.3%,06/30,4k,H,value,90
GRE.MC,GRENERGY RENOV,2.11B,75.20,126.57,68.3%,12.0,91%,91%,12.0,12.0,+1,A,62.2%,1.3,55,N,16.7,14.4,0.5,--,--,--,--,--,27.7,292.0,-21.9%,--,4k,H,value,90
CAN.L,CANAL+ SA,2.11B,214.80,351.11,63.5%,9.0,77%,77%,9.0,9.0,0,A,48.9%,--,66,N,--,6.4,0.4,--,0.84%,--,--,--,1.1,92.4,46.5%,07/28,4k,H,value,90
FLT.AX,FLIGHT CENTRE ,2.09B,10.27,14.26,38.8%,15.0,73%,73%,15.0,15.0,-3,A,28.3%,0.6,62,N,14.9,8.3,0.3,--,4.06%,--,--,-6.96,12.9,112.3,6.3%,08/26,3.5k,H,value,90
RLX,RLX TECHNOLOGY,2.08B,1.70,2.78,63.3%,6,83%,83%,6,6,+1,A,52.6%,1.2,63,N,15.5,10.4,0.4,--,5.88%,2.2%,7.2,-35.61,6.3,1.6,-29.9%,06/30,4k,H,value,90
NKTR,NEKTAR THERAPE,2.07B,60.55,141.40,133.5%,12.0,83%,83%,6.0,12.0,+1,E,111.3%,1.2,56,N,--,-5.9,--,--,--,18.5%,-14.4,2.89,-35.8,15.1,-6.5%,06/30,4k,H,value,90
IDL.PA,ID LOGISTICS G,2.07B,316.50,505.33,59.7%,6,100%,100%,6,6,0,A,59.7%,1.0,72,N,33.0,22.8,0.8,--,--,--,--,--,10.5,267.1,18.6%,08/26,4k,H,value,90
ALGT,ALLEGIANT TRAV,2.07B,75.79,124.93,64.8%,14.0,55%,78%,11.0,14.0,+4,E,35.4%,1.5,61,N,65.3,7.0,0.3,--,--,10.3%,88.8,27.44,1.8,160.5,9.4%,06/30,4k,H,value,90
TRVI,TREVI THERAPEU,2.04B,14.32,28.18,96.8%,10.0,100%,100%,6.0,10.0,-1,E,96.8%,1.0,71,Y,--,-24.8,--,--,--,9.4%,-50.8,52.34,-19.7,0.2,-1.6%,06/30,4k,H,value,90
VGP.BR,VGP NV,2.04B,67.10,100.38,49.6%,8.0,75%,75%,8.0,8.0,+1,A,37.2%,1.4,60,N,8.1,16.2,0.6,--,4.93%,--,--,--,8.6,92.2,11.5%,08/20,4k,H,value,90
CC,THE CHEMOURS C,2.04B,13.57,18.56,36.7%,9.0,71%,44%,7.0,9.0,-1,E,26.2%,1.4,47,N,--,7.0,0.3,--,2.52%,14.6%,-556.7,--,-319.4,--,14.8%,06/30,3.5k,H,value,90
CARM.PA,CARMILA S.A.,2.03B,14.62,20.60,40.9%,6,83%,83%,6,6,0,A,33.9%,0.7,78,N,6.9,7.5,0.3,--,9.21%,--,--,--,8.7,81.6,9.0%,--,4k,H,value,90
TAH.AX,TABCORP HOLDIN,2.03B,0.89,1.01,14.2%,12,50%,50%,12,12,-1,A,7.1%,0.4,74,N,44.2,20.0,0.8,--,3.35%,--,--,-10.54,3.7,66.0,8.0%,08/26,3k,H,value,90
GNC.L,GREENCORE GROU,2.03B,254.00,325.12,28.0%,9,77%,77%,9,9,0,A,21.6%,0.8,83,Y,127.0,10.8,0.5,--,1.06%,--,--,--,0.3,80.0,6.6%,--,3.5k,H,value,90
SBET,"SHARPLINK, INC",2.02B,9.28,16.62,79.1%,8.0,100%,100%,6.0,8.0,0,E,79.1%,10.6,47,Y,--,77.3,5.1,--,--,14.1%,-478.2,-46.57,-183.6,--,-46.3%,06/30,4k,H,value,90
TRE.MC,TÉCNICAS REUNI,2.01B,25.86,39.58,53.1%,9.0,77%,77%,9.0,9.0,+1,A,40.9%,1.2,67,N,13.0,8.0,0.3,--,--,--,-8.8,--,28.4,182.0,3.9%,06/30,4k,H,value,90
HMSO.L,HAMMERSON PLC,2.01B,344.80,391.14,13.4%,14.0,50%,50%,14.0,14.0,-1,A,6.7%,1.8,88,N,8.6,13.8,0.5,--,5.33%,--,--,--,10.6,86.4,0.5%,07/30,3k,H,value,90
VET,VERMILION ENER,1.74B,11.39,--,--,11.0,45%,45%,11.0,11.0,+1,A,--,0.5,77,Y,--,15.0,0.9,--,3.43%,--,2919.4,--,-18.5,63.0,50.1%,06/30,2.5k,H,--,30
ADE.DE,BITCOIN GROUP ,142M,28.48,--,--,--,--,--,--,--,--,,--,0.8,66,Y,--,42.5,2.8,--,0.36%,--,--,--,-0.5,1.9,-2.9%,--,--,H,--,30
GOLD,GOLD DEC 26,--,4193.10,--,--,--,--,--,--,--,--,,--,--,75,N,--,--,--,--,--,--,--,67.3,--,--,--,--,--,H,--,30
