{"optimized_ticker_info:OIL": {"timestamp": 1743945273.919422, "last_access": 1743945273.919422, "expiry": 3600, "size": 478}, "optimized_ticker_info:AAPL": {"timestamp": 1743945274.6784918, "last_access": 1743945274.6784918, "expiry": 3600, "size": 652}, "optimized_ticker_info:META": {"timestamp": 1743945275.5968451, "last_access": 1743945275.5968451, "expiry": 3600, "size": 692}, "optimized_ticker_info:MSFT": {"timestamp": 1743945276.377304, "last_access": 1743945276.377304, "expiry": 3600, "size": 676}, "optimized_ticker_info:AMZN": {"timestamp": 1743945277.094524, "last_access": 1743945277.094524, "expiry": 3600, "size": 662}, "optimized_ticker_info:BAC": {"timestamp": 1743945277.780374, "last_access": 1743945277.780374, "expiry": 3600, "size": 685}, "optimized_ticker_info:DIS": {"timestamp": 1743945278.5008671, "last_access": 1743945278.5008671, "expiry": 3600, "size": 682}, "optimized_ticker_info:PFE": {"timestamp": 1743945279.183651, "last_access": 1743945279.183651, "expiry": 3600, "size": 660}, "optimized_ticker_info:UNH": {"timestamp": 1743945279.877871, "last_access": 1743945279.877871, "expiry": 3600, "size": 682}, "optimized_ticker_info:MA": {"timestamp": 1743945280.5545092, "last_access": 1743945280.5545092, "expiry": 3600, "size": 673}, "optimized_ticker_info:ADSK": {"timestamp": 1743945281.29716, "last_access": 1743945281.29716, "expiry": 3600, "size": 656}, "optimized_ticker_info:NVDA": {"timestamp": 1743945282.018301, "last_access": 1743945282.018301, "expiry": 3600, "size": 659}, "optimized_ticker_info:1810.HK": {"timestamp": 1743945282.623521, "last_access": 1743945282.623521, "expiry": 3600, "size": 622}, "optimized_ticker_info:IFX.DE": {"timestamp": 1743945283.2278988, "last_access": 1743945283.2278988, "expiry": 3600, "size": 652}, "optimized_ticker_info:AC.PA": {"timestamp": 1743945283.7832909, "last_access": 1743945283.7832909, "expiry": 3600, "size": 630}, "optimized_ticker_info:ISP.MI": {"timestamp": 1743945284.371885, "last_access": 1743945284.371885, "expiry": 3600, "size": 656}, "optimized_ticker_info:FCC.MC": {"timestamp": 1743945284.96385, "last_access": 1743945284.96385, "expiry": 3600, "size": 650}, "optimized_ticker_info:SCYR.MC": {"timestamp": 1743945285.61829, "last_access": 1743945285.61829, "expiry": 3600, "size": 629}, "optimized_ticker_info:LOW": {"timestamp": 1743945286.2980149, "last_access": 1743945286.2980149, "expiry": 3600, "size": 675}, "optimized_ticker_info:MET": {"timestamp": 1743945287.0417678, "last_access": 1743945287.0417678, "expiry": 3600, "size": 662}, "optimized_ticker_info:COP": {"timestamp": 1743945287.7354429, "last_access": 1743945287.7354429, "expiry": 3600, "size": 647}, "optimized_ticker_info:CI": {"timestamp": 1743945288.423722, "last_access": 1743945288.423722, "expiry": 3600, "size": 654}, "optimized_ticker_info:LLY": {"timestamp": 1743945289.139477, "last_access": 1743945289.139477, "expiry": 3600, "size": 673}, "optimized_ticker_info:SPGI": {"timestamp": 1743945289.877974, "last_access": 1743945289.877974, "expiry": 3600, "size": 682}, "optimized_ticker_info:FI": {"timestamp": 1743945293.612347, "last_access": 1743945293.612347, "expiry": 3600, "size": 656}, "optimized_ticker_info:PRU.L": {"timestamp": 1743945294.148021, "last_access": 1743945294.148021, "expiry": 3600, "size": 658}, "optimized_ticker_info:CRH.L": {"timestamp": 1743945294.766303, "last_access": 1743945294.766303, "expiry": 3600, "size": 631}, "optimized_ticker_info:FLTR.L": {"timestamp": 1743945295.368374, "last_access": 1743945295.368374, "expiry": 3600, "size": 651}, "optimized_ticker_info:SWR.L": {"timestamp": 1743945296.3494442, "last_access": 1743945296.3494442, "expiry": 3600, "size": 653}, "optimized_ticker_info:DSV.CO": {"timestamp": 1743945297.0196211, "last_access": 1743945297.0196211, "expiry": 3600, "size": 639}, "optimized_ticker_info:0992.HK": {"timestamp": 1743945297.607849, "last_access": 1743945297.607849, "expiry": 3600, "size": 641}, "optimized_ticker_info:2318.HK": {"timestamp": 1743945298.242882, "last_access": 1743945298.242882, "expiry": 3600, "size": 682}, "optimized_ticker_info:2899.HK": {"timestamp": 1743945298.894094, "last_access": 1743945298.894094, "expiry": 3600, "size": 642}, "optimized_ticker_info:2883.HK": {"timestamp": 1743945299.492275, "last_access": 1743945299.492275, "expiry": 3600, "size": 661}, "optimized_ticker_info:1299.HK": {"timestamp": 1743945300.046256, "last_access": 1743945300.046256, "expiry": 3600, "size": 628}, "optimized_ticker_info:0390.HK": {"timestamp": 1743945300.638518, "last_access": 1743945300.638518, "expiry": 3600, "size": 642}, "optimized_ticker_info:2338.HK": {"timestamp": 1743945301.224651, "last_access": 1743945301.224651, "expiry": 3600, "size": 656}, "optimized_ticker_info:0700.HK": {"timestamp": 1743945301.812403, "last_access": 1743945301.812403, "expiry": 3600, "size": 655}, "optimized_ticker_info:1109.HK": {"timestamp": 1743945302.3718112, "last_access": 1743945302.3718112, "expiry": 3600, "size": 657}, "optimized_ticker_info:0001.HK": {"timestamp": 1743945303.1114619, "last_access": 1743945303.1114619, "expiry": 3600, "size": 657}, "optimized_ticker_info:0027.HK": {"timestamp": 1743945303.7102232, "last_access": 1743945303.7102232, "expiry": 3600, "size": 657}, "optimized_ticker_info:0257.HK": {"timestamp": 1743945304.2603211, "last_access": 1743945304.2603211, "expiry": 3600, "size": 646}, "optimized_ticker_info:0285.HK": {"timestamp": 1743945304.86361, "last_access": 1743945304.86361, "expiry": 3600, "size": 643}, "optimized_ticker_info:1114.HK": {"timestamp": 1743945305.3701582, "last_access": 1743945305.3701582, "expiry": 3600, "size": 654}, "optimized_ticker_info:1928.HK": {"timestamp": 1743945305.859835, "last_access": 1743945305.859835, "expiry": 3600, "size": 653}, "optimized_ticker_info:2018.HK": {"timestamp": 1743945306.35289, "last_access": 1743945306.35289, "expiry": 3600, "size": 673}, "optimized_ticker_info:2313.HK": {"timestamp": 1743945306.847852, "last_access": 1743945306.847852, "expiry": 3600, "size": 694}, "optimized_ticker_info:2382.HK": {"timestamp": 1743945307.3381708, "last_access": 1743945307.3381708, "expiry": 3600, "size": 686}, "optimized_ticker_info:2386.HK": {"timestamp": 1743945307.830542, "last_access": 1743945307.830542, "expiry": 3600, "size": 667}, "optimized_ticker_info:AVGO": {"timestamp": 1743945332.591542, "last_access": 1743945332.591542, "expiry": 3600, "size": 654}, "optimized_ticker_info:CIE.MC": {"timestamp": 1743945333.195946, "last_access": 1743945333.195946, "expiry": 3600, "size": 646}, "optimized_ticker_info:PIRC.MI": {"timestamp": 1743945333.796045, "last_access": 1743945333.796045, "expiry": 3600, "size": 640}, "optimized_ticker_info:TSM": {"timestamp": 1743945334.496813, "last_access": 1743945334.496813, "expiry": 3600, "size": 680}, "optimized_ticker_info:HABA.DE": {"timestamp": 1743945335.146679, "last_access": 1743945335.146679, "expiry": 3600, "size": 632}, "optimized_ticker_info:COA.L": {"timestamp": 1743945335.685607, "last_access": 1743945335.685607, "expiry": 3600, "size": 650}, "optimized_ticker_info:GFT.DE": {"timestamp": 1743945336.29163, "last_access": 1743945336.29163, "expiry": 3600, "size": 640}, "optimized_ticker_info:INDV.L": {"timestamp": 1743945336.964378, "last_access": 1743945336.964378, "expiry": 3600, "size": 643}, "optimized_ticker_info:DMP.DE": {"timestamp": 1743945337.563065, "last_access": 1743945337.563065, "expiry": 3600, "size": 665}, "optimized_ticker_info:DEZ.DE": {"timestamp": 1743945338.058937, "last_access": 1743945338.058937, "expiry": 3600, "size": 655}, "optimized_ticker_info:IWG.L": {"timestamp": 1743945338.557119, "last_access": 1743945338.557119, "expiry": 3600, "size": 651}, "optimized_ticker_info:GTT.PA": {"timestamp": 1743945339.0694752, "last_access": 1743945339.0694752, "expiry": 3600, "size": 652}, "optimized_ticker_info:STM.DE": {"timestamp": 1743945339.775844, "last_access": 1743945339.775844, "expiry": 3600, "size": 642},